
========================================================================
# ldap_management_points_raw
========================================================================
INFO     time=2026-08-01 23:07:18, msg=[mayyhem.com][LDAP] Searching for mSSMSManagementPoint objects in System Management container...
VERBOSE  time=2026-08-01 23:07:18, msg=LDAP search: base=CN=System Management,CN=System,DC=mayyhem,DC=com filter=(objectClass=mSSMSManagementPoint)
VERBOSE  time=2026-08-01 23:07:18, msg=LDAP search complete: entries=1 pages=1
INFO     time=2026-08-01 23:07:18, msg=[mayyhem.com][LDAP] Found 1 mSSMSManagementPoint objects
VERBOSE  time=2026-08-01 23:07:18, msg=LDAP search: base=DC=MAYYHEM,DC=COM filter=(|(cn=ps1-mp.mayyhem.com)(sAMAccountName=ps1-mp.mayyhem.com)(sAMAccountName=ps1-mp.mayyhem.com$)(dNSHostName=ps1-mp.mayyhem.com)(dNSHostName=ps1-mp.mayyhem.com.*)(userPrincipalName=ps1-mp.mayyhem.com)(objectSid=ps1-mp.mayyhem.com))
VERBOSE  time=2026-08-01 23:07:18, msg=LDAP search complete: entries=1 pages=1
DEBUG    time=2026-08-01 23:07:18, msg=Recorded resolved principal for persistence: sid=S-1-5-21-3242052782-1287495003-4091326449-1118 cn=PS1-MP
INFO     time=2026-08-01 23:07:18, msg=[mayyhem.com][LDAP] Added collection target: 'ps1-mp.mayyhem.com' from 'LDAP-mSSMSManagementPoint'
INFO     time=2026-08-01 23:07:18, msg=[mayyhem.com][LDAP] Found management point in site PS1: PS1-MP.MAYYHEM.COM (S-1-5-21-3242052782-1287495003-4091326449-1118)
VERBOSE  time=2026-08-01 23:07:18, msg=Recorded Primary site PS1 from management-point capabilities
INFO     time=2026-08-01 23:07:25, msg=[mayyhem.com][LDAP] Found 1 management points and 0 fallback status points

========================================================================
# ldap_network_boot_servers
========================================================================
INFO     time=2026-08-01 23:07:18, msg=[mayyhem.com][LDAP] Searching for network boot servers (PXE-enabled DPs)...
VERBOSE  time=2026-08-01 23:07:18, msg=LDAP search: base=DC=mayyhem,DC=com filter=(&(objectClass=connectionPoint)(netbootserver=*))
VERBOSE  time=2026-08-01 23:07:18, msg=LDAP search complete: entries=1 pages=1
INFO     time=2026-08-01 23:07:18, msg=[mayyhem.com][LDAP] Found 1 connectionPoint objects with netbootserver in mayyhem.com
VERBOSE  time=2026-08-01 23:07:18, msg=LDAP search: base=DC=mayyhem,DC=com filter=(objectClass=intellimirrorSCP)
VERBOSE  time=2026-08-01 23:07:18, msg=LDAP search complete: entries=1 pages=1
INFO     time=2026-08-01 23:07:18, msg=[mayyhem.com][LDAP] Found 1 intellimirrorSCP objects in mayyhem.com
VERBOSE  time=2026-08-01 23:07:18, msg=LDAP search: base=CN=PS1-DP,OU=Servers,DC=mayyhem,DC=com filter=(objectClass=*)
VERBOSE  time=2026-08-01 23:07:18, msg=LDAP search complete: entries=1 pages=1
DEBUG    time=2026-08-01 23:07:18, msg=Recorded resolved principal for persistence: sid=S-1-5-21-3242052782-1287495003-4091326449-1117 cn=PS1-DP
INFO     time=2026-08-01 23:07:18, msg=[mayyhem.com][LDAP] Added collection target: 'ps1-dp.mayyhem.com' from "LDAP-['top', 'leaf', 'connectionPoint', 'serviceConnectionPoint', 'serviceAdministrationPoint', 'intellimirrorSCP']"
INFO     time=2026-08-01 23:07:18, msg=[mayyhem.com][LDAP] Found network boot server: ps1-dp.mayyhem.com (S-1-5-21-3242052782-1287495003-4091326449-1117)

========================================================================
# ldap_pattern_matches
========================================================================
INFO     time=2026-08-01 23:07:18, msg=[mayyhem.com][LDAP] Searching for computers with SCCM naming patterns...
VERBOSE  time=2026-08-01 23:07:18, msg=LDAP search: base=DC=mayyhem,DC=com filter=(&(objectCategory=computer)(|(samaccountname=*sccm*)(description=*sccm*)(name=*sccm*)(cn=*sccm*)(displayname=*sccm*)(serviceprincipalname=*sccm*)(dnshostname=*sccm*)(description=*sccm*)(samaccountname=*mecm*)(description=*mecm*)(name=*mecm*)(cn=*mecm*)(displayname=*mecm*)(serviceprincipalname=*mecm*)(dnshostname=*mecm*)(description=*mecm*)(samaccountname=*mcm*)(description=*mcm*)(name=*mcm*)(cn=*mcm*)(displayname=*mcm*)(serviceprincipalname=*mcm*)(dnshostname=*mcm*)(description=*mcm*)(samaccountname=*memcm*)(description=*memcm*)(name=*memcm*)(cn=*memcm*)(displayname=*memcm*)(serviceprincipalname=*memcm*)(dnshostname=*memcm*)(description=*memcm*)(samaccountname=*configm*)(description=*configm*)(name=*configm*)(cn=*configm*)(displayname=*configm*)(serviceprincipalname=*configm*)(dnshostname=*configm*)(description=*configm*)(samaccountname=*cfgm*)(description=*cfgm*)(name=*cfgm*)(cn=*cfgm*)(displayname=*cfgm*)(serviceprincipalname=*cfgm*)(dnshostname=*cfgm*)(description=*cfgm*)(samaccountname=*sms*)(description=*sms*)(name=*sms*)(cn=*sms*)(displayname=*sms*)(serviceprincipalname=*sms*)(dnshostname=*sms*)(description=*sms*)))
VERBOSE  time=2026-08-01 23:07:18, msg=LDAP search complete: entries=1 pages=1
INFO     time=2026-08-01 23:07:18, msg=[mayyhem.com][LDAP] Found 1 computers with SCCM naming patterns in mayyhem.com
INFO     time=2026-08-01 23:07:18, msg=[mayyhem.com][LDAP] Added collection target: 'ps1-sms.mayyhem.com' from 'LDAP-NamePattern'
INFO     time=2026-08-01 23:07:18, msg=[mayyhem.com][LDAP] Found system with SCCM naming pattern: ps1-sms.mayyhem.com (S-1-5-21-3242052782-1287495003-4091326449-1123)

========================================================================
# dns_management_points
========================================================================
INFO     time=2026-08-01 23:07:18, msg=[mayyhem.com][DNS] Starting DNS collection...
DEBUG    time=2026-08-01 23:07:19, msg=make_resolver: using host-configured nameservers
INFO     time=2026-08-01 23:07:19, msg=[mayyhem.com][DNS] Querying SRV record: _mssms_mp_ps1._tcp.mayyhem.com
VERBOSE  time=2026-08-01 23:07:19, msg=Already registered target: ps1-mp.mayyhem.com
INFO     time=2026-08-01 23:07:19, msg=[mayyhem.com][DNS] Found management point: ps1-mp.mayyhem.com:80 (site: PS1)
INFO     time=2026-08-01 23:07:25, msg=[mayyhem.com][DNS] DNS collection completed

========================================================================
# local_wmi_sms_authority
========================================================================
INFO     time=2026-08-01 23:07:19, msg=[mayyhem.com][Local] Connected to WMI root\CCM namespace, proceeding with local collection
INFO     time=2026-08-01 23:07:19, msg=[mayyhem.com][Local] Starting local collection...
INFO     time=2026-08-01 23:07:19, msg=[mayyhem.com][Local] Querying SMS_Authority for current management point and site code...
VERBOSE  time=2026-08-01 23:07:19, msg=Already registered target: ps1-mp.mayyhem.com
INFO     time=2026-08-01 23:07:19, msg=[mayyhem.com][Local] Found current management point: ps1-mp.mayyhem.com (S-1-5-21-3242052782-1287495003-4091326449-1118)

========================================================================
# local_wmi_sms_lookupmp
========================================================================
INFO     time=2026-08-01 23:07:19, msg=[mayyhem.com][Local] Qeurying SMS_LookupMP for additional management points...
VERBOSE  time=2026-08-01 23:07:19, msg=Already registered target: ps1-mp.mayyhem.com
INFO     time=2026-08-01 23:07:19, msg=[mayyhem.com][Local] Found management point: ps1-mp.mayyhem.com (S-1-5-21-3242052782-1287495003-4091326449-1118)

========================================================================
# local_wmi_ccm_client
========================================================================
INFO     time=2026-08-01 23:07:19, msg=[mayyhem.com][Local] Querying CCM_Client for client information...
VERBOSE  time=2026-08-01 23:07:19, msg=LDAP search: base=DC=MAYYHEM,DC=COM filter=(|(cn=ps1-dev2.mayyhem.com)(sAMAccountName=ps1-dev2.mayyhem.com)(sAMAccountName=ps1-dev2.mayyhem.com$)(dNSHostName=ps1-dev2.mayyhem.com)(dNSHostName=ps1-dev2.mayyhem.com.*)(userPrincipalName=ps1-dev2.mayyhem.com)(objectSid=ps1-dev2.mayyhem.com))
VERBOSE  time=2026-08-01 23:07:19, msg=LDAP search complete: entries=1 pages=1
DEBUG    time=2026-08-01 23:07:19, msg=Recorded resolved principal for persistence: sid=S-1-5-21-3242052782-1287495003-4091326449-1551 cn=PS1-DEV2
INFO     time=2026-08-01 23:07:19, msg=[mayyhem.com][Local] Found client ID (SMSID) for PS1-DEV2.MAYYHEM.COM: GUID:32E75DAA-BE2F-44CA-920B-79A2152F6638 

========================================================================
# ldap_sites
========================================================================
INFO     time=2026-08-01 23:07:17, msg=[mayyhem.com][LDAP] Searching for mSSMSSite objects in System Management container...
INFO     time=2026-08-01 23:07:17, msg=[mayyhem.com][LDAP] LDAP auth: NTLM as MAYYHEM\lowpriv
INFO     time=2026-08-01 23:07:18, msg=[mayyhem.com][LDAP] LDAP connected: dc.mayyhem.com:636 (auth=ntlm, profile=LDAPS+CBT)
VERBOSE  time=2026-08-01 23:07:18, msg=LDAP search: base=CN=System Management,CN=System,DC=mayyhem,DC=com filter=(objectClass=mSSMSSite)
VERBOSE  time=2026-08-01 23:07:18, msg=LDAP search complete: entries=2 pages=1
INFO     time=2026-08-01 23:07:18, msg=[mayyhem.com][LDAP] Found site: PS1
INFO     time=2026-08-01 23:07:25, msg=[mayyhem.com][LDAP] Found site: CAS
INFO     time=2026-08-01 23:07:25, msg=[mayyhem.com][LDAP] Found 2 mSSMSSite objects

========================================================================
# local_client_logs_targets
========================================================================
VERBOSE  time=2026-08-01 23:07:19, msg=Processing log file: C:\Windows\CCM\Logs\AssetAdvisor.log
VERBOSE  time=2026-08-01 23:07:19, msg=Processing log file: C:\Windows\CCM\Logs\BitlockerManagementHandler.log
VERBOSE  time=2026-08-01 23:07:19, msg=Processing log file: C:\Windows\CCM\Logs\CAS.log
VERBOSE  time=2026-08-01 23:07:19, msg=Processing log file: C:\Windows\CCM\Logs\CcmCloud.log
VERBOSE  time=2026-08-01 23:07:19, msg=Processing log file: C:\Windows\CCM\Logs\CcmEval.log
VERBOSE  time=2026-08-01 23:07:19, msg=Found URL in CcmEval.log: http://ps1-mp.mayyhem.com
VERBOSE  time=2026-08-01 23:07:19, msg=Found URL in CcmEval.log: http://ps1-mp.mayyhem.com
VERBOSE  time=2026-08-01 23:07:19, msg=Found URL in CcmEval.log: http://ps1-mp.mayyhem.com
VERBOSE  time=2026-08-01 23:07:19, msg=Found URL in CcmEval.log: http://ps1-mp.mayyhem.com
VERBOSE  time=2026-08-01 23:07:19, msg=Found URL in CcmEval.log: http://ps1-mp.mayyhem.com
VERBOSE  time=2026-08-01 23:07:19, msg=Found URL in CcmEval.log: http://ps1-mp.mayyhem.com
VERBOSE  time=2026-08-01 23:07:19, msg=Found URL in CcmEval.log: http://ps1-mp.mayyhem.com
VERBOSE  time=2026-08-01 23:07:19, msg=Found URL in CcmEval.log: http://ps1-mp.mayyhem.com
VERBOSE  time=2026-08-01 23:07:19, msg=Found URL in CcmEval.log: http://ps1-mp.mayyhem.com
VERBOSE  time=2026-08-01 23:07:19, msg=Found URL in CcmEval.log: http://ps1-mp.mayyhem.com
VERBOSE  time=2026-08-01 23:07:19, msg=Found URL in CcmEval.log: http://ps1-mp.mayyhem.com
VERBOSE  time=2026-08-01 23:07:19, msg=Found URL in CcmEval.log: http://ps1-mp.mayyhem.com
VERBOSE  time=2026-08-01 23:07:19, msg=Found URL in CcmEval.log: http://ps1-mp.mayyhem.com
VERBOSE  time=2026-08-01 23:07:19, msg=Found URL in CcmEval.log: http://ps1-mp.mayyhem.com
VERBOSE  time=2026-08-01 23:07:19, msg=Processing log file: C:\Windows\CCM\Logs\CcmEvalTask-20260726-032522.log
VERBOSE  time=2026-08-01 23:07:19, msg=Processing log file: C:\Windows\CCM\Logs\CcmEvalTask.log
VERBOSE  time=2026-08-01 23:07:19, msg=Processing log file: C:\Windows\CCM\Logs\CcmExec-20260722-155544.log
VERBOSE  time=2026-08-01 23:07:19, msg=Processing log file: C:\Windows\CCM\Logs\CcmExec.log
VERBOSE  time=2026-08-01 23:07:19, msg=Processing log file: C:\Windows\CCM\Logs\CcmMessaging-20260801-064843.log
VERBOSE  time=2026-08-01 23:07:19, msg=Found URL in CcmMessaging-20260801-064843.log: http://ps1-mp.mayyhem.com/CCM_Incoming/
VERBOSE  time=2026-08-01 23:07:19, msg=Found URL in CcmMessaging-20260801-064843.log: http://ps1-mp.mayyhem.com:80/CCM_Incoming/
VERBOSE  time=2026-08-01 23:07:19, msg=Found URL in CcmMessaging-20260801-064843.log: http://ps1-mp.mayyhem.com/CCM_Incoming/
VERBOSE  time=2026-08-01 23:07:19, msg=Found URL in CcmMessaging-20260801-064843.log: http://ps1-mp.mayyhem.com:80/CCM_Incoming/
VERBOSE  time=2026-08-01 23:07:19, msg=Found URL in CcmMessaging-20260801-064843.log: http://ps1-mp.mayyhem.com/CCM_Incoming/
VERBOSE  time=2026-08-01 23:07:19, msg=Found URL in CcmMessaging-20260801-064843.log: http://ps1-mp.mayyhem.com:80/CCM_Incoming/
VERBOSE  time=2026-08-01 23:07:19, msg=Found URL in CcmMessaging-20260801-064843.log: http://ps1-mp.mayyhem.com/CCM_Incoming/
VERBOSE  time=2026-08-01 23:07:19, msg=Found URL in CcmMessaging-20260801-064843.log: http://ps1-mp.mayyhem.com:80/CCM_Incoming/
VERBOSE  time=2026-08-01 23:07:19, msg=Found URL in CcmMessaging-20260801-064843.log: http://ps1-mp.mayyhem.com/CCM_Incoming/
VERBOSE  time=2026-08-01 23:07:19, msg=Found URL in CcmMessaging-20260801-064843.log: http://ps1-mp.mayyhem.com:80/CCM_Incoming/
VERBOSE  time=2026-08-01 23:07:19, msg=Found URL in CcmMessaging-20260801-064843.log: http://ps1-mp.mayyhem.com/CCM_Incoming/
VERBOSE  time=2026-08-01 23:07:19, msg=Found URL in CcmMessaging-20260801-064843.log: http://ps1-mp.mayyhem.com:80/CCM_Incoming/
VERBOSE  time=2026-08-01 23:07:19, msg=Found URL in CcmMessaging-20260801-064843.log: http://ps1-mp.mayyhem.com/CCM_Incoming/
VERBOSE  time=2026-08-01 23:07:19, msg=Found URL in CcmMessaging-20260801-064843.log: http://ps1-mp.mayyhem.com:80/CCM_Incoming/
VERBOSE  time=2026-08-01 23:07:19, msg=Found URL in CcmMessaging-20260801-064843.log: http://ps1-mp.mayyhem.com/CCM_Incoming/
VERBOSE  time=2026-08-01 23:07:19, msg=Found URL in CcmMessaging-20260801-064843.log: http://ps1-mp.mayyhem.com:80/CCM_Incoming/
VERBOSE  time=2026-08-01 23:07:19, msg=Found URL in CcmMessaging-20260801-064843.log: http://ps1-mp.mayyhem.com/CCM_Incoming/
VERBOSE  time=2026-08-01 23:07:19, msg=Found URL in CcmMessaging-20260801-064843.log: http://ps1-mp.mayyhem.com:80/CCM_Incoming/
VERBOSE  time=2026-08-01 23:07:19, msg=Found URL in CcmMessaging-20260801-064843.log: http://ps1-mp.mayyhem.com/CCM_Incoming/
VERBOSE  time=2026-08-01 23:07:19, msg=Found URL in CcmMessaging-20260801-064843.log: http://ps1-mp.mayyhem.com:80/CCM_Incoming/
VERBOSE  time=2026-08-01 23:07:19, msg=Found URL in CcmMessaging-20260801-064843.log: http://ps1-mp.mayyhem.com/CCM_Incoming/
VERBOSE  time=2026-08-01 23:07:19, msg=Found URL in CcmMessaging-20260801-064843.log: http://ps1-mp.mayyhem.com:80/CCM_Incoming/
VERBOSE  time=2026-08-01 23:07:19, msg=Found URL in CcmMessaging-20260801-064843.log: http://ps1-mp.mayyhem.com/CCM_Incoming/
VERBOSE  time=2026-08-01 23:07:19, msg=Found URL in CcmMessaging-20260801-064843.log: http://ps1-mp.mayyhem.com:80/CCM_Incoming/
VERBOSE  time=2026-08-01 23:07:19, msg=Found URL in CcmMessaging-20260801-064843.log: http://ps1-mp.mayyhem.com/CCM_Incoming/
VERBOSE  time=2026-08-01 23:07:19, msg=Found URL in CcmMessaging-20260801-064843.log: http://ps1-mp.mayyhem.com:80/CCM_Incoming/
VERBOSE  time=2026-08-01 23:07:19, msg=Found URL in CcmMessaging-20260801-064843.log: http://ps1-mp.mayyhem.com/CCM_Incoming/
VERBOSE  time=2026-08-01 23:07:19, msg=Found URL in CcmMessaging-20260801-064843.log: http://ps1-mp.mayyhem.com:80/CCM_Incoming/
VERBOSE  time=2026-08-01 23:07:19, msg=Found URL in CcmMessaging-20260801-064843.log: http://ps1-mp.mayyhem.com/CCM_Incoming/
VERBOSE  time=2026-08-01 23:07:19, msg=Found URL in CcmMessaging-20260801-064843.log: http://ps1-mp.mayyhem.com:80/CCM_Incoming/
VERBOSE  time=2026-08-01 23:07:19, msg=Processing log file: C:\Windows\CCM\Logs\CcmMessaging.log
VERBOSE  time=2026-08-01 23:07:19, msg=Processing log file: C:\Windows\CCM\Logs\CcmNotificationAgent-20260730-191248.log
VERBOSE  time=2026-08-01 23:07:19, msg=Processing log file: C:\Windows\CCM\Logs\CcmNotificationAgent.log
VERBOSE  time=2026-08-01 23:07:19, msg=Processing log file: C:\Windows\CCM\Logs\CcmRestart.log
VERBOSE  time=2026-08-01 23:07:19, msg=Processing log file: C:\Windows\CCM\Logs\CCMSDKProvider-20260731-125546.log
VERBOSE  time=2026-08-01 23:07:19, msg=Processing log file: C:\Windows\CCM\Logs\CCMSDKProvider.log
VERBOSE  time=2026-08-01 23:07:20, msg=Processing log file: C:\Windows\CCM\Logs\CcmSqlCE-20260730-125529.log
VERBOSE  time=2026-08-01 23:07:20, msg=Processing log file: C:\Windows\CCM\Logs\CcmSqlCE.log
VERBOSE  time=2026-08-01 23:07:20, msg=Processing log file: C:\Windows\CCM\Logs\CCMVDIProvider.log
VERBOSE  time=2026-08-01 23:07:20, msg=Processing log file: C:\Windows\CCM\Logs\CertEnrollAgent.log
VERBOSE  time=2026-08-01 23:07:20, msg=Processing log file: C:\Windows\CCM\Logs\CertificateMaintenance-20260731-005522.log
VERBOSE  time=2026-08-01 23:07:20, msg=Processing log file: C:\Windows\CCM\Logs\CertificateMaintenance.log
VERBOSE  time=2026-08-01 23:07:20, msg=Processing log file: C:\Windows\CCM\Logs\CIAgent.log
VERBOSE  time=2026-08-01 23:07:20, msg=Processing log file: C:\Windows\CCM\Logs\CIDownloader.log
VERBOSE  time=2026-08-01 23:07:20, msg=Processing log file: C:\Windows\CCM\Logs\CIStateStore.log
VERBOSE  time=2026-08-01 23:07:20, msg=Processing log file: C:\Windows\CCM\Logs\CIStore.log
VERBOSE  time=2026-08-01 23:07:20, msg=Processing log file: C:\Windows\CCM\Logs\CITaskMgr.log
VERBOSE  time=2026-08-01 23:07:20, msg=Processing log file: C:\Windows\CCM\Logs\ClientIDManagerStartup.log
VERBOSE  time=2026-08-01 23:07:20, msg=Processing log file: C:\Windows\CCM\Logs\ClientLocation.log
VERBOSE  time=2026-08-01 23:07:20, msg=Found URL in ClientLocation.log: http://ps1-mp.mayyhem.com
VERBOSE  time=2026-08-01 23:07:20, msg=Found URL in ClientLocation.log: http://ps1-mp.mayyhem.com
VERBOSE  time=2026-08-01 23:07:20, msg=Processing log file: C:\Windows\CCM\Logs\ClientServicing.log
VERBOSE  time=2026-08-01 23:07:20, msg=Found URL in ClientServicing.log: http://ps1-mp.mayyhem.com
VERBOSE  time=2026-08-01 23:07:20, msg=Found URL in ClientServicing.log: http://ps1-mp.mayyhem.com/CCM_Client
VERBOSE  time=2026-08-01 23:07:20, msg=Processing log file: C:\Windows\CCM\Logs\CMBITSManager.log
VERBOSE  time=2026-08-01 23:07:20, msg=Processing log file: C:\Windows\CCM\Logs\CmRcService.log
VERBOSE  time=2026-08-01 23:07:20, msg=Processing log file: C:\Windows\CCM\Logs\CoManagementHandler.log
VERBOSE  time=2026-08-01 23:07:20, msg=Processing log file: C:\Windows\CCM\Logs\ComplRelayAgent-20260729-115527.log
VERBOSE  time=2026-08-01 23:07:20, msg=Processing log file: C:\Windows\CCM\Logs\ComplRelayAgent.log
VERBOSE  time=2026-08-01 23:07:20, msg=Processing log file: C:\Windows\CCM\Logs\ContentTransferManager.log
VERBOSE  time=2026-08-01 23:07:20, msg=Processing log file: C:\Windows\CCM\Logs\DataTransferService.log
VERBOSE  time=2026-08-01 23:07:20, msg=Found URL in DataTransferService.log: http://ps1-mp.mayyhem.com/SMS_MP
VERBOSE  time=2026-08-01 23:07:20, msg=Found URL in DataTransferService.log: http://ps1-mp.mayyhem.com:80/SMS_MP
VERBOSE  time=2026-08-01 23:07:20, msg=Found URL in DataTransferService.log: http://ps1-mp.mayyhem.com:80/SMS_MP
VERBOSE  time=2026-08-01 23:07:20, msg=Found URL in DataTransferService.log: http://ps1-mp.mayyhem.com/SMS_MP
VERBOSE  time=2026-08-01 23:07:20, msg=Found URL in DataTransferService.log: http://ps1-mp.mayyhem.com:80/SMS_MP
VERBOSE  time=2026-08-01 23:07:20, msg=Found URL in DataTransferService.log: http://ps1-mp.mayyhem.com:80/SMS_MP
VERBOSE  time=2026-08-01 23:07:20, msg=Processing log file: C:\Windows\CCM\Logs\DCMAgent.log
VERBOSE  time=2026-08-01 23:07:20, msg=Processing log file: C:\Windows\CCM\Logs\DdrProvider.log
VERBOSE  time=2026-08-01 23:07:20, msg=Processing log file: C:\Windows\CCM\Logs\DeltaDownload-20260727-225540.log
VERBOSE  time=2026-08-01 23:07:20, msg=Found URL in DeltaDownload-20260727-225540.log: http://localhost:8005
VERBOSE  time=2026-08-01 23:07:20, msg=Found URL in DeltaDownload-20260727-225540.log: http://localhost:8005
VERBOSE  time=2026-08-01 23:07:20, msg=Found URL in DeltaDownload-20260727-225540.log: http://localhost:8005
VERBOSE  time=2026-08-01 23:07:20, msg=Found URL in DeltaDownload-20260727-225540.log: http://localhost:8005
VERBOSE  time=2026-08-01 23:07:20, msg=Found URL in DeltaDownload-20260727-225540.log: http://localhost:8005
VERBOSE  time=2026-08-01 23:07:20, msg=Found URL in DeltaDownload-20260727-225540.log: http://localhost:8005
VERBOSE  time=2026-08-01 23:07:20, msg=Found URL in DeltaDownload-20260727-225540.log: http://localhost:8005
VERBOSE  time=2026-08-01 23:07:20, msg=Found URL in DeltaDownload-20260727-225540.log: http://localhost:8005
VERBOSE  time=2026-08-01 23:07:20, msg=Found URL in DeltaDownload-20260727-225540.log: http://localhost:8005
VERBOSE  time=2026-08-01 23:07:20, msg=Found URL in DeltaDownload-20260727-225540.log: http://localhost:8005
VERBOSE  time=2026-08-01 23:07:20, msg=Found URL in DeltaDownload-20260727-225540.log: http://localhost:8005
VERBOSE  time=2026-08-01 23:07:20, msg=Found URL in DeltaDownload-20260727-225540.log: http://localhost:8005
VERBOSE  time=2026-08-01 23:07:20, msg=Found URL in DeltaDownload-20260727-225540.log: http://localhost:8005
VERBOSE  time=2026-08-01 23:07:20, msg=Found URL in DeltaDownload-20260727-225540.log: http://localhost:8005
VERBOSE  time=2026-08-01 23:07:20, msg=Found URL in DeltaDownload-20260727-225540.log: http://localhost:8005
VERBOSE  time=2026-08-01 23:07:20, msg=Found URL in DeltaDownload-20260727-225540.log: http://localhost:8005
VERBOSE  time=2026-08-01 23:07:20, msg=Found URL in DeltaDownload-20260727-225540.log: http://localhost:8005
VERBOSE  time=2026-08-01 23:07:20, msg=Found URL in DeltaDownload-20260727-225540.log: http://localhost:8005
VERBOSE  time=2026-08-01 23:07:20, msg=Found URL in DeltaDownload-20260727-225540.log: http://localhost:8005
VERBOSE  time=2026-08-01 23:07:20, msg=Found URL in DeltaDownload-20260727-225540.log: http://localhost:8005
VERBOSE  time=2026-08-01 23:07:20, msg=Found URL in DeltaDownload-20260727-225540.log: http://localhost:8005
VERBOSE  time=2026-08-01 23:07:20, msg=Found URL in DeltaDownload-20260727-225540.log: http://localhost:8005
VERBOSE  time=2026-08-01 23:07:20, msg=Found URL in DeltaDownload-20260727-225540.log: http://localhost:8005
VERBOSE  time=2026-08-01 23:07:20, msg=Found URL in DeltaDownload-20260727-225540.log: http://localhost:8005
VERBOSE  time=2026-08-01 23:07:20, msg=Found URL in DeltaDownload-20260727-225540.log: http://localhost:8005
VERBOSE  time=2026-08-01 23:07:20, msg=Found URL in DeltaDownload-20260727-225540.log: http://localhost:8005
VERBOSE  time=2026-08-01 23:07:20, msg=Found URL in DeltaDownload-20260727-225540.log: http://localhost:8005
VERBOSE  time=2026-08-01 23:07:20, msg=Found URL in DeltaDownload-20260727-225540.log: http://localhost:8005
VERBOSE  time=2026-08-01 23:07:20, msg=Found URL in DeltaDownload-20260727-225540.log: http://localhost:8005
VERBOSE  time=2026-08-01 23:07:20, msg=Found URL in DeltaDownload-20260727-225540.log: http://localhost:8005
VERBOSE  time=2026-08-01 23:07:20, msg=Found URL in DeltaDownload-20260727-225540.log: http://localhost:8005
VERBOSE  time=2026-08-01 23:07:20, msg=Found URL in DeltaDownload-20260727-225540.log: http://localhost:8005
VERBOSE  time=2026-08-01 23:07:20, msg=Found URL in DeltaDownload-20260727-225540.log: http://localhost:8005
VERBOSE  time=2026-08-01 23:07:20, msg=Found URL in DeltaDownload-20260727-225540.log: http://localhost:8005
VERBOSE  time=2026-08-01 23:07:20, msg=Found URL in DeltaDownload-20260727-225540.log: http://localhost:8005
VERBOSE  time=2026-08-01 23:07:20, msg=Found URL in DeltaDownload-20260727-225540.log: http://localhost:8005
VERBOSE  time=2026-08-01 23:07:20, msg=Found URL in DeltaDownload-20260727-225540.log: http://localhost:8005
VERBOSE  time=2026-08-01 23:07:20, msg=Found URL in DeltaDownload-20260727-225540.log: http://localhost:8005
VERBOSE  time=2026-08-01 23:07:20, msg=Found URL in DeltaDownload-20260727-225540.log: http://localhost:8005
VERBOSE  time=2026-08-01 23:07:20, msg=Found URL in DeltaDownload-20260727-225540.log: http://localhost:8005
VERBOSE  time=2026-08-01 23:07:20, msg=Found URL in DeltaDownload-20260727-225540.log: http://localhost:8005
VERBOSE  time=2026-08-01 23:07:20, msg=Found URL in DeltaDownload-20260727-225540.log: http://localhost:8005
VERBOSE  time=2026-08-01 23:07:20, msg=Found URL in DeltaDownload-20260727-225540.log: http://localhost:8005
VERBOSE  time=2026-08-01 23:07:20, msg=Found URL in DeltaDownload-20260727-225540.log: http://localhost:8005
VERBOSE  time=2026-08-01 23:07:20, msg=Found URL in DeltaDownload-20260727-225540.log: http://localhost:8005
VERBOSE  time=2026-08-01 23:07:20, msg=Found URL in DeltaDownload-20260727-225540.log: http://localhost:8005
VERBOSE  time=2026-08-01 23:07:20, msg=Found URL in DeltaDownload-20260727-225540.log: http://localhost:8005
VERBOSE  time=2026-08-01 23:07:20, msg=Found URL in DeltaDownload-20260727-225540.log: http://localhost:8005
VERBOSE  time=2026-08-01 23:07:20, msg=Found URL in DeltaDownload-20260727-225540.log: http://localhost:8005
VERBOSE  time=2026-08-01 23:07:20, msg=Found URL in DeltaDownload-20260727-225540.log: http://localhost:8005
VERBOSE  time=2026-08-01 23:07:20, msg=Found URL in DeltaDownload-20260727-225540.log: http://localhost:8005
VERBOSE  time=2026-08-01 23:07:20, msg=Found URL in DeltaDownload-20260727-225540.log: http://localhost:8005
VERBOSE  time=2026-08-01 23:07:20, msg=Found URL in DeltaDownload-20260727-225540.log: http://localhost:8005
VERBOSE  time=2026-08-01 23:07:20, msg=Found URL in DeltaDownload-20260727-225540.log: http://localhost:8005
VERBOSE  time=2026-08-01 23:07:20, msg=Found URL in DeltaDownload-20260727-225540.log: http://localhost:8005
VERBOSE  time=2026-08-01 23:07:20, msg=Found URL in DeltaDownload-20260727-225540.log: http://localhost:8005
VERBOSE  time=2026-08-01 23:07:20, msg=Found URL in DeltaDownload-20260727-225540.log: http://localhost:8005
VERBOSE  time=2026-08-01 23:07:20, msg=Found URL in DeltaDownload-20260727-225540.log: http://localhost:8005
VERBOSE  time=2026-08-01 23:07:20, msg=Found URL in DeltaDownload-20260727-225540.log: http://localhost:8005
VERBOSE  time=2026-08-01 23:07:20, msg=Found URL in DeltaDownload-20260727-225540.log: http://localhost:8005
VERBOSE  time=2026-08-01 23:07:20, msg=Found URL in DeltaDownload-20260727-225540.log: http://localhost:8005
VERBOSE  time=2026-08-01 23:07:20, msg=Found URL in DeltaDownload-20260727-225540.log: http://localhost:8005
VERBOSE  time=2026-08-01 23:07:20, msg=Found URL in DeltaDownload-20260727-225540.log: http://localhost:8005
VERBOSE  time=2026-08-01 23:07:20, msg=Found URL in DeltaDownload-20260727-225540.log: http://localhost:8005
VERBOSE  time=2026-08-01 23:07:20, msg=Found URL in DeltaDownload-20260727-225540.log: http://localhost:8005
VERBOSE  time=2026-08-01 23:07:20, msg=Found URL in DeltaDownload-20260727-225540.log: http://localhost:8005
VERBOSE  time=2026-08-01 23:07:20, msg=Found URL in DeltaDownload-20260727-225540.log: http://localhost:8005
VERBOSE  time=2026-08-01 23:07:20, msg=Found URL in DeltaDownload-20260727-225540.log: http://localhost:8005
VERBOSE  time=2026-08-01 23:07:20, msg=Found URL in DeltaDownload-20260727-225540.log: http://localhost:8005
VERBOSE  time=2026-08-01 23:07:20, msg=Found URL in DeltaDownload-20260727-225540.log: http://localhost:8005
VERBOSE  time=2026-08-01 23:07:20, msg=Found URL in DeltaDownload-20260727-225540.log: http://localhost:8005
VERBOSE  time=2026-08-01 23:07:20, msg=Found URL in DeltaDownload-20260727-225540.log: http://localhost:8005
VERBOSE  time=2026-08-01 23:07:20, msg=Found URL in DeltaDownload-20260727-225540.log: http://localhost:8005
VERBOSE  time=2026-08-01 23:07:20, msg=Found URL in DeltaDownload-20260727-225540.log: http://localhost:8005
VERBOSE  time=2026-08-01 23:07:20, msg=Found URL in DeltaDownload-20260727-225540.log: http://localhost:8005
VERBOSE  time=2026-08-01 23:07:20, msg=Found URL in DeltaDownload-20260727-225540.log: http://localhost:8005
VERBOSE  time=2026-08-01 23:07:20, msg=Found URL in DeltaDownload-20260727-225540.log: http://localhost:8005
VERBOSE  time=2026-08-01 23:07:20, msg=Found URL in DeltaDownload-20260727-225540.log: http://localhost:8005
VERBOSE  time=2026-08-01 23:07:20, msg=Found URL in DeltaDownload-20260727-225540.log: http://localhost:8005
VERBOSE  time=2026-08-01 23:07:20, msg=Found URL in DeltaDownload-20260727-225540.log: http://localhost:8005
VERBOSE  time=2026-08-01 23:07:20, msg=Found URL in DeltaDownload-20260727-225540.log: http://localhost:8005
VERBOSE  time=2026-08-01 23:07:20, msg=Found URL in DeltaDownload-20260727-225540.log: http://localhost:8005
VERBOSE  time=2026-08-01 23:07:20, msg=Found URL in DeltaDownload-20260727-225540.log: http://localhost:8005
VERBOSE  time=2026-08-01 23:07:20, msg=Found URL in DeltaDownload-20260727-225540.log: http://localhost:8005
VERBOSE  time=2026-08-01 23:07:20, msg=Found URL in DeltaDownload-20260727-225540.log: http://localhost:8005
VERBOSE  time=2026-08-01 23:07:20, msg=Found URL in DeltaDownload-20260727-225540.log: http://localhost:8005
VERBOSE  time=2026-08-01 23:07:20, msg=Found URL in DeltaDownload-20260727-225540.log: http://localhost:8005
VERBOSE  time=2026-08-01 23:07:20, msg=Processing log file: C:\Windows\CCM\Logs\DeltaDownload.log
VERBOSE  time=2026-08-01 23:07:20, msg=Found URL in DeltaDownload.log: http://localhost:8005
VERBOSE  time=2026-08-01 23:07:20, msg=Found URL in DeltaDownload.log: http://localhost:8005
VERBOSE  time=2026-08-01 23:07:20, msg=Found URL in DeltaDownload.log: http://localhost:8005
VERBOSE  time=2026-08-01 23:07:20, msg=Found URL in DeltaDownload.log: http://localhost:8005
VERBOSE  time=2026-08-01 23:07:20, msg=Found URL in DeltaDownload.log: http://localhost:8005
VERBOSE  time=2026-08-01 23:07:20, msg=Found URL in DeltaDownload.log: http://localhost:8005
VERBOSE  time=2026-08-01 23:07:20, msg=Found URL in DeltaDownload.log: http://localhost:8005
VERBOSE  time=2026-08-01 23:07:20, msg=Found URL in DeltaDownload.log: http://localhost:8005
VERBOSE  time=2026-08-01 23:07:20, msg=Found URL in DeltaDownload.log: http://localhost:8005
VERBOSE  time=2026-08-01 23:07:20, msg=Found URL in DeltaDownload.log: http://localhost:8005
VERBOSE  time=2026-08-01 23:07:20, msg=Found URL in DeltaDownload.log: http://localhost:8005
VERBOSE  time=2026-08-01 23:07:20, msg=Found URL in DeltaDownload.log: http://localhost:8005
VERBOSE  time=2026-08-01 23:07:20, msg=Found URL in DeltaDownload.log: http://localhost:8005
VERBOSE  time=2026-08-01 23:07:20, msg=Found URL in DeltaDownload.log: http://localhost:8005
VERBOSE  time=2026-08-01 23:07:20, msg=Found URL in DeltaDownload.log: http://localhost:8005
VERBOSE  time=2026-08-01 23:07:20, msg=Found URL in DeltaDownload.log: http://localhost:8005
VERBOSE  time=2026-08-01 23:07:20, msg=Found URL in DeltaDownload.log: http://localhost:8005
VERBOSE  time=2026-08-01 23:07:20, msg=Found URL in DeltaDownload.log: http://localhost:8005
VERBOSE  time=2026-08-01 23:07:20, msg=Found URL in DeltaDownload.log: http://localhost:8005
VERBOSE  time=2026-08-01 23:07:20, msg=Found URL in DeltaDownload.log: http://localhost:8005
VERBOSE  time=2026-08-01 23:07:20, msg=Found URL in DeltaDownload.log: http://localhost:8005
VERBOSE  time=2026-08-01 23:07:20, msg=Found URL in DeltaDownload.log: http://localhost:8005
VERBOSE  time=2026-08-01 23:07:20, msg=Found URL in DeltaDownload.log: http://localhost:8005
VERBOSE  time=2026-08-01 23:07:20, msg=Found URL in DeltaDownload.log: http://localhost:8005
VERBOSE  time=2026-08-01 23:07:20, msg=Found URL in DeltaDownload.log: http://localhost:8005
VERBOSE  time=2026-08-01 23:07:20, msg=Found URL in DeltaDownload.log: http://localhost:8005
VERBOSE  time=2026-08-01 23:07:20, msg=Found URL in DeltaDownload.log: http://localhost:8005
VERBOSE  time=2026-08-01 23:07:20, msg=Found URL in DeltaDownload.log: http://localhost:8005
VERBOSE  time=2026-08-01 23:07:20, msg=Found URL in DeltaDownload.log: http://localhost:8005
VERBOSE  time=2026-08-01 23:07:20, msg=Found URL in DeltaDownload.log: http://localhost:8005
VERBOSE  time=2026-08-01 23:07:20, msg=Found URL in DeltaDownload.log: http://localhost:8005
VERBOSE  time=2026-08-01 23:07:20, msg=Processing log file: C:\Windows\CCM\Logs\EndpointProtectionAgent.log
VERBOSE  time=2026-08-01 23:07:20, msg=Processing log file: C:\Windows\CCM\Logs\execmgr.log
VERBOSE  time=2026-08-01 23:07:20, msg=Processing log file: C:\Windows\CCM\Logs\ExternalEventAgent.log
VERBOSE  time=2026-08-01 23:07:20, msg=Processing log file: C:\Windows\CCM\Logs\FileBITS.log
VERBOSE  time=2026-08-01 23:07:20, msg=Processing log file: C:\Windows\CCM\Logs\InventoryAgent.log
VERBOSE  time=2026-08-01 23:07:20, msg=Found UNC path in InventoryAgent.log: \\localhost\root\cimv2
VERBOSE  time=2026-08-01 23:07:20, msg=Found UNC path in InventoryAgent.log: \\localhost\root\cimv2
VERBOSE  time=2026-08-01 23:07:20, msg=Found UNC path in InventoryAgent.log: \\localhost\root\Microsoft\appvirt\client
VERBOSE  time=2026-08-01 23:07:20, msg=Found UNC path in InventoryAgent.log: \\localhost\root\Microsoft\appvirt\client Namespace
VERBOSE  time=2026-08-01 23:07:20, msg=Found UNC path in InventoryAgent.log: \\localhost\root\vm\VirtualServer
VERBOSE  time=2026-08-01 23:07:20, msg=Found UNC path in InventoryAgent.log: \\localhost\root\vm\VirtualServer Namespace
VERBOSE  time=2026-08-01 23:07:20, msg=Found UNC path in InventoryAgent.log: \\localhost\root\Microsoft\appvirt\client
VERBOSE  time=2026-08-01 23:07:20, msg=Found UNC path in InventoryAgent.log: \\localhost\root\Microsoft\appvirt\client Namespace
VERBOSE  time=2026-08-01 23:07:20, msg=Found UNC path in InventoryAgent.log: \\localhost\root\cimv2
VERBOSE  time=2026-08-01 23:07:20, msg=Found UNC path in InventoryAgent.log: \\localhost\root\cimv2
VERBOSE  time=2026-08-01 23:07:20, msg=Found UNC path in InventoryAgent.log: \\localhost\root\Microsoft\appvirt\client
VERBOSE  time=2026-08-01 23:07:20, msg=Found UNC path in InventoryAgent.log: \\localhost\root\Microsoft\appvirt\client Namespace
VERBOSE  time=2026-08-01 23:07:20, msg=Found UNC path in InventoryAgent.log: \\localhost\root\vm\VirtualServer
VERBOSE  time=2026-08-01 23:07:20, msg=Found UNC path in InventoryAgent.log: \\localhost\root\vm\VirtualServer Namespace
VERBOSE  time=2026-08-01 23:07:20, msg=Found UNC path in InventoryAgent.log: \\localhost\root\Microsoft\appvirt\client
VERBOSE  time=2026-08-01 23:07:20, msg=Found UNC path in InventoryAgent.log: \\localhost\root\Microsoft\appvirt\client Namespace
VERBOSE  time=2026-08-01 23:07:20, msg=Found UNC path in InventoryAgent.log: \\localhost\root\cimv2
VERBOSE  time=2026-08-01 23:07:20, msg=Found UNC path in InventoryAgent.log: \\localhost\root\cimv2
VERBOSE  time=2026-08-01 23:07:20, msg=Found UNC path in InventoryAgent.log: \\localhost\root\Microsoft\appvirt\client
VERBOSE  time=2026-08-01 23:07:20, msg=Found UNC path in InventoryAgent.log: \\localhost\root\Microsoft\appvirt\client Namespace
VERBOSE  time=2026-08-01 23:07:20, msg=Found UNC path in InventoryAgent.log: \\localhost\root\vm\VirtualServer
VERBOSE  time=2026-08-01 23:07:20, msg=Found UNC path in InventoryAgent.log: \\localhost\root\vm\VirtualServer Namespace
VERBOSE  time=2026-08-01 23:07:20, msg=Found UNC path in InventoryAgent.log: \\localhost\root\Microsoft\appvirt\client
VERBOSE  time=2026-08-01 23:07:20, msg=Found UNC path in InventoryAgent.log: \\localhost\root\Microsoft\appvirt\client Namespace
VERBOSE  time=2026-08-01 23:07:20, msg=Found UNC path in InventoryAgent.log: \\localhost\root\cimv2
VERBOSE  time=2026-08-01 23:07:20, msg=Found UNC path in InventoryAgent.log: \\localhost\root\cimv2
VERBOSE  time=2026-08-01 23:07:20, msg=Found UNC path in InventoryAgent.log: \\localhost\root\Microsoft\appvirt\client
VERBOSE  time=2026-08-01 23:07:20, msg=Found UNC path in InventoryAgent.log: \\localhost\root\Microsoft\appvirt\client Namespace
VERBOSE  time=2026-08-01 23:07:20, msg=Found UNC path in InventoryAgent.log: \\localhost\root\vm\VirtualServer
VERBOSE  time=2026-08-01 23:07:20, msg=Found UNC path in InventoryAgent.log: \\localhost\root\vm\VirtualServer Namespace
VERBOSE  time=2026-08-01 23:07:20, msg=Found UNC path in InventoryAgent.log: \\localhost\root\Microsoft\appvirt\client
VERBOSE  time=2026-08-01 23:07:20, msg=Found UNC path in InventoryAgent.log: \\localhost\root\Microsoft\appvirt\client Namespace
VERBOSE  time=2026-08-01 23:07:20, msg=Processing log file: C:\Windows\CCM\Logs\InventoryProvider-20260715-173501.log
VERBOSE  time=2026-08-01 23:07:21, msg=Processing log file: C:\Windows\CCM\Logs\InventoryProvider.log
VERBOSE  time=2026-08-01 23:07:21, msg=Processing log file: C:\Windows\CCM\Logs\LocationServices-20260724-015539.log
VERBOSE  time=2026-08-01 23:07:21, msg=Found URL in LocationServices-20260724-015539.log: http://ps1-mp.mayyhem.com
VERBOSE  time=2026-08-01 23:07:21, msg=Processing log file: C:\Windows\CCM\Logs\LocationServices.log
VERBOSE  time=2026-08-01 23:07:21, msg=Processing log file: C:\Windows\CCM\Logs\M365AHandler.log
VERBOSE  time=2026-08-01 23:07:21, msg=Processing log file: C:\Windows\CCM\Logs\MaintenanceCoordinator.log
VERBOSE  time=2026-08-01 23:07:21, msg=Processing log file: C:\Windows\CCM\Logs\ManagedProvider.log
VERBOSE  time=2026-08-01 23:07:21, msg=Processing log file: C:\Windows\CCM\Logs\mtrmgr-20260801-230558.log
VERBOSE  time=2026-08-01 23:07:21, msg=Processing log file: C:\Windows\CCM\Logs\mtrmgr.log
VERBOSE  time=2026-08-01 23:07:21, msg=Processing log file: C:\Windows\CCM\Logs\OfficeAnalytics.log
VERBOSE  time=2026-08-01 23:07:21, msg=Processing log file: C:\Windows\CCM\Logs\PeerDPAgent.log
VERBOSE  time=2026-08-01 23:07:21, msg=Processing log file: C:\Windows\CCM\Logs\PolicyAgent-20260728-073941.log
VERBOSE  time=2026-08-01 23:07:21, msg=Processing log file: C:\Windows\CCM\Logs\PolicyAgent.log
VERBOSE  time=2026-08-01 23:07:21, msg=Processing log file: C:\Windows\CCM\Logs\PolicyAgentProvider-20260713-105403.log
VERBOSE  time=2026-08-01 23:07:21, msg=Processing log file: C:\Windows\CCM\Logs\PolicyAgentProvider.log
VERBOSE  time=2026-08-01 23:07:21, msg=Processing log file: C:\Windows\CCM\Logs\PolicyEvaluator-20260723-133318.log
VERBOSE  time=2026-08-01 23:07:21, msg=Processing log file: C:\Windows\CCM\Logs\PolicyEvaluator.log
VERBOSE  time=2026-08-01 23:07:22, msg=Processing log file: C:\Windows\CCM\Logs\pwrmgmt.log
VERBOSE  time=2026-08-01 23:07:22, msg=Processing log file: C:\Windows\CCM\Logs\PwrProvider.log
VERBOSE  time=2026-08-01 23:07:22, msg=Processing log file: C:\Windows\CCM\Logs\RebootCoordinator.log
VERBOSE  time=2026-08-01 23:07:22, msg=Processing log file: C:\Windows\CCM\Logs\ScanAgent.log
VERBOSE  time=2026-08-01 23:07:22, msg=Processing log file: C:\Windows\CCM\Logs\Scheduler-20260801-145505.log
VERBOSE  time=2026-08-01 23:07:22, msg=Processing log file: C:\Windows\CCM\Logs\Scheduler.log
VERBOSE  time=2026-08-01 23:07:22, msg=Processing log file: C:\Windows\CCM\Logs\SCNotify_mayyhem@domainadmin_1.log
VERBOSE  time=2026-08-01 23:07:22, msg=Processing log file: C:\Windows\CCM\Logs\SensorEndpoint-20260801-004637.log
VERBOSE  time=2026-08-01 23:07:22, msg=Found URL in SensorEndpoint-20260801-004637.log: http://www.w3.org/2001/XMLSchema
VERBOSE  time=2026-08-01 23:07:22, msg=Found URL in SensorEndpoint-20260801-004637.log: http://www.w3.org/2001/XMLSchema-instance
VERBOSE  time=2026-08-01 23:07:22, msg=Found URL in SensorEndpoint-20260801-004637.log: http://schemas.microsoft.com/win/2004/08/events/event
VERBOSE  time=2026-08-01 23:07:22, msg=Found URL in SensorEndpoint-20260801-004637.log: http://schemas.microsoft.com/win/2004/08/events/event
VERBOSE  time=2026-08-01 23:07:22, msg=Found URL in SensorEndpoint-20260801-004637.log: http://schemas.microsoft.com/win/2004/08/events/event
VERBOSE  time=2026-08-01 23:07:22, msg=Found URL in SensorEndpoint-20260801-004637.log: http://schemas.microsoft.com/win/2004/08/events/event
VERBOSE  time=2026-08-01 23:07:22, msg=Found URL in SensorEndpoint-20260801-004637.log: http://schemas.microsoft.com/win/2004/08/events/event
VERBOSE  time=2026-08-01 23:07:22, msg=Found URL in SensorEndpoint-20260801-004637.log: http://www.w3.org/2001/XMLSchema
VERBOSE  time=2026-08-01 23:07:22, msg=Found URL in SensorEndpoint-20260801-004637.log: http://www.w3.org/2001/XMLSchema-instance
VERBOSE  time=2026-08-01 23:07:22, msg=Found URL in SensorEndpoint-20260801-004637.log: http://schemas.microsoft.com/win/2004/08/events/event
VERBOSE  time=2026-08-01 23:07:22, msg=Found URL in SensorEndpoint-20260801-004637.log: http://www.w3.org/2001/XMLSchema
VERBOSE  time=2026-08-01 23:07:22, msg=Found URL in SensorEndpoint-20260801-004637.log: http://www.w3.org/2001/XMLSchema-instance
VERBOSE  time=2026-08-01 23:07:22, msg=Found URL in SensorEndpoint-20260801-004637.log: http://schemas.microsoft.com/win/2004/08/events/event
VERBOSE  time=2026-08-01 23:07:22, msg=Found URL in SensorEndpoint-20260801-004637.log: http://schemas.microsoft.com/win/2004/08/events/event
VERBOSE  time=2026-08-01 23:07:22, msg=Found URL in SensorEndpoint-20260801-004637.log: http://schemas.microsoft.com/win/2004/08/events/event
VERBOSE  time=2026-08-01 23:07:22, msg=Found URL in SensorEndpoint-20260801-004637.log: http://www.w3.org/2001/XMLSchema
VERBOSE  time=2026-08-01 23:07:22, msg=Found URL in SensorEndpoint-20260801-004637.log: http://www.w3.org/2001/XMLSchema-instance
VERBOSE  time=2026-08-01 23:07:22, msg=Found URL in SensorEndpoint-20260801-004637.log: http://schemas.microsoft.com/win/2004/08/events/event
VERBOSE  time=2026-08-01 23:07:22, msg=Found URL in SensorEndpoint-20260801-004637.log: http://schemas.microsoft.com/win/2004/08/events/event
VERBOSE  time=2026-08-01 23:07:22, msg=Found URL in SensorEndpoint-20260801-004637.log: http://schemas.microsoft.com/win/2004/08/events/event
VERBOSE  time=2026-08-01 23:07:22, msg=Found URL in SensorEndpoint-20260801-004637.log: http://schemas.microsoft.com/win/2004/08/events/event
VERBOSE  time=2026-08-01 23:07:22, msg=Found URL in SensorEndpoint-20260801-004637.log: http://schemas.microsoft.com/win/2004/08/events/event
VERBOSE  time=2026-08-01 23:07:22, msg=Found URL in SensorEndpoint-20260801-004637.log: http://schemas.microsoft.com/win/2004/08/events/event
VERBOSE  time=2026-08-01 23:07:22, msg=Found URL in SensorEndpoint-20260801-004637.log: http://schemas.microsoft.com/win/2004/08/events/event
VERBOSE  time=2026-08-01 23:07:22, msg=Found URL in SensorEndpoint-20260801-004637.log: http://schemas.microsoft.com/win/2004/08/events/event
VERBOSE  time=2026-08-01 23:07:22, msg=Found URL in SensorEndpoint-20260801-004637.log: http://schemas.microsoft.com/win/2004/08/events/event
VERBOSE  time=2026-08-01 23:07:22, msg=Found URL in SensorEndpoint-20260801-004637.log: http://schemas.microsoft.com/win/2004/08/events/event
VERBOSE  time=2026-08-01 23:07:22, msg=Found URL in SensorEndpoint-20260801-004637.log: http://schemas.microsoft.com/win/2004/08/events/event
VERBOSE  time=2026-08-01 23:07:22, msg=Found URL in SensorEndpoint-20260801-004637.log: http://schemas.microsoft.com/win/2004/08/events/event
VERBOSE  time=2026-08-01 23:07:22, msg=Found URL in SensorEndpoint-20260801-004637.log: http://schemas.microsoft.com/win/2004/08/events/event
VERBOSE  time=2026-08-01 23:07:22, msg=Found URL in SensorEndpoint-20260801-004637.log: http://schemas.microsoft.com/win/2004/08/events/event
VERBOSE  time=2026-08-01 23:07:22, msg=Found URL in SensorEndpoint-20260801-004637.log: http://schemas.microsoft.com/win/2004/08/events/event
VERBOSE  time=2026-08-01 23:07:22, msg=Found URL in SensorEndpoint-20260801-004637.log: http://schemas.microsoft.com/win/2004/08/events/event
VERBOSE  time=2026-08-01 23:07:22, msg=Found URL in SensorEndpoint-20260801-004637.log: http://schemas.microsoft.com/win/2004/08/events/event
VERBOSE  time=2026-08-01 23:07:22, msg=Found URL in SensorEndpoint-20260801-004637.log: http://www.w3.org/2001/XMLSchema
VERBOSE  time=2026-08-01 23:07:22, msg=Found URL in SensorEndpoint-20260801-004637.log: http://www.w3.org/2001/XMLSchema-instance
VERBOSE  time=2026-08-01 23:07:22, msg=Found URL in SensorEndpoint-20260801-004637.log: http://schemas.microsoft.com/win/2004/08/events/event
VERBOSE  time=2026-08-01 23:07:22, msg=Found URL in SensorEndpoint-20260801-004637.log: http://schemas.microsoft.com/win/2004/08/events/event
VERBOSE  time=2026-08-01 23:07:22, msg=Found URL in SensorEndpoint-20260801-004637.log: http://schemas.microsoft.com/win/2004/08/events/event
VERBOSE  time=2026-08-01 23:07:22, msg=Found URL in SensorEndpoint-20260801-004637.log: http://schemas.microsoft.com/win/2004/08/events/event
VERBOSE  time=2026-08-01 23:07:22, msg=Found URL in SensorEndpoint-20260801-004637.log: http://schemas.microsoft.com/win/2004/08/events/event
VERBOSE  time=2026-08-01 23:07:22, msg=Found URL in SensorEndpoint-20260801-004637.log: http://schemas.microsoft.com/win/2004/08/events/event
VERBOSE  time=2026-08-01 23:07:22, msg=Found URL in SensorEndpoint-20260801-004637.log: http://schemas.microsoft.com/win/2004/08/events/event
VERBOSE  time=2026-08-01 23:07:22, msg=Found URL in SensorEndpoint-20260801-004637.log: http://schemas.microsoft.com/win/2004/08/events/event
VERBOSE  time=2026-08-01 23:07:22, msg=Found URL in SensorEndpoint-20260801-004637.log: http://schemas.microsoft.com/win/2004/08/events/event
VERBOSE  time=2026-08-01 23:07:22, msg=Found URL in SensorEndpoint-20260801-004637.log: http://schemas.microsoft.com/win/2004/08/events/event
VERBOSE  time=2026-08-01 23:07:22, msg=Found URL in SensorEndpoint-20260801-004637.log: http://schemas.microsoft.com/win/2004/08/events/event
VERBOSE  time=2026-08-01 23:07:22, msg=Found URL in SensorEndpoint-20260801-004637.log: http://schemas.microsoft.com/win/2004/08/events/event
VERBOSE  time=2026-08-01 23:07:22, msg=Found URL in SensorEndpoint-20260801-004637.log: http://schemas.microsoft.com/win/2004/08/events/event
VERBOSE  time=2026-08-01 23:07:22, msg=Found URL in SensorEndpoint-20260801-004637.log: http://schemas.microsoft.com/win/2004/08/events/event
VERBOSE  time=2026-08-01 23:07:22, msg=Found URL in SensorEndpoint-20260801-004637.log: http://schemas.microsoft.com/win/2004/08/events/event
VERBOSE  time=2026-08-01 23:07:22, msg=Found URL in SensorEndpoint-20260801-004637.log: http://schemas.microsoft.com/win/2004/08/events/event
VERBOSE  time=2026-08-01 23:07:22, msg=Found URL in SensorEndpoint-20260801-004637.log: http://schemas.microsoft.com/win/2004/08/events/event
VERBOSE  time=2026-08-01 23:07:22, msg=Found URL in SensorEndpoint-20260801-004637.log: http://www.w3.org/2001/XMLSchema
VERBOSE  time=2026-08-01 23:07:22, msg=Found URL in SensorEndpoint-20260801-004637.log: http://www.w3.org/2001/XMLSchema-instance
VERBOSE  time=2026-08-01 23:07:22, msg=Found URL in SensorEndpoint-20260801-004637.log: http://schemas.microsoft.com/win/2004/08/events/event
VERBOSE  time=2026-08-01 23:07:22, msg=Found URL in SensorEndpoint-20260801-004637.log: http://schemas.microsoft.com/win/2004/08/events/event
VERBOSE  time=2026-08-01 23:07:22, msg=Found URL in SensorEndpoint-20260801-004637.log: http://schemas.microsoft.com/win/2004/08/events/event
VERBOSE  time=2026-08-01 23:07:22, msg=Found URL in SensorEndpoint-20260801-004637.log: http://schemas.microsoft.com/win/2004/08/events/event
VERBOSE  time=2026-08-01 23:07:22, msg=Found URL in SensorEndpoint-20260801-004637.log: http://schemas.microsoft.com/win/2004/08/events/event
VERBOSE  time=2026-08-01 23:07:22, msg=Found URL in SensorEndpoint-20260801-004637.log: http://schemas.microsoft.com/win/2004/08/events/event
VERBOSE  time=2026-08-01 23:07:22, msg=Found URL in SensorEndpoint-20260801-004637.log: http://www.w3.org/2001/XMLSchema
VERBOSE  time=2026-08-01 23:07:22, msg=Found URL in SensorEndpoint-20260801-004637.log: http://www.w3.org/2001/XMLSchema-instance
VERBOSE  time=2026-08-01 23:07:22, msg=Found URL in SensorEndpoint-20260801-004637.log: http://schemas.microsoft.com/win/2004/08/events/event
VERBOSE  time=2026-08-01 23:07:22, msg=Found URL in SensorEndpoint-20260801-004637.log: http://www.w3.org/2001/XMLSchema
VERBOSE  time=2026-08-01 23:07:22, msg=Found URL in SensorEndpoint-20260801-004637.log: http://www.w3.org/2001/XMLSchema-instance
VERBOSE  time=2026-08-01 23:07:22, msg=Found URL in SensorEndpoint-20260801-004637.log: http://schemas.microsoft.com/win/2004/08/events/event
VERBOSE  time=2026-08-01 23:07:22, msg=Found URL in SensorEndpoint-20260801-004637.log: http://schemas.microsoft.com/win/2004/08/events/event
VERBOSE  time=2026-08-01 23:07:22, msg=Found URL in SensorEndpoint-20260801-004637.log: http://schemas.microsoft.com/win/2004/08/events/event
VERBOSE  time=2026-08-01 23:07:22, msg=Found URL in SensorEndpoint-20260801-004637.log: http://schemas.microsoft.com/win/2004/08/events/event
VERBOSE  time=2026-08-01 23:07:22, msg=Found URL in SensorEndpoint-20260801-004637.log: http://schemas.microsoft.com/win/2004/08/events/event
VERBOSE  time=2026-08-01 23:07:22, msg=Found URL in SensorEndpoint-20260801-004637.log: http://schemas.microsoft.com/win/2004/08/events/event
VERBOSE  time=2026-08-01 23:07:22, msg=Found URL in SensorEndpoint-20260801-004637.log: http://schemas.microsoft.com/win/2004/08/events/event
VERBOSE  time=2026-08-01 23:07:22, msg=Found URL in SensorEndpoint-20260801-004637.log: http://schemas.microsoft.com/win/2004/08/events/event
VERBOSE  time=2026-08-01 23:07:22, msg=Found URL in SensorEndpoint-20260801-004637.log: http://schemas.microsoft.com/win/2004/08/events/event
VERBOSE  time=2026-08-01 23:07:22, msg=Found URL in SensorEndpoint-20260801-004637.log: http://schemas.microsoft.com/win/2004/08/events/event
VERBOSE  time=2026-08-01 23:07:22, msg=Found URL in SensorEndpoint-20260801-004637.log: http://schemas.microsoft.com/win/2004/08/events/event
VERBOSE  time=2026-08-01 23:07:22, msg=Found URL in SensorEndpoint-20260801-004637.log: http://schemas.microsoft.com/win/2004/08/events/event
VERBOSE  time=2026-08-01 23:07:22, msg=Processing log file: C:\Windows\CCM\Logs\SensorEndpoint.log
VERBOSE  time=2026-08-01 23:07:22, msg=Found URL in SensorEndpoint.log: http://www.w3.org/2001/XMLSchema
VERBOSE  time=2026-08-01 23:07:22, msg=Found URL in SensorEndpoint.log: http://www.w3.org/2001/XMLSchema-instance
VERBOSE  time=2026-08-01 23:07:22, msg=Found URL in SensorEndpoint.log: http://schemas.microsoft.com/win/2004/08/events/event
VERBOSE  time=2026-08-01 23:07:22, msg=Found URL in SensorEndpoint.log: http://schemas.microsoft.com/win/2004/08/events/event
VERBOSE  time=2026-08-01 23:07:22, msg=Found URL in SensorEndpoint.log: http://schemas.microsoft.com/win/2004/08/events/event
VERBOSE  time=2026-08-01 23:07:22, msg=Found URL in SensorEndpoint.log: http://schemas.microsoft.com/win/2004/08/events/event
VERBOSE  time=2026-08-01 23:07:22, msg=Found URL in SensorEndpoint.log: http://schemas.microsoft.com/win/2004/08/events/event
VERBOSE  time=2026-08-01 23:07:22, msg=Found URL in SensorEndpoint.log: http://schemas.microsoft.com/win/2004/08/events/event
VERBOSE  time=2026-08-01 23:07:22, msg=Found URL in SensorEndpoint.log: http://schemas.microsoft.com/win/2004/08/events/event
VERBOSE  time=2026-08-01 23:07:22, msg=Found URL in SensorEndpoint.log: http://schemas.microsoft.com/win/2004/08/events/event
VERBOSE  time=2026-08-01 23:07:22, msg=Found URL in SensorEndpoint.log: http://schemas.microsoft.com/win/2004/08/events/event
VERBOSE  time=2026-08-01 23:07:22, msg=Found URL in SensorEndpoint.log: http://schemas.microsoft.com/win/2004/08/events/event
VERBOSE  time=2026-08-01 23:07:22, msg=Found URL in SensorEndpoint.log: http://schemas.microsoft.com/win/2004/08/events/event
VERBOSE  time=2026-08-01 23:07:22, msg=Found URL in SensorEndpoint.log: http://schemas.microsoft.com/win/2004/08/events/event
VERBOSE  time=2026-08-01 23:07:22, msg=Found URL in SensorEndpoint.log: http://schemas.microsoft.com/win/2004/08/events/event
VERBOSE  time=2026-08-01 23:07:22, msg=Found URL in SensorEndpoint.log: http://schemas.microsoft.com/win/2004/08/events/event
VERBOSE  time=2026-08-01 23:07:22, msg=Found URL in SensorEndpoint.log: http://schemas.microsoft.com/win/2004/08/events/event
VERBOSE  time=2026-08-01 23:07:22, msg=Found URL in SensorEndpoint.log: http://schemas.microsoft.com/win/2004/08/events/event
VERBOSE  time=2026-08-01 23:07:22, msg=Found URL in SensorEndpoint.log: http://schemas.microsoft.com/win/2004/08/events/event
VERBOSE  time=2026-08-01 23:07:22, msg=Found URL in SensorEndpoint.log: http://schemas.microsoft.com/win/2004/08/events/event
VERBOSE  time=2026-08-01 23:07:22, msg=Processing log file: C:\Windows\CCM\Logs\SensorWmiProvider.log
VERBOSE  time=2026-08-01 23:07:22, msg=Processing log file: C:\Windows\CCM\Logs\ServiceWindowManager.log
VERBOSE  time=2026-08-01 23:07:22, msg=Processing log file: C:\Windows\CCM\Logs\SettingsAgent.log
VERBOSE  time=2026-08-01 23:07:22, msg=Processing log file: C:\Windows\CCM\Logs\setuppolicyevaluator.log
VERBOSE  time=2026-08-01 23:07:22, msg=Processing log file: C:\Windows\CCM\Logs\SoftwareCatalogUpdateEndpoint.log
VERBOSE  time=2026-08-01 23:07:22, msg=Processing log file: C:\Windows\CCM\Logs\SoftwareCenterSystemTasks.log
VERBOSE  time=2026-08-01 23:07:22, msg=Processing log file: C:\Windows\CCM\Logs\SrcUpdateMgr.log
VERBOSE  time=2026-08-01 23:07:22, msg=Processing log file: C:\Windows\CCM\Logs\StateMessage.log
VERBOSE  time=2026-08-01 23:07:22, msg=Processing log file: C:\Windows\CCM\Logs\StateMessageProvider-20260725-114135.log
VERBOSE  time=2026-08-01 23:07:22, msg=Processing log file: C:\Windows\CCM\Logs\StateMessageProvider.log
VERBOSE  time=2026-08-01 23:07:22, msg=Processing log file: C:\Windows\CCM\Logs\StatusAgent-20260731-154244.log
VERBOSE  time=2026-08-01 23:07:22, msg=Processing log file: C:\Windows\CCM\Logs\StatusAgent.log
VERBOSE  time=2026-08-01 23:07:22, msg=Processing log file: C:\Windows\CCM\Logs\SWMTRReportGen.log
VERBOSE  time=2026-08-01 23:07:22, msg=Processing log file: C:\Windows\CCM\Logs\SystemTempLockdown.log
VERBOSE  time=2026-08-01 23:07:22, msg=Processing log file: C:\Windows\CCM\Logs\UpdatesDeployment.log
VERBOSE  time=2026-08-01 23:07:22, msg=Processing log file: C:\Windows\CCM\Logs\UpdatesHandler.log
VERBOSE  time=2026-08-01 23:07:22, msg=Processing log file: C:\Windows\CCM\Logs\UpdatesStore.log
VERBOSE  time=2026-08-01 23:07:22, msg=Processing log file: C:\Windows\CCM\Logs\UpdateTrustedSites.log
VERBOSE  time=2026-08-01 23:07:22, msg=Processing log file: C:\Windows\CCM\Logs\UserAffinity.log
VERBOSE  time=2026-08-01 23:07:22, msg=Processing log file: C:\Windows\CCM\Logs\UserAffinityProvider.log
VERBOSE  time=2026-08-01 23:07:22, msg=Processing log file: C:\Windows\CCM\Logs\VirtualApp.log
VERBOSE  time=2026-08-01 23:07:22, msg=Processing log file: C:\Windows\CCM\Logs\wedmtrace.log
VERBOSE  time=2026-08-01 23:07:22, msg=Processing log file: C:\Windows\CCM\Logs\WindowsAnalytics.log
VERBOSE  time=2026-08-01 23:07:22, msg=Processing log file: C:\Windows\CCM\Logs\WUAHandler.log
VERBOSE  time=2026-08-01 23:07:22, msg=Processing log file: C:\Windows\CCM\Logs\_SCNotify_mayyhem@domainadmin_1.log
VERBOSE  time=2026-08-01 23:07:23, msg=Processing log file: C:\Windows\ccmsetup\Logs\ccmsetup-ccmeval.log
VERBOSE  time=2026-08-01 23:07:23, msg=Processing log file: C:\Windows\ccmsetup\Logs\ccmsetup.log
VERBOSE  time=2026-08-01 23:07:23, msg=Found URL in ccmsetup.log: http://ps1-mp.mayyhem.com
VERBOSE  time=2026-08-01 23:07:23, msg=Found URL in ccmsetup.log: http://ps1-mp.mayyhem.com
VERBOSE  time=2026-08-01 23:07:23, msg=Found URL in ccmsetup.log: http://ps1-mp.mayyhem.com/CCM_Client/ccmsetup.cab
VERBOSE  time=2026-08-01 23:07:23, msg=Found URL in ccmsetup.log: http://ps1-mp.mayyhem.com
VERBOSE  time=2026-08-01 23:07:23, msg=Found URL in ccmsetup.log: http://ps1-dp.mayyhem.com/SMS_DP_SMSPKG$/PS100003
VERBOSE  time=2026-08-01 23:07:23, msg=Found URL in ccmsetup.log: http://ps1-dp.mayyhem.com/SMS_DP_SMSSIG$/PS100003
VERBOSE  time=2026-08-01 23:07:23, msg=Found URL in ccmsetup.log: https://ps1-dp.mayyhem.com/CCMTOKENAUTH_SMS_DP_SMSPKG$/PS100003
VERBOSE  time=2026-08-01 23:07:23, msg=Found URL in ccmsetup.log: https://ps1-dp.mayyhem.com/CCMTOKENAUTH_SMS_DP_SMSSIG$/PS100003
VERBOSE  time=2026-08-01 23:07:23, msg=Found URL in ccmsetup.log: http://ps1-dp.mayyhem.com/SMS_DP_SMSPKG$/PS100003
VERBOSE  time=2026-08-01 23:07:23, msg=Found URL in ccmsetup.log: http://ps1-dp.mayyhem.com/SMS_DP_SMSSIG$/PS100003
VERBOSE  time=2026-08-01 23:07:23, msg=Found URL in ccmsetup.log: https://ps1-dp.mayyhem.com/CCMTOKENAUTH_SMS_DP_SMSPKG$/PS100003
VERBOSE  time=2026-08-01 23:07:23, msg=Found URL in ccmsetup.log: https://ps1-dp.mayyhem.com/CCMTOKENAUTH_SMS_DP_SMSSIG$/PS100003
VERBOSE  time=2026-08-01 23:07:23, msg=Found URL in ccmsetup.log: https://ps1-dp.mayyhem.com/CCMTOKENAUTH_SMS_DP_SMSPKG$/PS100003
VERBOSE  time=2026-08-01 23:07:23, msg=Found URL in ccmsetup.log: http://ps1-dp.mayyhem.com/SMS_DP_SMSPKG$/PS100003,
VERBOSE  time=2026-08-01 23:07:23, msg=Found URL in ccmsetup.log: http://ps1-dp.mayyhem.com/SMS_DP_SMSPKG$/PS100003
VERBOSE  time=2026-08-01 23:07:23, msg=Found URL in ccmsetup.log: http://ps1-dp.mayyhem.com/SMS_DP_SMSPKG$/PS100003.
VERBOSE  time=2026-08-01 23:07:23, msg=Found URL in ccmsetup.log: http://ps1-mp.mayyhem.com/CCM_Client/ccmsetup.cab
VERBOSE  time=2026-08-01 23:07:23, msg=Found URL in ccmsetup.log: http://ps1-mp.mayyhem.com/CCM_Client/x64/ClientPatch,
VERBOSE  time=2026-08-01 23:07:23, msg=Found URL in ccmsetup.log: http://ps1-mp.mayyhem.com/CCM_Client/x64/ClientPatch
VERBOSE  time=2026-08-01 23:07:23, msg=Found URL in ccmsetup.log: http://ps1-mp.mayyhem.com:80/CCM_Client/i386/vcredist_x86.exe
VERBOSE  time=2026-08-01 23:07:23, msg=Found URL in ccmsetup.log: http://ps1-mp.mayyhem.com:80/CCM_Client/x64/vcredist_x64.exe
VERBOSE  time=2026-08-01 23:07:23, msg=Found URL in ccmsetup.log: http://ps1-mp.mayyhem.com:80/CCM_Client/x64/MicrosoftPolicyPlatformSetup.msi
VERBOSE  time=2026-08-01 23:07:23, msg=Found URL in ccmsetup.log: http://ps1-mp.mayyhem.com:80/CCM_Client/x64/WindowsFirewallConfigurationProvider.msi
VERBOSE  time=2026-08-01 23:07:23, msg=Found URL in ccmsetup.log: http://ps1-mp.mayyhem.com:80/CCM_Client/x64/client.msi
VERBOSE  time=2026-08-01 23:07:23, msg=Found URL in ccmsetup.log: http://ps1-mp.mayyhem.com
VERBOSE  time=2026-08-01 23:07:23, msg=Found URL in ccmsetup.log: http://ps1-mp.mayyhem.com/CCM_Client
VERBOSE  time=2026-08-01 23:07:23, msg=Processing log file: C:\Windows\ccmsetup\Logs\client.msi.log
VERBOSE  time=2026-08-01 23:07:25, msg=Processing log file: C:\Windows\ccmsetup\Logs\MicrosoftPolicyPlatformSetup.msi.log
VERBOSE  time=2026-08-01 23:07:25, msg=Processing log file: C:\Windows\ccmsetup\Logs\VCRedist_x64_Install.log
VERBOSE  time=2026-08-01 23:07:25, msg=Processing log file: C:\Windows\ccmsetup\Logs\VCRedist_x64_Install_000_vcRuntimeMinimum_x64.log
VERBOSE  time=2026-08-01 23:07:25, msg=Processing log file: C:\Windows\ccmsetup\Logs\VCRedist_x64_Install_001_vcRuntimeAdditional_x64.log
VERBOSE  time=2026-08-01 23:07:25, msg=Processing log file: C:\Windows\ccmsetup\Logs\VCRedist_x86_Install.log
VERBOSE  time=2026-08-01 23:07:25, msg=Processing log file: C:\Windows\ccmsetup\Logs\VCRedist_x86_Install_000_vcRuntimeMinimum_x86.log
VERBOSE  time=2026-08-01 23:07:25, msg=Processing log file: C:\Windows\ccmsetup\Logs\VCRedist_x86_Install_001_vcRuntimeAdditional_x86.log
DEBUG    time=2026-08-01 23:07:25, msg=Skipping localhost reference found in client logs: localhost
INFO     time=2026-08-01 23:07:25, msg=[mayyhem.com][Local] Host resolved to RFC1918 IP address: ps1-dp.mayyhem.com (10.2.11.56)
VERBOSE  time=2026-08-01 23:07:25, msg=LDAP search: base=DC=MAYYHEM,DC=COM filter=(|(cn=ps1-dp.mayyhem.com)(sAMAccountName=ps1-dp.mayyhem.com)(sAMAccountName=ps1-dp.mayyhem.com$)(dNSHostName=ps1-dp.mayyhem.com)(dNSHostName=ps1-dp.mayyhem.com.*)(userPrincipalName=ps1-dp.mayyhem.com)(objectSid=ps1-dp.mayyhem.com))
VERBOSE  time=2026-08-01 23:07:25, msg=LDAP search complete: entries=1 pages=1
VERBOSE  time=2026-08-01 23:07:25, msg=Already registered target: ps1-dp.mayyhem.com
INFO     time=2026-08-01 23:07:25, msg=[mayyhem.com][Local] Found host in client logs: ps1-dp.mayyhem.com (S-1-5-21-3242052782-1287495003-4091326449-1117)
INFO     time=2026-08-01 23:07:25, msg=[mayyhem.com][Local] Host resolved to RFC1918 IP address: ps1-mp.mayyhem.com (10.2.11.55)
VERBOSE  time=2026-08-01 23:07:25, msg=Already registered target: ps1-mp.mayyhem.com
INFO     time=2026-08-01 23:07:25, msg=[mayyhem.com][Local] Found host in client logs: ps1-mp.mayyhem.com (S-1-5-21-3242052782-1287495003-4091326449-1118)
DEBUG    time=2026-08-01 23:07:25, msg=Host found in client logs resolved to non-RFC1918 IP address, skipping: schemas.microsoft.com (150.171.109.66)
DEBUG    time=2026-08-01 23:07:25, msg=Host found in client logs resolved to non-RFC1918 IP address, skipping: www.w3.org (104.18.23.19)

========================================================================
# ldap_cmrc_devices
========================================================================
INFO     time=2026-08-01 23:07:18, msg=[mayyhem.com][LDAP] Searching for computers with Remote Control SPN (CmRcService/*)...
VERBOSE  time=2026-08-01 23:07:18, msg=LDAP search: base=DC=mayyhem,DC=com filter=(servicePrincipalName=CmRcService/*)
VERBOSE  time=2026-08-01 23:07:18, msg=LDAP search complete: entries=14 pages=1
INFO     time=2026-08-01 23:07:18, msg=[mayyhem.com][LDAP] Found 14 computers with CmRcService SPN in mayyhem.com
VERBOSE  time=2026-08-01 23:07:18, msg=Found computer with Remote Control SPN: cas-db.mayyhem.com (S-1-5-21-3242052782-1287495003-4091326449-1108)
VERBOSE  time=2026-08-01 23:07:25, msg=Found computer with Remote Control SPN: cas-scp.mayyhem.com (S-1-5-21-3242052782-1287495003-4091326449-1107)
VERBOSE  time=2026-08-01 23:07:25, msg=Found computer with Remote Control SPN: hi2-pss.mayyhem.com (S-1-5-21-3242052782-1287495003-4091326449-1114)
VERBOSE  time=2026-08-01 23:07:25, msg=Found computer with Remote Control SPN: ps1-db.mayyhem.com (S-1-5-21-3242052782-1287495003-4091326449-1109)
VERBOSE  time=2026-08-01 23:07:25, msg=Found computer with Remote Control SPN: ps1-dev.mayyhem.com (S-1-5-21-3242052782-1287495003-4091326449-1119)
VERBOSE  time=2026-08-01 23:07:25, msg=Found computer with Remote Control SPN: ps1-dev2.mayyhem.com (S-1-5-21-3242052782-1287495003-4091326449-1551)
VERBOSE  time=2026-08-01 23:07:25, msg=Found computer with Remote Control SPN: ps1-dp.mayyhem.com (S-1-5-21-3242052782-1287495003-4091326449-1117)
VERBOSE  time=2026-08-01 23:07:25, msg=Found computer with Remote Control SPN: ps1-lib.mayyhem.com (S-1-5-21-3242052782-1287495003-4091326449-1110)
VERBOSE  time=2026-08-01 23:07:26, msg=Found computer with Remote Control SPN: ps1-mp.mayyhem.com (S-1-5-21-3242052782-1287495003-4091326449-1118)
VERBOSE  time=2026-08-01 23:07:26, msg=Found computer with Remote Control SPN: ps1-pss.mayyhem.com (S-1-5-21-3242052782-1287495003-4091326449-1112)
VERBOSE  time=2026-08-01 23:07:26, msg=Found computer with Remote Control SPN: ps1-psv.mayyhem.com (S-1-5-21-3242052782-1287495003-4091326449-1111)
VERBOSE  time=2026-08-01 23:07:26, msg=Found computer with Remote Control SPN: ps1-sec.mayyhem.com (S-1-5-21-3242052782-1287495003-4091326449-1113)
VERBOSE  time=2026-08-01 23:07:26, msg=Found computer with Remote Control SPN: ps1-sms.mayyhem.com (S-1-5-21-3242052782-1287495003-4091326449-1123)
VERBOSE  time=2026-08-01 23:07:26, msg=Found computer with Remote Control SPN: ps2-pss.mayyhem.com (S-1-5-21-3242052782-1287495003-4091326449-1115)

========================================================================
# ldap_system_management_dacl
========================================================================
INFO     time=2026-08-01 23:07:18, msg=[mayyhem.com][LDAP] Checking permissions on System Management container...
VERBOSE  time=2026-08-01 23:07:18, msg=LDAP search: base=CN=System Management,CN=System,DC=mayyhem,DC=com filter=(objectClass=container)
VERBOSE  time=2026-08-01 23:07:18, msg=LDAP search complete: entries=1 pages=1
DEBUG    time=2026-08-01 23:07:18, msg=System Management container objectGUID resolved to 1DFDF6E9-1C57-46D1-9653-A07EA42D424C
VERBOSE  time=2026-08-01 23:07:18, msg=LDAP search: base=DC=MAYYHEM,DC=COM filter=(|(cn=s-1-5-21-3242052782-1287495003-4091326449-512)(sAMAccountName=s-1-5-21-3242052782-1287495003-4091326449-512)(sAMAccountName=s-1-5-21-3242052782-1287495003-4091326449-512$)(dNSHostName=s-1-5-21-3242052782-1287495003-4091326449-512)(dNSHostName=s-1-5-21-3242052782-1287495003-4091326449-512.*)(userPrincipalName=s-1-5-21-3242052782-1287495003-4091326449-512)(objectSid=s-1-5-21-3242052782-1287495003-4091326449-512))
VERBOSE  time=2026-08-01 23:07:18, msg=LDAP search complete: entries=1 pages=1
DEBUG    time=2026-08-01 23:07:18, msg=Recorded resolved principal for persistence: sid=S-1-5-21-3242052782-1287495003-4091326449-512 cn=Domain Admins
VERBOSE  time=2026-08-01 23:07:18, msg=LDAP search: base=CN=Domain Admins,CN=Users,DC=mayyhem,DC=com filter=(objectClass=*)
VERBOSE  time=2026-08-01 23:07:18, msg=LDAP search complete: entries=1 pages=1
VERBOSE  time=2026-08-01 23:07:18, msg=LDAP search: base=CN=Workstation Admins,CN=Users,DC=mayyhem,DC=com filter=(objectClass=*)
VERBOSE  time=2026-08-01 23:07:18, msg=LDAP search complete: entries=1 pages=1
DEBUG    time=2026-08-01 23:07:18, msg=Recorded resolved principal for persistence: sid=S-1-5-21-3242052782-1287495003-4091326449-1131 cn=Workstation Admins
VERBOSE  time=2026-08-01 23:07:18, msg=LDAP search: base=CN=Workstation Admins,CN=Users,DC=mayyhem,DC=com filter=(objectClass=*)
VERBOSE  time=2026-08-01 23:07:18, msg=LDAP search complete: entries=1 pages=1
VERBOSE  time=2026-08-01 23:07:18, msg=LDAP search: base=CN=IT Helpdesk,CN=Users,DC=mayyhem,DC=com filter=(objectClass=*)
VERBOSE  time=2026-08-01 23:07:18, msg=LDAP search complete: entries=1 pages=1
DEBUG    time=2026-08-01 23:07:18, msg=Recorded resolved principal for persistence: sid=S-1-5-21-3242052782-1287495003-4091326449-1130 cn=IT Helpdesk
VERBOSE  time=2026-08-01 23:07:18, msg=LDAP search: base=CN=IT Helpdesk,CN=Users,DC=mayyhem,DC=com filter=(objectClass=*)
VERBOSE  time=2026-08-01 23:07:18, msg=LDAP search complete: entries=1 pages=1
VERBOSE  time=2026-08-01 23:07:18, msg=LDAP search: base=CN=Rohan Vazarkar,CN=Users,DC=mayyhem,DC=com filter=(objectClass=*)
VERBOSE  time=2026-08-01 23:07:18, msg=LDAP search complete: entries=1 pages=1
DEBUG    time=2026-08-01 23:07:18, msg=Recorded resolved principal for persistence: sid=S-1-5-21-3242052782-1287495003-4091326449-1546 cn=Rohan Vazarkar
INFO     time=2026-08-01 23:07:18, msg=[mayyhem.com][LDAP] System Management container ACL group expansion: user member rvazarkar controls the container (modeled, not a scan target)
VERBOSE  time=2026-08-01 23:07:18, msg=LDAP search: base=CN=PS1-DEV,OU=Workstations,DC=mayyhem,DC=com filter=(objectClass=*)
VERBOSE  time=2026-08-01 23:07:18, msg=LDAP search complete: entries=1 pages=1
DEBUG    time=2026-08-01 23:07:18, msg=Recorded resolved principal for persistence: sid=S-1-5-21-3242052782-1287495003-4091326449-1119 cn=PS1-DEV
INFO     time=2026-08-01 23:07:18, msg=[mayyhem.com][LDAP] Added collection target: 'ps1-dev.mayyhem.com' from 'LDAP-GenericAllSystemManagement'
VERBOSE  time=2026-08-01 23:07:18, msg=LDAP search: base=CN=domainuser,CN=Users,DC=mayyhem,DC=com filter=(objectClass=*)
VERBOSE  time=2026-08-01 23:07:18, msg=LDAP search complete: entries=1 pages=1
DEBUG    time=2026-08-01 23:07:18, msg=Recorded resolved principal for persistence: sid=S-1-5-21-3242052782-1287495003-4091326449-1104 cn=domainuser
INFO     time=2026-08-01 23:07:18, msg=[mayyhem.com][LDAP] System Management container ACL group expansion: user member domainuser controls the container (modeled, not a scan target)
VERBOSE  time=2026-08-01 23:07:18, msg=LDAP search: base=CN=domainadmin,CN=Users,DC=mayyhem,DC=com filter=(objectClass=*)
VERBOSE  time=2026-08-01 23:07:18, msg=LDAP search complete: entries=1 pages=1
DEBUG    time=2026-08-01 23:07:18, msg=Recorded resolved principal for persistence: sid=S-1-5-21-3242052782-1287495003-4091326449-1105 cn=domainadmin
INFO     time=2026-08-01 23:07:18, msg=[mayyhem.com][LDAP] System Management container ACL group expansion: user member domainadmin controls the container (modeled, not a scan target)
VERBOSE  time=2026-08-01 23:07:18, msg=LDAP search: base=CN=Administrator,CN=Users,DC=mayyhem,DC=com filter=(objectClass=*)
VERBOSE  time=2026-08-01 23:07:18, msg=LDAP search complete: entries=1 pages=1
DEBUG    time=2026-08-01 23:07:18, msg=Recorded resolved principal for persistence: sid=S-1-5-21-3242052782-1287495003-4091326449-500 cn=Administrator
INFO     time=2026-08-01 23:07:18, msg=[mayyhem.com][LDAP] System Management container ACL group expansion: user member Administrator controls the container (modeled, not a scan target)
INFO     time=2026-08-01 23:07:25, msg=[mayyhem.com][LDAP] Found group with GenericAll on System Management container: Domain Admins (S-1-5-21-3242052782-1287495003-4091326449-512)
VERBOSE  time=2026-08-01 23:07:26, msg=LDAP search: base=DC=MAYYHEM,DC=COM filter=(|(cn=s-1-5-21-3242052782-1287495003-4091326449-1106)(sAMAccountName=s-1-5-21-3242052782-1287495003-4091326449-1106)(sAMAccountName=s-1-5-21-3242052782-1287495003-4091326449-1106$)(dNSHostName=s-1-5-21-3242052782-1287495003-4091326449-1106)(dNSHostName=s-1-5-21-3242052782-1287495003-4091326449-1106.*)(userPrincipalName=s-1-5-21-3242052782-1287495003-4091326449-1106)(objectSid=s-1-5-21-3242052782-1287495003-4091326449-1106))
VERBOSE  time=2026-08-01 23:07:26, msg=LDAP search complete: entries=1 pages=1
DEBUG    time=2026-08-01 23:07:26, msg=Recorded resolved principal for persistence: sid=S-1-5-21-3242052782-1287495003-4091326449-1106 cn=CAS-PSS
INFO     time=2026-08-01 23:07:26, msg=[mayyhem.com][LDAP] Added collection target: 'cas-pss.mayyhem.com' from 'LDAP-GenericAllSystemManagement'
INFO     time=2026-08-01 23:07:26, msg=[mayyhem.com][LDAP] Found computer with GenericAll on System Management container: CAS-PSS$ (S-1-5-21-3242052782-1287495003-4091326449-1106)
VERBOSE  time=2026-08-01 23:07:26, msg=LDAP search: base=DC=MAYYHEM,DC=COM filter=(|(cn=s-1-5-21-3242052782-1287495003-4091326449-1112)(sAMAccountName=s-1-5-21-3242052782-1287495003-4091326449-1112)(sAMAccountName=s-1-5-21-3242052782-1287495003-4091326449-1112$)(dNSHostName=s-1-5-21-3242052782-1287495003-4091326449-1112)(dNSHostName=s-1-5-21-3242052782-1287495003-4091326449-1112.*)(userPrincipalName=s-1-5-21-3242052782-1287495003-4091326449-1112)(objectSid=s-1-5-21-3242052782-1287495003-4091326449-1112))
VERBOSE  time=2026-08-01 23:07:26, msg=LDAP search complete: entries=1 pages=1
DEBUG    time=2026-08-01 23:07:26, msg=Recorded resolved principal for persistence: sid=S-1-5-21-3242052782-1287495003-4091326449-1112 cn=PS1-PSS
INFO     time=2026-08-01 23:07:26, msg=[mayyhem.com][LDAP] Added collection target: 'ps1-pss.mayyhem.com' from 'LDAP-GenericAllSystemManagement'
INFO     time=2026-08-01 23:07:26, msg=[mayyhem.com][LDAP] Found computer with GenericAll on System Management container: PS1-PSS$ (S-1-5-21-3242052782-1287495003-4091326449-1112)
VERBOSE  time=2026-08-01 23:07:26, msg=LDAP search: base=DC=MAYYHEM,DC=COM filter=(|(cn=s-1-5-21-3242052782-1287495003-4091326449-1115)(sAMAccountName=s-1-5-21-3242052782-1287495003-4091326449-1115)(sAMAccountName=s-1-5-21-3242052782-1287495003-4091326449-1115$)(dNSHostName=s-1-5-21-3242052782-1287495003-4091326449-1115)(dNSHostName=s-1-5-21-3242052782-1287495003-4091326449-1115.*)(userPrincipalName=s-1-5-21-3242052782-1287495003-4091326449-1115)(objectSid=s-1-5-21-3242052782-1287495003-4091326449-1115))
VERBOSE  time=2026-08-01 23:07:26, msg=LDAP search complete: entries=1 pages=1
DEBUG    time=2026-08-01 23:07:26, msg=Recorded resolved principal for persistence: sid=S-1-5-21-3242052782-1287495003-4091326449-1115 cn=PS2-PSS
INFO     time=2026-08-01 23:07:26, msg=[mayyhem.com][LDAP] Added collection target: 'ps2-pss.mayyhem.com' from 'LDAP-GenericAllSystemManagement'
INFO     time=2026-08-01 23:07:26, msg=[mayyhem.com][LDAP] Found computer with GenericAll on System Management container: PS2-PSS$ (S-1-5-21-3242052782-1287495003-4091326449-1115)
VERBOSE  time=2026-08-01 23:07:26, msg=LDAP search: base=DC=MAYYHEM,DC=COM filter=(|(cn=s-1-5-18)(sAMAccountName=s-1-5-18)(sAMAccountName=s-1-5-18$)(dNSHostName=s-1-5-18)(dNSHostName=s-1-5-18.*)(userPrincipalName=s-1-5-18)(objectSid=s-1-5-18))
VERBOSE  time=2026-08-01 23:07:26, msg=LDAP search complete: entries=0 pages=1
WARNING  time=2026-08-01 23:07:26, msg=[mayyhem.com][LDAP] Could not resolve GenericAll principal 'S-1-5-18' to domain object
VERBOSE  time=2026-08-01 23:07:26, msg=LDAP search: base=DC=MAYYHEM,DC=COM filter=(|(cn=s-1-5-21-3242052782-1287495003-4091326449-519)(sAMAccountName=s-1-5-21-3242052782-1287495003-4091326449-519)(sAMAccountName=s-1-5-21-3242052782-1287495003-4091326449-519$)(dNSHostName=s-1-5-21-3242052782-1287495003-4091326449-519)(dNSHostName=s-1-5-21-3242052782-1287495003-4091326449-519.*)(userPrincipalName=s-1-5-21-3242052782-1287495003-4091326449-519)(objectSid=s-1-5-21-3242052782-1287495003-4091326449-519))
VERBOSE  time=2026-08-01 23:07:26, msg=LDAP search complete: entries=1 pages=1
DEBUG    time=2026-08-01 23:07:26, msg=Recorded resolved principal for persistence: sid=S-1-5-21-3242052782-1287495003-4091326449-519 cn=Enterprise Admins
VERBOSE  time=2026-08-01 23:07:26, msg=LDAP search: base=CN=Enterprise Admins,CN=Users,DC=mayyhem,DC=com filter=(objectClass=*)
VERBOSE  time=2026-08-01 23:07:26, msg=LDAP search complete: entries=1 pages=1
INFO     time=2026-08-01 23:07:26, msg=[mayyhem.com][LDAP] System Management container ACL group expansion: user member domainadmin controls the container (modeled, not a scan target)
INFO     time=2026-08-01 23:07:26, msg=[mayyhem.com][LDAP] System Management container ACL group expansion: user member Administrator controls the container (modeled, not a scan target)
INFO     time=2026-08-01 23:07:26, msg=[mayyhem.com][LDAP] Found group with GenericAll on System Management container: Enterprise Admins (S-1-5-21-3242052782-1287495003-4091326449-519)

========================================================================
# ps1-dp.mayyhem.com
========================================================================
INFO     time=2026-08-01 23:07:28, msg=[ps1-dp.mayyhem.com][RemoteRegistry] Starting Remote Registry collection on ps1-dp.mayyhem.com...
VERBOSE  time=2026-08-01 23:07:28, msg=Probing Remote Registry on ps1-dp.mayyhem.com (port 445)
VERBOSE  time=2026-08-01 23:07:28, msg=SMB auth: explicit NTLM as MAYYHEM\lowpriv on ps1-dp.mayyhem.com
VERBOSE  time=2026-08-01 23:07:29, msg=Remote Registry bind to ps1-dp.mayyhem.com succeeded on attempt 1
VERBOSE  time=2026-08-01 23:07:29, msg=Querying SOFTWARE\Microsoft\SMS\CurrentUser for logged-in user's domain SID
VERBOSE  time=2026-08-01 23:07:29, msg=Enumerating values under SOFTWARE\Microsoft\SMS\CurrentUser
VERBOSE  time=2026-08-01 23:07:29, msg=Access denied reading values under registry key SOFTWARE\Microsoft\SMS\CurrentUser on ps1-dp.mayyhem.com
VERBOSE  time=2026-08-01 23:07:29, msg=No values readable under SOFTWARE\Microsoft\SMS\CurrentUser on ps1-dp.mayyhem.com
VERBOSE  time=2026-08-01 23:07:29, msg=Querying SYSTEM\CurrentControlSet\Services\LanManServer\Parameters for SMB signing requirements
VERBOSE  time=2026-08-01 23:07:29, msg=Reading DWORD value RequireSecuritySignature under SYSTEM\CurrentControlSet\Services\LanManServer\Parameters on ps1-dp.mayyhem.com
VERBOSE  time=2026-08-01 23:07:29, msg=Access denied reading DWORD value RequireSecuritySignature under SYSTEM\CurrentControlSet\Services\LanManServer\Parameters on ps1-dp.mayyhem.com
VERBOSE  time=2026-08-01 23:07:29, msg=SMB signing required (negotiate fallback): False
VERBOSE  time=2026-08-01 23:07:29, msg=Querying SYSTEM\CurrentControlSet\Control\Lsa\MSV1_0 for NTLM settings
VERBOSE  time=2026-08-01 23:07:29, msg=Reading DWORD value RestrictReceivingNTLMTraffic under SYSTEM\CurrentControlSet\Control\Lsa\MSV1_0 on ps1-dp.mayyhem.com
VERBOSE  time=2026-08-01 23:07:29, msg=Access denied reading DWORD value RestrictReceivingNTLMTraffic under SYSTEM\CurrentControlSet\Control\Lsa\MSV1_0 on ps1-dp.mayyhem.com
VERBOSE  time=2026-08-01 23:07:29, msg=Querying SYSTEM\CurrentControlSet\Control\Lsa for LSA settings
VERBOSE  time=2026-08-01 23:07:29, msg=Reading DWORD value DisableLoopbackCheck under SYSTEM\CurrentControlSet\Control\Lsa on ps1-dp.mayyhem.com
VERBOSE  time=2026-08-01 23:07:30, msg=Access denied reading DWORD value DisableLoopbackCheck under SYSTEM\CurrentControlSet\Control\Lsa on ps1-dp.mayyhem.com
VERBOSE  time=2026-08-01 23:07:30, msg=Enumerating values under SOFTWARE\Microsoft\Microsoft SQL Server\Instance Names\SQL
VERBOSE  time=2026-08-01 23:07:30, msg=Access denied reading values under registry key SOFTWARE\Microsoft\Microsoft SQL Server\Instance Names\SQL on ps1-dp.mayyhem.com
VERBOSE  time=2026-08-01 23:07:30, msg=No SQL Server instance inventory at SOFTWARE\Microsoft\Microsoft SQL Server\Instance Names\SQL on ps1-dp.mayyhem.com; trying the legacy path only
VERBOSE  time=2026-08-01 23:07:30, msg=Enumerating values under SOFTWARE\Microsoft\MSSQLServer\MSSQLServer\SuperSocketNetLib
VERBOSE  time=2026-08-01 23:07:30, msg=Access denied reading values under registry key SOFTWARE\Microsoft\MSSQLServer\MSSQLServer\SuperSocketNetLib on ps1-dp.mayyhem.com
VERBOSE  time=2026-08-01 23:07:30, msg=SQL Server network settings denied on ps1-dp.mayyhem.com; reported in the denial summary.
VERBOSE  time=2026-08-01 23:07:30, msg=Querying SOFTWARE\Microsoft\SMS\Triggers for SCCM site code
VERBOSE  time=2026-08-01 23:07:30, msg=Enumerating subkeys under SOFTWARE\Microsoft\SMS\Triggers
VERBOSE  time=2026-08-01 23:07:30, msg=Access denied reading subkeys of registry key SOFTWARE\Microsoft\SMS\Triggers on ps1-dp.mayyhem.com
WARNING  time=2026-08-01 23:07:30, msg=[ps1-dp.mayyhem.com][RemoteRegistry] Access denied reading SOFTWARE\Microsoft\SMS\Triggers on ps1-dp.mayyhem.com, so the site code is unknown and the remaining Remote Registry checks are skipped. This host may still be a site system -- re-run with an account that can read the key to find out.
INFO     time=2026-08-01 23:07:30, msg=[ps1-dp.mayyhem.com][RemoteRegistry] Remote Registry collection completed for ps1-dp.mayyhem.com
WARNING  time=2026-08-01 23:07:30, msg=[ps1-dp.mayyhem.com][RemoteRegistry] 7 registry read(s) denied on ps1-dp.mayyhem.com -- not collected: SCCM site code, site-system roles and logged-on user; SMB signing requirement; NTLM restrictions and loopback-check setting; SQL Server encryption / Extended Protection settings. The host-hardening and SQL Server keys require local Administrators on the target; re-run with an administrative account to collect them. Per-read detail is in the full log.
VERBOSE  time=2026-08-01 23:07:30, msg=Disconnecting Remote Registry on ps1-dp.mayyhem.com
VERBOSE  time=2026-08-01 23:07:30, msg=Logging off SMB on ps1-dp.mayyhem.com
INFO     time=2026-08-01 23:07:30, msg=[ps1-dp.mayyhem.com][MSSQL] Starting MSSQL collection on ps1-dp.mayyhem.com
INFO     time=2026-08-01 23:07:30, msg=[ps1-dp.mayyhem.com][MSSQL] Querying SPNs for ps1-dp.mayyhem.com
VERBOSE  time=2026-08-01 23:07:30, msg=LDAP search: base=DC=mayyhem,DC=com filter=(dNSHostName=ps1-dp.mayyhem.com)
VERBOSE  time=2026-08-01 23:07:30, msg=LDAP search complete: entries=1 pages=1
INFO     time=2026-08-01 23:07:30, msg=[ps1-dp.mayyhem.com][MSSQL] Searching AD for MSSQLSvc SPNs naming host ps1-dp.mayyhem.com
VERBOSE  time=2026-08-01 23:07:30, msg=LDAP search: base=DC=mayyhem,DC=com filter=(servicePrincipalName=MSSQLSvc/ps1-dp.mayyhem.com*)
VERBOSE  time=2026-08-01 23:07:31, msg=LDAP search complete: entries=0 pages=1
DEBUG    time=2026-08-01 23:07:31, msg=No MSSQLSvc SPN holder found for ps1-dp.mayyhem.com
DEBUG    time=2026-08-01 23:07:31, msg=No MSSQLSvc SPN anywhere in AD for ps1-dp.mayyhem.com
INFO     time=2026-08-01 23:07:31, msg=[ps1-dp.mayyhem.com][MSSQL] No MSSQLSvc SPN found for ps1-dp.mayyhem.com, defaulting to port 1433
DEBUG    time=2026-08-01 23:07:33, msg=ps1-dp.mayyhem.com:1433 unreachable: [WinError 10061] No connection could be made because the target machine actively refused it
INFO     time=2026-08-01 23:07:33, msg=[ps1-dp.mayyhem.com][MSSQL] MSSQL port 1433 closed on ps1-dp.mayyhem.com and no MSSQLSvc SPN; nothing to record
INFO     time=2026-08-01 23:07:33, msg=[ps1-dp.mayyhem.com][AdminService] Starting AdminService collection on ps1-dp.mayyhem.com...
DEBUG    time=2026-08-01 23:07:33, msg=auth ladder: explicit creds -> Kerberos, NTLM fallback for ps1-dp.mayyhem.com
VERBOSE  time=2026-08-01 23:07:33, msg=Kerberos: requesting TGT+TGS for HTTP/ps1-dp.mayyhem.com from KDC dc.mayyhem.com
DEBUG    time=2026-08-01 23:08:23, msg=HTTP Negotiate(kerberos) https://ps1-dp.mayyhem.com/AdminService/wmi/SMS_Identification?$select=ThisSiteCode,ThisSiteName -> 404
VERBOSE  time=2026-08-01 23:08:23, msg=HTTP authenticated to ps1-dp.mayyhem.com via kerberos
WARNING  time=2026-08-01 23:08:23, msg=[ps1-dp.mayyhem.com][AdminService] AdminService GET /AdminService/wmi/SMS_Identification?$select=ThisSiteCode,ThisSiteName returned HTTP 404
INFO     time=2026-08-01 23:08:23, msg=[ps1-dp.mayyhem.com][AdminService] ps1-dp.mayyhem.com is not a reachable AdminService provider; skipping
INFO     time=2026-08-01 23:08:23, msg=[ps1-dp.mayyhem.com][WMI] Starting WMI collection on ps1-dp.mayyhem.com...
VERBOSE  time=2026-08-01 23:08:23, msg=WMI query on ps1-dp.mayyhem.com (root\SMS): SELECT * FROM SMS_ProviderLocation
DEBUG    time=2026-08-01 23:08:23, msg=auth ladder: explicit creds -> Kerberos, NTLM fallback for ps1-dp.mayyhem.com
VERBOSE  time=2026-08-01 23:08:23, msg=WMI Kerberos rung on ps1-dp.mayyhem.com: no --ticket supplied and no Kerberos credential cache (KRB5CCNAME is unset), so a fresh TGT is requested with the supplied credentials. impacket's 'CCache file is not found' notice is expected here.
VERBOSE  time=2026-08-01 23:08:23, msg=WMI auth attempt on ps1-dp.mayyhem.com via kerberos
DEBUG    time=2026-08-01 23:08:23, msg=CCache file is not found. Skipping...
VERBOSE  time=2026-08-01 23:08:24, msg=WMI kerberos rung failed on ps1-dp.mayyhem.com: rpc_s_access_denied
VERBOSE  time=2026-08-01 23:08:24, msg=WMI auth attempt on ps1-dp.mayyhem.com via ntlm
VERBOSE  time=2026-08-01 23:08:24, msg=WMI ntlm rung failed on ps1-dp.mayyhem.com: rpc_s_access_denied
INFO     time=2026-08-01 23:08:24, msg=[ps1-dp.mayyhem.com][WMI] WMI auth ladder exhausted on ps1-dp.mayyhem.com (['kerberos', 'ntlm'])
INFO     time=2026-08-01 23:08:24, msg=[ps1-dp.mayyhem.com][WMI] WMI SMS_ProviderLocation returned nothing (rung exhausted or not a provider)
INFO     time=2026-08-01 23:08:24, msg=[ps1-dp.mayyhem.com][WMI] ps1-dp.mayyhem.com is not a reachable SMS Provider over WMI; skipping
INFO     time=2026-08-01 23:08:24, msg=[ps1-dp.mayyhem.com][HTTP] Attempting HTTP collection on: ps1-dp.mayyhem.com
VERBOSE  time=2026-08-01 23:08:24, msg=Probing MP site signing certificate issuer on: ps1-dp.mayyhem.com
DEBUG    time=2026-08-01 23:08:24, msg=HTTP GET http://ps1-dp.mayyhem.com/SMS_MP/.sms_aut?sitesigncert -> 404 (anonymous)
DEBUG    time=2026-08-01 23:08:24, msg=HTTP GET http://ps1-dp.mayyhem.com/SMS_MP/.sms_aut?sitesigncert content: b'<!DOCTYPE html PUBLIC "-//W3C//DTD XHTML 1.0 Strict//EN" "http://www.w3.org/TR/xhtml1/DTD/xhtml1-strict.dtd">\r\n<html xmlns="http://www.w3.org/1999/xhtml">\r\n<head>\r\n<meta http-equiv="Content-Type" content="text/html; charset=iso-8859-1"/>\r\n<title>404 - File or directory not found.</title>\r\n<style type="text/css">\r\n<!--\r\nbody{margin:0;font-size:.7em;font-family:Verdana, Arial, Helvetica, sans-serif;background:#EEEEEE;}\r\nfieldset{padding:0 15px 10px 15px;} \r\nh1{font-size:2.4em;margin:0;color:#FFF;}\r\nh2{font-size:1.7em;margin:0;color:#CC0000;} \r\nh3{font-size:1.2em;margin:10px 0 0 0;color:#000000;} \r\n#header{width:96%;margin:0 0 0 0;padding:6px 2% 6px 2%;font-family:"trebuchet MS", Verdana, sans-serif;color:#FFF;\r\nbackground-color:#555555;}\r\n#content{margin:0 0 0 2%;position:relative;}\r\n.content-container{background:#FFF;width:96%;margin-top:8px;padding:10px;position:relative;}\r\n-->\r\n</style>\r\n</head>\r\n<body>\r\n<div id="header"><h1>Server Error</h1></div>\r\n<div id="conten ...(1245 bytes total, truncated)
VERBOSE  time=2026-08-01 23:08:24, msg=sitesigncert not available via http on ps1-dp.mayyhem.com
DEBUG    time=2026-08-01 23:08:24, msg=HTTP GET https://ps1-dp.mayyhem.com/SMS_MP/.sms_aut?sitesigncert -> 404 (anonymous)
DEBUG    time=2026-08-01 23:08:24, msg=HTTP GET https://ps1-dp.mayyhem.com/SMS_MP/.sms_aut?sitesigncert content: b'<!DOCTYPE html PUBLIC "-//W3C//DTD XHTML 1.0 Strict//EN" "http://www.w3.org/TR/xhtml1/DTD/xhtml1-strict.dtd">\r\n<html xmlns="http://www.w3.org/1999/xhtml">\r\n<head>\r\n<meta http-equiv="Content-Type" content="text/html; charset=iso-8859-1"/>\r\n<title>404 - File or directory not found.</title>\r\n<style type="text/css">\r\n<!--\r\nbody{margin:0;font-size:.7em;font-family:Verdana, Arial, Helvetica, sans-serif;background:#EEEEEE;}\r\nfieldset{padding:0 15px 10px 15px;} \r\nh1{font-size:2.4em;margin:0;color:#FFF;}\r\nh2{font-size:1.7em;margin:0;color:#CC0000;} \r\nh3{font-size:1.2em;margin:10px 0 0 0;color:#000000;} \r\n#header{width:96%;margin:0 0 0 0;padding:6px 2% 6px 2%;font-family:"trebuchet MS", Verdana, sans-serif;color:#FFF;\r\nbackground-color:#555555;}\r\n#content{margin:0 0 0 2%;position:relative;}\r\n.content-container{background:#FFF;width:96%;margin-top:8px;padding:10px;position:relative;}\r\n-->\r\n</style>\r\n</head>\r\n<body>\r\n<div id="header"><h1>Server Error</h1></div>\r\n<div id="conten ...(1245 bytes total, truncated)
VERBOSE  time=2026-08-01 23:08:24, msg=sitesigncert not available via https on ps1-dp.mayyhem.com
VERBOSE  time=2026-08-01 23:08:24, msg=No Site Server issuer detected via sitesigncert on ps1-dp.mayyhem.com
VERBOSE  time=2026-08-01 23:08:24, msg=Trying connections via http
VERBOSE  time=2026-08-01 23:08:24, msg=Testing management point endpoint: http://ps1-dp.mayyhem.com/SMS_MP/.sms_aut?MPKEYINFORMATION
DEBUG    time=2026-08-01 23:08:24, msg=HTTP GET http://ps1-dp.mayyhem.com/SMS_MP/.sms_aut?MPKEYINFORMATION -> 404 (anonymous)
DEBUG    time=2026-08-01 23:08:24, msg=HTTP GET http://ps1-dp.mayyhem.com/SMS_MP/.sms_aut?MPKEYINFORMATION content: b'<!DOCTYPE html PUBLIC "-//W3C//DTD XHTML 1.0 Strict//EN" "http://www.w3.org/TR/xhtml1/DTD/xhtml1-strict.dtd">\r\n<html xmlns="http://www.w3.org/1999/xhtml">\r\n<head>\r\n<meta http-equiv="Content-Type" content="text/html; charset=iso-8859-1"/>\r\n<title>404 - File or directory not found.</title>\r\n<style type="text/css">\r\n<!--\r\nbody{margin:0;font-size:.7em;font-family:Verdana, Arial, Helvetica, sans-serif;background:#EEEEEE;}\r\nfieldset{padding:0 15px 10px 15px;} \r\nh1{font-size:2.4em;margin:0;color:#FFF;}\r\nh2{font-size:1.7em;margin:0;color:#CC0000;} \r\nh3{font-size:1.2em;margin:10px 0 0 0;color:#000000;} \r\n#header{width:96%;margin:0 0 0 0;padding:6px 2% 6px 2%;font-family:"trebuchet MS", Verdana, sans-serif;color:#FFF;\r\nbackground-color:#555555;}\r\n#content{margin:0 0 0 2%;position:relative;}\r\n.content-container{background:#FFF;width:96%;margin-top:8px;padding:10px;position:relative;}\r\n-->\r\n</style>\r\n</head>\r\n<body>\r\n<div id="header"><h1>Server Error</h1></div>\r\n<div id="conten ...(1245 bytes total, truncated)
VERBOSE  time=2026-08-01 23:08:24, msg=    Received 404
VERBOSE  time=2026-08-01 23:08:24, msg=Testing management point endpoint: http://ps1-dp.mayyhem.com/SMS_MP/.sms_aut?MPLIST
DEBUG    time=2026-08-01 23:08:24, msg=HTTP GET http://ps1-dp.mayyhem.com/SMS_MP/.sms_aut?MPLIST -> 404 (anonymous)
DEBUG    time=2026-08-01 23:08:24, msg=HTTP GET http://ps1-dp.mayyhem.com/SMS_MP/.sms_aut?MPLIST content: b'<!DOCTYPE html PUBLIC "-//W3C//DTD XHTML 1.0 Strict//EN" "http://www.w3.org/TR/xhtml1/DTD/xhtml1-strict.dtd">\r\n<html xmlns="http://www.w3.org/1999/xhtml">\r\n<head>\r\n<meta http-equiv="Content-Type" content="text/html; charset=iso-8859-1"/>\r\n<title>404 - File or directory not found.</title>\r\n<style type="text/css">\r\n<!--\r\nbody{margin:0;font-size:.7em;font-family:Verdana, Arial, Helvetica, sans-serif;background:#EEEEEE;}\r\nfieldset{padding:0 15px 10px 15px;} \r\nh1{font-size:2.4em;margin:0;color:#FFF;}\r\nh2{font-size:1.7em;margin:0;color:#CC0000;} \r\nh3{font-size:1.2em;margin:10px 0 0 0;color:#000000;} \r\n#header{width:96%;margin:0 0 0 0;padding:6px 2% 6px 2%;font-family:"trebuchet MS", Verdana, sans-serif;color:#FFF;\r\nbackground-color:#555555;}\r\n#content{margin:0 0 0 2%;position:relative;}\r\n.content-container{background:#FFF;width:96%;margin-top:8px;padding:10px;position:relative;}\r\n-->\r\n</style>\r\n</head>\r\n<body>\r\n<div id="header"><h1>Server Error</h1></div>\r\n<div id="conten ...(1245 bytes total, truncated)
VERBOSE  time=2026-08-01 23:08:24, msg=    Received 404
VERBOSE  time=2026-08-01 23:08:24, msg=Testing management point endpoint: http://ps1-dp.mayyhem.com/SMS_MP/.sms_aut?SMSTRC
DEBUG    time=2026-08-01 23:08:24, msg=HTTP GET http://ps1-dp.mayyhem.com/SMS_MP/.sms_aut?SMSTRC -> 404 (anonymous)
DEBUG    time=2026-08-01 23:08:24, msg=HTTP GET http://ps1-dp.mayyhem.com/SMS_MP/.sms_aut?SMSTRC content: b'<!DOCTYPE html PUBLIC "-//W3C//DTD XHTML 1.0 Strict//EN" "http://www.w3.org/TR/xhtml1/DTD/xhtml1-strict.dtd">\r\n<html xmlns="http://www.w3.org/1999/xhtml">\r\n<head>\r\n<meta http-equiv="Content-Type" content="text/html; charset=iso-8859-1"/>\r\n<title>404 - File or directory not found.</title>\r\n<style type="text/css">\r\n<!--\r\nbody{margin:0;font-size:.7em;font-family:Verdana, Arial, Helvetica, sans-serif;background:#EEEEEE;}\r\nfieldset{padding:0 15px 10px 15px;} \r\nh1{font-size:2.4em;margin:0;color:#FFF;}\r\nh2{font-size:1.7em;margin:0;color:#CC0000;} \r\nh3{font-size:1.2em;margin:10px 0 0 0;color:#000000;} \r\n#header{width:96%;margin:0 0 0 0;padding:6px 2% 6px 2%;font-family:"trebuchet MS", Verdana, sans-serif;color:#FFF;\r\nbackground-color:#555555;}\r\n#content{margin:0 0 0 2%;position:relative;}\r\n.content-container{background:#FFF;width:96%;margin-top:8px;padding:10px;position:relative;}\r\n-->\r\n</style>\r\n</head>\r\n<body>\r\n<div id="header"><h1>Server Error</h1></div>\r\n<div id="conten ...(1245 bytes total, truncated)
VERBOSE  time=2026-08-01 23:08:24, msg=    Received 404
VERBOSE  time=2026-08-01 23:08:24, msg=Testing management point endpoint: http://ps1-dp.mayyhem.com/SMS_MP/.sms_aut?MPLIST1&CAS
DEBUG    time=2026-08-01 23:08:24, msg=HTTP GET http://ps1-dp.mayyhem.com/SMS_MP/.sms_aut?MPLIST1&CAS -> 404 (anonymous)
DEBUG    time=2026-08-01 23:08:24, msg=HTTP GET http://ps1-dp.mayyhem.com/SMS_MP/.sms_aut?MPLIST1&CAS content: b'<!DOCTYPE html PUBLIC "-//W3C//DTD XHTML 1.0 Strict//EN" "http://www.w3.org/TR/xhtml1/DTD/xhtml1-strict.dtd">\r\n<html xmlns="http://www.w3.org/1999/xhtml">\r\n<head>\r\n<meta http-equiv="Content-Type" content="text/html; charset=iso-8859-1"/>\r\n<title>404 - File or directory not found.</title>\r\n<style type="text/css">\r\n<!--\r\nbody{margin:0;font-size:.7em;font-family:Verdana, Arial, Helvetica, sans-serif;background:#EEEEEE;}\r\nfieldset{padding:0 15px 10px 15px;} \r\nh1{font-size:2.4em;margin:0;color:#FFF;}\r\nh2{font-size:1.7em;margin:0;color:#CC0000;} \r\nh3{font-size:1.2em;margin:10px 0 0 0;color:#000000;} \r\n#header{width:96%;margin:0 0 0 0;padding:6px 2% 6px 2%;font-family:"trebuchet MS", Verdana, sans-serif;color:#FFF;\r\nbackground-color:#555555;}\r\n#content{margin:0 0 0 2%;position:relative;}\r\n.content-container{background:#FFF;width:96%;margin-top:8px;padding:10px;position:relative;}\r\n-->\r\n</style>\r\n</head>\r\n<body>\r\n<div id="header"><h1>Server Error</h1></div>\r\n<div id="conten ...(1245 bytes total, truncated)
VERBOSE  time=2026-08-01 23:08:24, msg=    Received 404
VERBOSE  time=2026-08-01 23:08:24, msg=Testing management point endpoint: http://ps1-dp.mayyhem.com/SMS_MP/.sms_aut?MPLIST1&PS1
DEBUG    time=2026-08-01 23:08:24, msg=HTTP GET http://ps1-dp.mayyhem.com/SMS_MP/.sms_aut?MPLIST1&PS1 -> 404 (anonymous)
DEBUG    time=2026-08-01 23:08:24, msg=HTTP GET http://ps1-dp.mayyhem.com/SMS_MP/.sms_aut?MPLIST1&PS1 content: b'<!DOCTYPE html PUBLIC "-//W3C//DTD XHTML 1.0 Strict//EN" "http://www.w3.org/TR/xhtml1/DTD/xhtml1-strict.dtd">\r\n<html xmlns="http://www.w3.org/1999/xhtml">\r\n<head>\r\n<meta http-equiv="Content-Type" content="text/html; charset=iso-8859-1"/>\r\n<title>404 - File or directory not found.</title>\r\n<style type="text/css">\r\n<!--\r\nbody{margin:0;font-size:.7em;font-family:Verdana, Arial, Helvetica, sans-serif;background:#EEEEEE;}\r\nfieldset{padding:0 15px 10px 15px;} \r\nh1{font-size:2.4em;margin:0;color:#FFF;}\r\nh2{font-size:1.7em;margin:0;color:#CC0000;} \r\nh3{font-size:1.2em;margin:10px 0 0 0;color:#000000;} \r\n#header{width:96%;margin:0 0 0 0;padding:6px 2% 6px 2%;font-family:"trebuchet MS", Verdana, sans-serif;color:#FFF;\r\nbackground-color:#555555;}\r\n#content{margin:0 0 0 2%;position:relative;}\r\n.content-container{background:#FFF;width:96%;margin-top:8px;padding:10px;position:relative;}\r\n-->\r\n</style>\r\n</head>\r\n<body>\r\n<div id="header"><h1>Server Error</h1></div>\r\n<div id="conten ...(1245 bytes total, truncated)
VERBOSE  time=2026-08-01 23:08:24, msg=    Received 404
VERBOSE  time=2026-08-01 23:08:24, msg=Testing distribution point endpoint: http://ps1-dp.mayyhem.com/SMS_DP_SMSPKG$
DEBUG    time=2026-08-01 23:08:24, msg=HTTP GET http://ps1-dp.mayyhem.com/SMS_DP_SMSPKG$ -> 401 (anonymous)
DEBUG    time=2026-08-01 23:08:24, msg=HTTP GET http://ps1-dp.mayyhem.com/SMS_DP_SMSPKG$ content: b'<!DOCTYPE html PUBLIC "-//W3C//DTD XHTML 1.0 Strict//EN" "http://www.w3.org/TR/xhtml1/DTD/xhtml1-strict.dtd">\r\n<html xmlns="http://www.w3.org/1999/xhtml">\r\n<head>\r\n<meta http-equiv="Content-Type" content="text/html; charset=iso-8859-1"/>\r\n<title>401 - Unauthorized: Access is denied due to invalid credentials.</title>\r\n<style type="text/css">\r\n<!--\r\nbody{margin:0;font-size:.7em;font-family:Verdana, Arial, Helvetica, sans-serif;background:#EEEEEE;}\r\nfieldset{padding:0 15px 10px 15px;} \r\nh1{font-size:2.4em;margin:0;color:#FFF;}\r\nh2{font-size:1.7em;margin:0;color:#CC0000;} \r\nh3{font-size:1.2em;margin:10px 0 0 0;color:#000000;} \r\n#header{width:96%;margin:0 0 0 0;padding:6px 2% 6px 2%;font-family:"trebuchet MS", Verdana, sans-serif;color:#FFF;\r\nbackground-color:#555555;}\r\n#content{margin:0 0 0 2%;position:relative;}\r\n.content-container{background:#FFF;width:96%;margin-top:8px;padding:10px;position:relative;}\r\n-->\r\n</style>\r\n</head>\r\n<body>\r\n<div id="header"><h1>Server Error ...(1293 bytes total, truncated)
INFO     time=2026-08-01 23:08:24, msg=[ps1-dp.mayyhem.com][HTTP] Found distribution point role on ps1-dp.mayyhem.com
VERBOSE  time=2026-08-01 23:08:24, msg=Already registered target: ps1-dp.mayyhem.com
VERBOSE  time=2026-08-01 23:08:24, msg=Trying connections via https
VERBOSE  time=2026-08-01 23:08:24, msg=Testing management point endpoint: https://ps1-dp.mayyhem.com/SMS_MP/.sms_aut?MPKEYINFORMATION
DEBUG    time=2026-08-01 23:08:24, msg=HTTP GET https://ps1-dp.mayyhem.com/SMS_MP/.sms_aut?MPKEYINFORMATION -> 404 (anonymous)
DEBUG    time=2026-08-01 23:08:24, msg=HTTP GET https://ps1-dp.mayyhem.com/SMS_MP/.sms_aut?MPKEYINFORMATION content: b'<!DOCTYPE html PUBLIC "-//W3C//DTD XHTML 1.0 Strict//EN" "http://www.w3.org/TR/xhtml1/DTD/xhtml1-strict.dtd">\r\n<html xmlns="http://www.w3.org/1999/xhtml">\r\n<head>\r\n<meta http-equiv="Content-Type" content="text/html; charset=iso-8859-1"/>\r\n<title>404 - File or directory not found.</title>\r\n<style type="text/css">\r\n<!--\r\nbody{margin:0;font-size:.7em;font-family:Verdana, Arial, Helvetica, sans-serif;background:#EEEEEE;}\r\nfieldset{padding:0 15px 10px 15px;} \r\nh1{font-size:2.4em;margin:0;color:#FFF;}\r\nh2{font-size:1.7em;margin:0;color:#CC0000;} \r\nh3{font-size:1.2em;margin:10px 0 0 0;color:#000000;} \r\n#header{width:96%;margin:0 0 0 0;padding:6px 2% 6px 2%;font-family:"trebuchet MS", Verdana, sans-serif;color:#FFF;\r\nbackground-color:#555555;}\r\n#content{margin:0 0 0 2%;position:relative;}\r\n.content-container{background:#FFF;width:96%;margin-top:8px;padding:10px;position:relative;}\r\n-->\r\n</style>\r\n</head>\r\n<body>\r\n<div id="header"><h1>Server Error</h1></div>\r\n<div id="conten ...(1245 bytes total, truncated)
VERBOSE  time=2026-08-01 23:08:24, msg=    Received 404
VERBOSE  time=2026-08-01 23:08:24, msg=Testing management point endpoint: https://ps1-dp.mayyhem.com/SMS_MP/.sms_aut?MPLIST
DEBUG    time=2026-08-01 23:08:24, msg=HTTP GET https://ps1-dp.mayyhem.com/SMS_MP/.sms_aut?MPLIST -> 404 (anonymous)
DEBUG    time=2026-08-01 23:08:24, msg=HTTP GET https://ps1-dp.mayyhem.com/SMS_MP/.sms_aut?MPLIST content: b'<!DOCTYPE html PUBLIC "-//W3C//DTD XHTML 1.0 Strict//EN" "http://www.w3.org/TR/xhtml1/DTD/xhtml1-strict.dtd">\r\n<html xmlns="http://www.w3.org/1999/xhtml">\r\n<head>\r\n<meta http-equiv="Content-Type" content="text/html; charset=iso-8859-1"/>\r\n<title>404 - File or directory not found.</title>\r\n<style type="text/css">\r\n<!--\r\nbody{margin:0;font-size:.7em;font-family:Verdana, Arial, Helvetica, sans-serif;background:#EEEEEE;}\r\nfieldset{padding:0 15px 10px 15px;} \r\nh1{font-size:2.4em;margin:0;color:#FFF;}\r\nh2{font-size:1.7em;margin:0;color:#CC0000;} \r\nh3{font-size:1.2em;margin:10px 0 0 0;color:#000000;} \r\n#header{width:96%;margin:0 0 0 0;padding:6px 2% 6px 2%;font-family:"trebuchet MS", Verdana, sans-serif;color:#FFF;\r\nbackground-color:#555555;}\r\n#content{margin:0 0 0 2%;position:relative;}\r\n.content-container{background:#FFF;width:96%;margin-top:8px;padding:10px;position:relative;}\r\n-->\r\n</style>\r\n</head>\r\n<body>\r\n<div id="header"><h1>Server Error</h1></div>\r\n<div id="conten ...(1245 bytes total, truncated)
VERBOSE  time=2026-08-01 23:08:24, msg=    Received 404
VERBOSE  time=2026-08-01 23:08:24, msg=Testing management point endpoint: https://ps1-dp.mayyhem.com/SMS_MP/.sms_aut?SMSTRC
DEBUG    time=2026-08-01 23:08:24, msg=HTTP GET https://ps1-dp.mayyhem.com/SMS_MP/.sms_aut?SMSTRC -> 404 (anonymous)
DEBUG    time=2026-08-01 23:08:24, msg=HTTP GET https://ps1-dp.mayyhem.com/SMS_MP/.sms_aut?SMSTRC content: b'<!DOCTYPE html PUBLIC "-//W3C//DTD XHTML 1.0 Strict//EN" "http://www.w3.org/TR/xhtml1/DTD/xhtml1-strict.dtd">\r\n<html xmlns="http://www.w3.org/1999/xhtml">\r\n<head>\r\n<meta http-equiv="Content-Type" content="text/html; charset=iso-8859-1"/>\r\n<title>404 - File or directory not found.</title>\r\n<style type="text/css">\r\n<!--\r\nbody{margin:0;font-size:.7em;font-family:Verdana, Arial, Helvetica, sans-serif;background:#EEEEEE;}\r\nfieldset{padding:0 15px 10px 15px;} \r\nh1{font-size:2.4em;margin:0;color:#FFF;}\r\nh2{font-size:1.7em;margin:0;color:#CC0000;} \r\nh3{font-size:1.2em;margin:10px 0 0 0;color:#000000;} \r\n#header{width:96%;margin:0 0 0 0;padding:6px 2% 6px 2%;font-family:"trebuchet MS", Verdana, sans-serif;color:#FFF;\r\nbackground-color:#555555;}\r\n#content{margin:0 0 0 2%;position:relative;}\r\n.content-container{background:#FFF;width:96%;margin-top:8px;padding:10px;position:relative;}\r\n-->\r\n</style>\r\n</head>\r\n<body>\r\n<div id="header"><h1>Server Error</h1></div>\r\n<div id="conten ...(1245 bytes total, truncated)
VERBOSE  time=2026-08-01 23:08:24, msg=    Received 404
VERBOSE  time=2026-08-01 23:08:24, msg=Testing management point endpoint: https://ps1-dp.mayyhem.com/SMS_MP/.sms_aut?MPLIST1&CAS
DEBUG    time=2026-08-01 23:08:24, msg=HTTP GET https://ps1-dp.mayyhem.com/SMS_MP/.sms_aut?MPLIST1&CAS -> 404 (anonymous)
DEBUG    time=2026-08-01 23:08:24, msg=HTTP GET https://ps1-dp.mayyhem.com/SMS_MP/.sms_aut?MPLIST1&CAS content: b'<!DOCTYPE html PUBLIC "-//W3C//DTD XHTML 1.0 Strict//EN" "http://www.w3.org/TR/xhtml1/DTD/xhtml1-strict.dtd">\r\n<html xmlns="http://www.w3.org/1999/xhtml">\r\n<head>\r\n<meta http-equiv="Content-Type" content="text/html; charset=iso-8859-1"/>\r\n<title>404 - File or directory not found.</title>\r\n<style type="text/css">\r\n<!--\r\nbody{margin:0;font-size:.7em;font-family:Verdana, Arial, Helvetica, sans-serif;background:#EEEEEE;}\r\nfieldset{padding:0 15px 10px 15px;} \r\nh1{font-size:2.4em;margin:0;color:#FFF;}\r\nh2{font-size:1.7em;margin:0;color:#CC0000;} \r\nh3{font-size:1.2em;margin:10px 0 0 0;color:#000000;} \r\n#header{width:96%;margin:0 0 0 0;padding:6px 2% 6px 2%;font-family:"trebuchet MS", Verdana, sans-serif;color:#FFF;\r\nbackground-color:#555555;}\r\n#content{margin:0 0 0 2%;position:relative;}\r\n.content-container{background:#FFF;width:96%;margin-top:8px;padding:10px;position:relative;}\r\n-->\r\n</style>\r\n</head>\r\n<body>\r\n<div id="header"><h1>Server Error</h1></div>\r\n<div id="conten ...(1245 bytes total, truncated)
VERBOSE  time=2026-08-01 23:08:24, msg=    Received 404
VERBOSE  time=2026-08-01 23:08:24, msg=Testing management point endpoint: https://ps1-dp.mayyhem.com/SMS_MP/.sms_aut?MPLIST1&PS1
DEBUG    time=2026-08-01 23:08:24, msg=HTTP GET https://ps1-dp.mayyhem.com/SMS_MP/.sms_aut?MPLIST1&PS1 -> 404 (anonymous)
DEBUG    time=2026-08-01 23:08:24, msg=HTTP GET https://ps1-dp.mayyhem.com/SMS_MP/.sms_aut?MPLIST1&PS1 content: b'<!DOCTYPE html PUBLIC "-//W3C//DTD XHTML 1.0 Strict//EN" "http://www.w3.org/TR/xhtml1/DTD/xhtml1-strict.dtd">\r\n<html xmlns="http://www.w3.org/1999/xhtml">\r\n<head>\r\n<meta http-equiv="Content-Type" content="text/html; charset=iso-8859-1"/>\r\n<title>404 - File or directory not found.</title>\r\n<style type="text/css">\r\n<!--\r\nbody{margin:0;font-size:.7em;font-family:Verdana, Arial, Helvetica, sans-serif;background:#EEEEEE;}\r\nfieldset{padding:0 15px 10px 15px;} \r\nh1{font-size:2.4em;margin:0;color:#FFF;}\r\nh2{font-size:1.7em;margin:0;color:#CC0000;} \r\nh3{font-size:1.2em;margin:10px 0 0 0;color:#000000;} \r\n#header{width:96%;margin:0 0 0 0;padding:6px 2% 6px 2%;font-family:"trebuchet MS", Verdana, sans-serif;color:#FFF;\r\nbackground-color:#555555;}\r\n#content{margin:0 0 0 2%;position:relative;}\r\n.content-container{background:#FFF;width:96%;margin-top:8px;padding:10px;position:relative;}\r\n-->\r\n</style>\r\n</head>\r\n<body>\r\n<div id="header"><h1>Server Error</h1></div>\r\n<div id="conten ...(1245 bytes total, truncated)
VERBOSE  time=2026-08-01 23:08:24, msg=    Received 404
VERBOSE  time=2026-08-01 23:08:24, msg=Testing SMS Provider endpoint: https://ps1-dp.mayyhem.com/AdminService/wmi/SMS_Identification
DEBUG    time=2026-08-01 23:08:24, msg=HTTP GET https://ps1-dp.mayyhem.com/AdminService/wmi/SMS_Identification -> 404 (anonymous)
DEBUG    time=2026-08-01 23:08:24, msg=HTTP GET https://ps1-dp.mayyhem.com/AdminService/wmi/SMS_Identification content: b'<!DOCTYPE html PUBLIC "-//W3C//DTD XHTML 1.0 Strict//EN" "http://www.w3.org/TR/xhtml1/DTD/xhtml1-strict.dtd">\r\n<html xmlns="http://www.w3.org/1999/xhtml">\r\n<head>\r\n<meta http-equiv="Content-Type" content="text/html; charset=iso-8859-1"/>\r\n<title>404 - File or directory not found.</title>\r\n<style type="text/css">\r\n<!--\r\nbody{margin:0;font-size:.7em;font-family:Verdana, Arial, Helvetica, sans-serif;background:#EEEEEE;}\r\nfieldset{padding:0 15px 10px 15px;} \r\nh1{font-size:2.4em;margin:0;color:#FFF;}\r\nh2{font-size:1.7em;margin:0;color:#CC0000;} \r\nh3{font-size:1.2em;margin:10px 0 0 0;color:#000000;} \r\n#header{width:96%;margin:0 0 0 0;padding:6px 2% 6px 2%;font-family:"trebuchet MS", Verdana, sans-serif;color:#FFF;\r\nbackground-color:#555555;}\r\n#content{margin:0 0 0 2%;position:relative;}\r\n.content-container{background:#FFF;width:96%;margin-top:8px;padding:10px;position:relative;}\r\n-->\r\n</style>\r\n</head>\r\n<body>\r\n<div id="header"><h1>Server Error</h1></div>\r\n<div id="conten ...(1245 bytes total, truncated)
VERBOSE  time=2026-08-01 23:08:24, msg=    Received 404
INFO     time=2026-08-01 23:08:24, msg=[ps1-dp.mayyhem.com][HTTP] HTTP collection completed for ps1-dp.mayyhem.com
INFO     time=2026-08-01 23:08:24, msg=[ps1-dp.mayyhem.com][SMB] Starting SMB collection on ps1-dp.mayyhem.com
INFO     time=2026-08-01 23:08:24, msg=[ps1-dp.mayyhem.com][SMB] Checking SMB signing requirement on ps1-dp.mayyhem.com
INFO     time=2026-08-01 23:08:24, msg=[ps1-dp.mayyhem.com][SMB] SMB signing NOT required on ps1-dp.mayyhem.com (via SMB2 negotiate)
INFO     time=2026-08-01 23:08:24, msg=[ps1-dp.mayyhem.com][SMB] Enumerating SMB shares on ps1-dp.mayyhem.com
VERBOSE  time=2026-08-01 23:08:24, msg=SMB auth: explicit NTLM as MAYYHEM\lowpriv on ps1-dp.mayyhem.com
VERBOSE  time=2026-08-01 23:08:24, msg=Enumerated 8 SMB shares on ps1-dp.mayyhem.com:
VERBOSE  time=2026-08-01 23:08:24, msg=  ADMIN$ (Remote Admin)
VERBOSE  time=2026-08-01 23:08:24, msg=  C$ (Default share)
VERBOSE  time=2026-08-01 23:08:24, msg=  IPC$ (Remote IPC)
VERBOSE  time=2026-08-01 23:08:24, msg=  REMINST (RemoteInstallation)
VERBOSE  time=2026-08-01 23:08:24, msg=  SCCMContentLib$ ('Configuration Manager' Content Library for site PS1 (11/26/2025))
VERBOSE  time=2026-08-01 23:08:24, msg=  SMSPKGC$ (SMS Site PS1 DP 11/26/2025)
VERBOSE  time=2026-08-01 23:08:24, msg=  SMSSIG$ (SMS Site PS1 DP 11/26/2025)
VERBOSE  time=2026-08-01 23:08:24, msg=  SMS_DP$ (SMS Site PS1 DP 11/26/2025)
VERBOSE  time=2026-08-01 23:08:24, msg=Distribution point has PXE support enabled
VERBOSE  time=2026-08-01 23:08:24, msg=Target hosts the content library (SCCMContentLib$)
VERBOSE  time=2026-08-01 23:08:24, msg=Target hosts the legacy content library (SMSPKG$)
INFO     time=2026-08-01 23:08:24, msg=[ps1-dp.mayyhem.com][SMB] Found site code in share description: PS1
INFO     time=2026-08-01 23:08:24, msg=[ps1-dp.mayyhem.com][SMB] Found distribution point role for site: PS1
INFO     time=2026-08-01 23:08:24, msg=[ps1-dp.mayyhem.com][SMB] SMB collection completed for ps1-dp.mayyhem.com

========================================================================
# ps1-mp.mayyhem.com
========================================================================
INFO     time=2026-08-01 23:07:27, msg=[ps1-mp.mayyhem.com][RemoteRegistry] Starting Remote Registry collection on ps1-mp.mayyhem.com...
VERBOSE  time=2026-08-01 23:07:28, msg=Probing Remote Registry on ps1-mp.mayyhem.com (port 445)
VERBOSE  time=2026-08-01 23:07:28, msg=SMB auth: explicit NTLM as MAYYHEM\lowpriv on ps1-mp.mayyhem.com
VERBOSE  time=2026-08-01 23:07:29, msg=Remote Registry bind to ps1-mp.mayyhem.com succeeded on attempt 1
VERBOSE  time=2026-08-01 23:07:29, msg=Querying SOFTWARE\Microsoft\SMS\CurrentUser for logged-in user's domain SID
VERBOSE  time=2026-08-01 23:07:29, msg=Enumerating values under SOFTWARE\Microsoft\SMS\CurrentUser
VERBOSE  time=2026-08-01 23:07:29, msg=Access denied reading values under registry key SOFTWARE\Microsoft\SMS\CurrentUser on ps1-mp.mayyhem.com
VERBOSE  time=2026-08-01 23:07:29, msg=No values readable under SOFTWARE\Microsoft\SMS\CurrentUser on ps1-mp.mayyhem.com
VERBOSE  time=2026-08-01 23:07:29, msg=Querying SYSTEM\CurrentControlSet\Services\LanManServer\Parameters for SMB signing requirements
VERBOSE  time=2026-08-01 23:07:29, msg=Reading DWORD value RequireSecuritySignature under SYSTEM\CurrentControlSet\Services\LanManServer\Parameters on ps1-mp.mayyhem.com
VERBOSE  time=2026-08-01 23:07:29, msg=Access denied reading DWORD value RequireSecuritySignature under SYSTEM\CurrentControlSet\Services\LanManServer\Parameters on ps1-mp.mayyhem.com
VERBOSE  time=2026-08-01 23:07:29, msg=SMB signing required (negotiate fallback): True
VERBOSE  time=2026-08-01 23:07:29, msg=Querying SYSTEM\CurrentControlSet\Control\Lsa\MSV1_0 for NTLM settings
VERBOSE  time=2026-08-01 23:07:29, msg=Reading DWORD value RestrictReceivingNTLMTraffic under SYSTEM\CurrentControlSet\Control\Lsa\MSV1_0 on ps1-mp.mayyhem.com
VERBOSE  time=2026-08-01 23:07:29, msg=Access denied reading DWORD value RestrictReceivingNTLMTraffic under SYSTEM\CurrentControlSet\Control\Lsa\MSV1_0 on ps1-mp.mayyhem.com
VERBOSE  time=2026-08-01 23:07:29, msg=Querying SYSTEM\CurrentControlSet\Control\Lsa for LSA settings
VERBOSE  time=2026-08-01 23:07:29, msg=Reading DWORD value DisableLoopbackCheck under SYSTEM\CurrentControlSet\Control\Lsa on ps1-mp.mayyhem.com
VERBOSE  time=2026-08-01 23:07:29, msg=Access denied reading DWORD value DisableLoopbackCheck under SYSTEM\CurrentControlSet\Control\Lsa on ps1-mp.mayyhem.com
VERBOSE  time=2026-08-01 23:07:29, msg=Enumerating values under SOFTWARE\Microsoft\Microsoft SQL Server\Instance Names\SQL
VERBOSE  time=2026-08-01 23:07:30, msg=Access denied reading values under registry key SOFTWARE\Microsoft\Microsoft SQL Server\Instance Names\SQL on ps1-mp.mayyhem.com
VERBOSE  time=2026-08-01 23:07:30, msg=No SQL Server instance inventory at SOFTWARE\Microsoft\Microsoft SQL Server\Instance Names\SQL on ps1-mp.mayyhem.com; trying the legacy path only
VERBOSE  time=2026-08-01 23:07:30, msg=Enumerating values under SOFTWARE\Microsoft\MSSQLServer\MSSQLServer\SuperSocketNetLib
VERBOSE  time=2026-08-01 23:07:30, msg=Access denied reading values under registry key SOFTWARE\Microsoft\MSSQLServer\MSSQLServer\SuperSocketNetLib on ps1-mp.mayyhem.com
VERBOSE  time=2026-08-01 23:07:30, msg=SQL Server network settings denied on ps1-mp.mayyhem.com; reported in the denial summary.
VERBOSE  time=2026-08-01 23:07:30, msg=Querying SOFTWARE\Microsoft\SMS\Triggers for SCCM site code
VERBOSE  time=2026-08-01 23:07:30, msg=Enumerating subkeys under SOFTWARE\Microsoft\SMS\Triggers
VERBOSE  time=2026-08-01 23:07:30, msg=Access denied reading subkeys of registry key SOFTWARE\Microsoft\SMS\Triggers on ps1-mp.mayyhem.com
WARNING  time=2026-08-01 23:07:30, msg=[ps1-mp.mayyhem.com][RemoteRegistry] Access denied reading SOFTWARE\Microsoft\SMS\Triggers on ps1-mp.mayyhem.com, so the site code is unknown and the remaining Remote Registry checks are skipped. This host may still be a site system -- re-run with an account that can read the key to find out.
INFO     time=2026-08-01 23:07:30, msg=[ps1-mp.mayyhem.com][RemoteRegistry] Remote Registry collection completed for ps1-mp.mayyhem.com
WARNING  time=2026-08-01 23:07:30, msg=[ps1-mp.mayyhem.com][RemoteRegistry] 7 registry read(s) denied on ps1-mp.mayyhem.com -- not collected: SCCM site code, site-system roles and logged-on user; SMB signing requirement; NTLM restrictions and loopback-check setting; SQL Server encryption / Extended Protection settings. The host-hardening and SQL Server keys require local Administrators on the target; re-run with an administrative account to collect them. Per-read detail is in the full log.
VERBOSE  time=2026-08-01 23:07:30, msg=Disconnecting Remote Registry on ps1-mp.mayyhem.com
VERBOSE  time=2026-08-01 23:07:30, msg=Logging off SMB on ps1-mp.mayyhem.com
INFO     time=2026-08-01 23:07:30, msg=[ps1-mp.mayyhem.com][MSSQL] Starting MSSQL collection on ps1-mp.mayyhem.com
INFO     time=2026-08-01 23:07:30, msg=[ps1-mp.mayyhem.com][MSSQL] Querying SPNs for ps1-mp.mayyhem.com
VERBOSE  time=2026-08-01 23:07:30, msg=LDAP search: base=DC=mayyhem,DC=com filter=(dNSHostName=ps1-mp.mayyhem.com)
VERBOSE  time=2026-08-01 23:07:30, msg=LDAP search complete: entries=2 pages=1
INFO     time=2026-08-01 23:07:30, msg=[ps1-mp.mayyhem.com][MSSQL] Searching AD for MSSQLSvc SPNs naming host ps1-mp.mayyhem.com
VERBOSE  time=2026-08-01 23:07:30, msg=LDAP search: base=DC=mayyhem,DC=com filter=(servicePrincipalName=MSSQLSvc/ps1-mp.mayyhem.com*)
VERBOSE  time=2026-08-01 23:07:30, msg=LDAP search complete: entries=0 pages=1
DEBUG    time=2026-08-01 23:07:30, msg=No MSSQLSvc SPN holder found for ps1-mp.mayyhem.com
DEBUG    time=2026-08-01 23:07:30, msg=No MSSQLSvc SPN anywhere in AD for ps1-mp.mayyhem.com
INFO     time=2026-08-01 23:07:30, msg=[ps1-mp.mayyhem.com][MSSQL] No MSSQLSvc SPN found for ps1-mp.mayyhem.com, defaulting to port 1433
DEBUG    time=2026-08-01 23:07:32, msg=ps1-mp.mayyhem.com:1433 unreachable: [WinError 10061] No connection could be made because the target machine actively refused it
INFO     time=2026-08-01 23:07:32, msg=[ps1-mp.mayyhem.com][MSSQL] MSSQL port 1433 closed on ps1-mp.mayyhem.com and no MSSQLSvc SPN; nothing to record
INFO     time=2026-08-01 23:07:32, msg=[ps1-mp.mayyhem.com][AdminService] Starting AdminService collection on ps1-mp.mayyhem.com...
DEBUG    time=2026-08-01 23:07:32, msg=auth ladder: explicit creds -> Kerberos, NTLM fallback for ps1-mp.mayyhem.com
VERBOSE  time=2026-08-01 23:07:32, msg=Kerberos: requesting TGT+TGS for HTTP/ps1-mp.mayyhem.com from KDC dc.mayyhem.com
DEBUG    time=2026-08-01 23:08:23, msg=HTTP Negotiate(kerberos) https://ps1-mp.mayyhem.com/AdminService/wmi/SMS_Identification?$select=ThisSiteCode,ThisSiteName -> 404
VERBOSE  time=2026-08-01 23:08:23, msg=HTTP authenticated to ps1-mp.mayyhem.com via kerberos
WARNING  time=2026-08-01 23:08:23, msg=[ps1-mp.mayyhem.com][AdminService] AdminService GET /AdminService/wmi/SMS_Identification?$select=ThisSiteCode,ThisSiteName returned HTTP 404
INFO     time=2026-08-01 23:08:23, msg=[ps1-mp.mayyhem.com][AdminService] ps1-mp.mayyhem.com is not a reachable AdminService provider; skipping
INFO     time=2026-08-01 23:08:23, msg=[ps1-mp.mayyhem.com][WMI] Starting WMI collection on ps1-mp.mayyhem.com...
VERBOSE  time=2026-08-01 23:08:23, msg=WMI query on ps1-mp.mayyhem.com (root\SMS): SELECT * FROM SMS_ProviderLocation
DEBUG    time=2026-08-01 23:08:23, msg=auth ladder: explicit creds -> Kerberos, NTLM fallback for ps1-mp.mayyhem.com
VERBOSE  time=2026-08-01 23:08:23, msg=WMI Kerberos rung on ps1-mp.mayyhem.com: no --ticket supplied and no Kerberos credential cache (KRB5CCNAME is unset), so a fresh TGT is requested with the supplied credentials. impacket's 'CCache file is not found' notice is expected here.
VERBOSE  time=2026-08-01 23:08:23, msg=WMI auth attempt on ps1-mp.mayyhem.com via kerberos
DEBUG    time=2026-08-01 23:08:23, msg=CCache file is not found. Skipping...
VERBOSE  time=2026-08-01 23:08:24, msg=WMI kerberos rung failed on ps1-mp.mayyhem.com: rpc_s_access_denied
VERBOSE  time=2026-08-01 23:08:24, msg=WMI auth attempt on ps1-mp.mayyhem.com via ntlm
VERBOSE  time=2026-08-01 23:08:24, msg=WMI ntlm rung failed on ps1-mp.mayyhem.com: rpc_s_access_denied
INFO     time=2026-08-01 23:08:24, msg=[ps1-mp.mayyhem.com][WMI] WMI auth ladder exhausted on ps1-mp.mayyhem.com (['kerberos', 'ntlm'])
INFO     time=2026-08-01 23:08:24, msg=[ps1-mp.mayyhem.com][WMI] WMI SMS_ProviderLocation returned nothing (rung exhausted or not a provider)
INFO     time=2026-08-01 23:08:24, msg=[ps1-mp.mayyhem.com][WMI] ps1-mp.mayyhem.com is not a reachable SMS Provider over WMI; skipping
INFO     time=2026-08-01 23:08:24, msg=[ps1-mp.mayyhem.com][HTTP] Attempting HTTP collection on: ps1-mp.mayyhem.com
VERBOSE  time=2026-08-01 23:08:24, msg=Probing MP site signing certificate issuer on: ps1-mp.mayyhem.com
DEBUG    time=2026-08-01 23:08:24, msg=HTTP GET http://ps1-mp.mayyhem.com/SMS_MP/.sms_aut?sitesigncert -> 200 (anonymous)
DEBUG    time=2026-08-01 23:08:24, msg=HTTP GET http://ps1-mp.mayyhem.com/SMS_MP/.sms_aut?sitesigncert content: b'<X509Data><X509Certificate EncodingType="hexBinary" Signature="7AB77D16D01379CFC6B20CFA90C463B928C52A4A0C93726FDF0C2EE390DDAF10DBDE3B8D2D539CD39A88B43D59F36A63CCD7720090943F8118BC8FD9F3C188C1CB85553B857AAA956E05F4B0051430C1233D68E071E5CD0C259117FD7E658A2FCE9865EFD57F33E7F97767318DA12F65EA67637CC551A403D16748820B828B955C4A6C9C6F79AA9C6D7C4267FF5BEBF5B08C080FA71988A64FE452D8599EEDCB8BB52F02B5A4A188B5642D0E5549B2D7B2050C12AB45DEE4C39044B1658E405641026BC33D6B5CA44F4F3CC3E1E0001D955A93EA7EAA807BAC15BB8F5C1257A31B772D0AEC7A3099D1C2875BD9B273ACE39FD10531E74885F4DB82EE9E829D48">308202F0308201D8A003020102021052E1C654D4FFF5B74CEFA8370AE47304300D06092A864886F70D01010B05003016311430120603550403130B53697465205365727665723020170D3235313132353135353834365A180F32313235313130323135353834365A3016311430120603550403130B536974652053657276657230820122300D06092A864886F70D01010105000382010F003082010A0282010100B2F1F24BDFDE2B3709031DB65E4E8701FD6D2C34C0453364561EA2355A4078640122EDA2AB97A00C0CC2409B3F7B374DB565D47D93B2DCCBF3FB7A8B0D9 ...(2118 bytes total, truncated)
VERBOSE  time=2026-08-01 23:08:24, msg=sitesigncert issuer CN on ps1-mp.mayyhem.com: Site Server (DNS ps1-pss.mayyhem.com)
INFO     time=2026-08-01 23:08:24, msg=[ps1-mp.mayyhem.com][HTTP] Detected Site Server certificate issuer ps1-pss.mayyhem.com via sitesigncert
VERBOSE  time=2026-08-01 23:08:24, msg=Already registered target: ps1-pss.mayyhem.com
VERBOSE  time=2026-08-01 23:08:24, msg=Trying connections via http
VERBOSE  time=2026-08-01 23:08:24, msg=Testing management point endpoint: http://ps1-mp.mayyhem.com/SMS_MP/.sms_aut?MPKEYINFORMATION
DEBUG    time=2026-08-01 23:08:24, msg=HTTP GET http://ps1-mp.mayyhem.com/SMS_MP/.sms_aut?MPKEYINFORMATION -> 200 (anonymous)
DEBUG    time=2026-08-01 23:08:24, msg=HTTP GET http://ps1-mp.mayyhem.com/SMS_MP/.sms_aut?MPKEYINFORMATION content: b'<MPKEYINFORMATION><TRUSTEDROOTKEY Signature="3082019606092A864886F70D010702A082018730820183020101310F300D06096086480165030402010500300B06092A864886F70D0107013182015E3082015A0201013033301F310F300D060355040313065053312D4D50310C300A06035504031303534D530210167E7762F9C8A3B746BD74401BBB4C92300D06096086480165030402010500300D06092A864886F70D01010105000482010064911A7F87A4CB4ACBBC4E223073F0CE37795B065FA8FE092A093BD296B89CCA39BE24B9DFDB946D5E399414C9774AFF5B811BA173107BC9EC01323954374029F10221244ABFA028CB0C017359656BA49418F888BF2BE4885E4C2D708D11F612670032A56E2F68A0637A4D936939876AECC3CF3BFE742A9DD74DDC21F2244077839AB45787C9126DFE5986BB1C0516003AB1945B90792AB9F2F5F60EE1961DA3E6500D25F9B2CD7DAF75D91AAAFB772973EC9F2F6DCC63C61836E311893515D3162D6477CB85A6812FC66023573C6D809CD1F787E03D6250763BD4B56DA0F121FB50E5E34A321A5F4A73F097102A922C3B919B77DAD678A256796A15A1938ACA">0602000000A40000525341310008000001000100EDFEF6BCE2EB3ADE1D66911D94CDEB0237E1206D83F344A6A91BA67263D26704F98449163D8DB6C76FAA500861FF1FA12ED354238028B4275C4 ...(3621 bytes total, truncated)
INFO     time=2026-08-01 23:08:24, msg=[ps1-mp.mayyhem.com][HTTP] Found management point role on ps1-mp.mayyhem.com
INFO     time=2026-08-01 23:08:24, msg=[ps1-mp.mayyhem.com][HTTP] Found site code for ps1-mp.mayyhem.com: PS1
VERBOSE  time=2026-08-01 23:08:24, msg=Testing management point endpoint: http://ps1-mp.mayyhem.com/SMS_MP/.sms_aut?MPLIST
DEBUG    time=2026-08-01 23:08:24, msg=HTTP GET http://ps1-mp.mayyhem.com/SMS_MP/.sms_aut?MPLIST -> 200 (anonymous)
DEBUG    time=2026-08-01 23:08:24, msg=HTTP GET http://ps1-mp.mayyhem.com/SMS_MP/.sms_aut?MPLIST content: b'<MPList><MP Name="PS1-MP.MAYYHEM.COM" FQDN="ps1-mp.mayyhem.com"><Version>9106</Version><Capabilities SchemaVersion="1.0"><Property Name="SSLState" Value="0"/></Capabilities></MP><MP Name="PS1-SEC.MAYYHEM.COM" FQDN="ps1-sec.mayyhem.com"><Version>9106</Version><Capabilities SchemaVersion="1.0"><Property Name="SSLState" Value="0"/></Capabilities></MP></MPList>'
VERBOSE  time=2026-08-01 23:08:24, msg=Testing management point endpoint: http://ps1-mp.mayyhem.com/SMS_MP/.sms_aut?SMSTRC
DEBUG    time=2026-08-01 23:08:24, msg=HTTP GET http://ps1-mp.mayyhem.com/SMS_MP/.sms_aut?SMSTRC -> 200 (anonymous)
DEBUG    time=2026-08-01 23:08:24, msg=HTTP GET http://ps1-mp.mayyhem.com/SMS_MP/.sms_aut?SMSTRC content: b'<SMSIssuingCerts version="1.0"><Signature><SignatureAlgorithm AlgID="32780">1.2.840.113549.1.1.11</SignatureAlgorithm><SignatureValue>0966CEF1754A7CB66B1134EFFBA6DC00471B778BB3C053539EBD134C70E64DEAD489FED2BB089FAC4FF8A08A5102B7727E8BE9DB5020DC2E3EDA7EEE950E273C609D87567EE08A6553382D957706D9B895EACC4F1CE543929C78EA2EB26EF65A6F0C57A3AA7DB39C21AC03BD1DFD0D9C75BA037EC704014CA6CBCB1FF29326AC5A5C7591ABFEE7A8FD3ABFC23D4B6196C9D74EC014D236AA27602C7169667F6CDD56D24B2109FFCC7870253B0C100BA81B4C90718FDF26B10D26D97DE3CC7DBECCA25D782AC6E451FCC037358BDE9399F67BF1841167175CC8C0011D00D526ED8C5AB7CE0682742ECD8CF6736FE778E2A3948CC10FCE89997C7503B0AF224E8E</SignatureValue></Signature><Certs><Cert>308203333082021BA0030201020210239775F3296A79984480D7493545DBD2300D06092A864886F70D01010B05003016311430120603550403130B534D532049737375696E67301E170D3235313132353231303932305A170D3237313132363231303932305A3016311430120603550403130B534D532049737375696E6730820122300D06092A864886F70D01010105000382010F003082010A0282010100BDE994633920350F ...(4026 bytes total, truncated)
VERBOSE  time=2026-08-01 23:08:24, msg=Testing management point endpoint: http://ps1-mp.mayyhem.com/SMS_MP/.sms_aut?MPLIST1&CAS
DEBUG    time=2026-08-01 23:08:24, msg=HTTP GET http://ps1-mp.mayyhem.com/SMS_MP/.sms_aut?MPLIST1&CAS -> 500 (anonymous)
DEBUG    time=2026-08-01 23:08:24, msg=HTTP GET http://ps1-mp.mayyhem.com/SMS_MP/.sms_aut?MPLIST1&CAS content: b'<!DOCTYPE html PUBLIC "-//W3C//DTD XHTML 1.0 Strict//EN" "http://www.w3.org/TR/xhtml1/DTD/xhtml1-strict.dtd">\r\n<html xmlns="http://www.w3.org/1999/xhtml">\r\n<head>\r\n<meta http-equiv="Content-Type" content="text/html; charset=iso-8859-1"/>\r\n<title>500 - Internal server error.</title>\r\n<style type="text/css">\r\n<!--\r\nbody{margin:0;font-size:.7em;font-family:Verdana, Arial, Helvetica, sans-serif;background:#EEEEEE;}\r\nfieldset{padding:0 15px 10px 15px;} \r\nh1{font-size:2.4em;margin:0;color:#FFF;}\r\nh2{font-size:1.7em;margin:0;color:#CC0000;} \r\nh3{font-size:1.2em;margin:10px 0 0 0;color:#000000;} \r\n#header{width:96%;margin:0 0 0 0;padding:6px 2% 6px 2%;font-family:"trebuchet MS", Verdana, sans-serif;color:#FFF;\r\nbackground-color:#555555;}\r\n#content{margin:0 0 0 2%;position:relative;}\r\n.content-container{background:#FFF;width:96%;margin-top:8px;padding:10px;position:relative;}\r\n-->\r\n</style>\r\n</head>\r\n<body>\r\n<div id="header"><h1>Server Error</h1></div>\r\n<div id="content">\r\ ...(1208 bytes total, truncated)
VERBOSE  time=2026-08-01 23:08:24, msg=    Received 500
VERBOSE  time=2026-08-01 23:08:24, msg=Testing management point endpoint: http://ps1-mp.mayyhem.com/SMS_MP/.sms_aut?MPLIST1&PS1
DEBUG    time=2026-08-01 23:08:24, msg=HTTP GET http://ps1-mp.mayyhem.com/SMS_MP/.sms_aut?MPLIST1&PS1 -> 200 (anonymous)
DEBUG    time=2026-08-01 23:08:24, msg=HTTP GET http://ps1-mp.mayyhem.com/SMS_MP/.sms_aut?MPLIST1&PS1 content: b'<MPList><MP Name="PS1-MP.MAYYHEM.COM" FQDN="ps1-mp.mayyhem.com" SiteCode="PS1"><Version>9106</Version><Capabilities SchemaVersion="1.0"><Property Name="SSLState" Value="0"/></Capabilities></MP></MPList>'
VERBOSE  time=2026-08-01 23:08:24, msg=Fingerprinting SCCM version via http://ps1-mp.mayyhem.com/CCM_Client/ccmsetup.exe
DEBUG    time=2026-08-01 23:08:24, msg=HTTP GET http://ps1-mp.mayyhem.com/CCM_Client/ccmsetup.exe -> 200 (anonymous)
DEBUG    time=2026-08-01 23:08:24, msg=HTTP GET http://ps1-mp.mayyhem.com/CCM_Client/ccmsetup.exe content: b'MZ\x90\x00\x03\x00\x00\x00\x04\x00\x00\x00\xff\xff\x00\x00\xb8\x00\x00\x00\x00\x00\x00\x00@\x00\x00\x00\x00\x00\x00\x00\x00\x00\x00\x00\x00\x00\x00\x00\x00\x00\x00\x00\x00\x00\x00\x00\x00\x00\x00\x00\x00\x00\x00\x00\x00\x00\x00\x00\x18\x01\x00\x00\x0e\x1f\xba\x0e\x00\xb4\t\xcd!\xb8\x01L\xcd!This program cannot be run in DOS mode.\r\r\n$\x00\x00\x00\x00\x00\x00\x00`\x05s)$d\x1dz$d\x1dz$d\x1dz\x7f\x0c\x1a{%d\x1dz\x7f\x0c\x1b{"d\x1dz\x7f\x0c\x1e{/d\x1dz\x7f\x0c\x18{\x8fd\x1dz\xfd\x10\x19{7d\x1dz\xfd\x10\x1e{1d\x1dz\xfd\x10\x18{\x11d\x1dz\x7f\x0c\x19{2d\x1dz\x7f\x0c\x1c{\rd\x1dz$d\x1czef\x1dz\xfe\x10\x14{\xb3d\x1dz\xfe\x10\xe2z%d\x1dz\xfe\x10\x1f{%d\x1dzRich$d\x1dz\x00\x00\x00\x00\x00\x00\x00\x00\x00\x00\x00\x00\x00\x00\x00\x00\x00\x00\x00\x00\x00\x00\x00\x00PE\x00\x00L\x01\x06\x00d\x9d-d\x00\x00\x00\x00\x00\x00\x00\x00\xe0\x00\x02\t\x0b\x01\x0e\x1c\x00F\x14\x00\x00\x9aR\x00\x00\x00\x00\x00P\xb6\x0f\x00\x00\x10\x00\x00\x00`\x14\x00\x00\x00@\x00\x00\x10\x00\x00\x00\x02\x00\x00\x06\x00\x00\x00\x00\x00\x00\x00\x06 ...(6746504 bytes total, truncated)
INFO     time=2026-08-01 23:08:24, msg=[ps1-mp.mayyhem.com][HTTP] Fingerprinted SCCM version 5.00.9106.1000 on ps1-mp.mayyhem.com (site PS1)
VERBOSE  time=2026-08-01 23:08:24, msg=Already registered target: ps1-mp.mayyhem.com
VERBOSE  time=2026-08-01 23:08:24, msg=LDAP search: base=DC=MAYYHEM,DC=COM filter=(|(cn=ps1-sec.mayyhem.com)(sAMAccountName=ps1-sec.mayyhem.com)(sAMAccountName=ps1-sec.mayyhem.com$)(dNSHostName=ps1-sec.mayyhem.com)(dNSHostName=ps1-sec.mayyhem.com.*)(userPrincipalName=ps1-sec.mayyhem.com)(objectSid=ps1-sec.mayyhem.com))
VERBOSE  time=2026-08-01 23:08:24, msg=LDAP search complete: entries=1 pages=1
DEBUG    time=2026-08-01 23:08:24, msg=Recorded resolved principal for persistence: sid=S-1-5-21-3242052782-1287495003-4091326449-1113 cn=PS1-SEC
INFO     time=2026-08-01 23:08:24, msg=[ps1-mp.mayyhem.com][HTTP] Added collection target: 'ps1-sec.mayyhem.com' from 'HTTP-MPLIST'
INFO     time=2026-08-01 23:08:24, msg=[ps1-mp.mayyhem.com][HTTP] Discovered and queued ps1-sec.mayyhem.com for probing (HTTP-MPLIST)
VERBOSE  time=2026-08-01 23:08:24, msg=Testing distribution point endpoint: http://ps1-mp.mayyhem.com/SMS_DP_SMSPKG$
DEBUG    time=2026-08-01 23:08:24, msg=HTTP GET http://ps1-mp.mayyhem.com/SMS_DP_SMSPKG$ -> 404 (anonymous)
DEBUG    time=2026-08-01 23:08:24, msg=HTTP GET http://ps1-mp.mayyhem.com/SMS_DP_SMSPKG$ content: b'<!DOCTYPE html PUBLIC "-//W3C//DTD XHTML 1.0 Strict//EN" "http://www.w3.org/TR/xhtml1/DTD/xhtml1-strict.dtd">\r\n<html xmlns="http://www.w3.org/1999/xhtml">\r\n<head>\r\n<meta http-equiv="Content-Type" content="text/html; charset=iso-8859-1"/>\r\n<title>404 - File or directory not found.</title>\r\n<style type="text/css">\r\n<!--\r\nbody{margin:0;font-size:.7em;font-family:Verdana, Arial, Helvetica, sans-serif;background:#EEEEEE;}\r\nfieldset{padding:0 15px 10px 15px;} \r\nh1{font-size:2.4em;margin:0;color:#FFF;}\r\nh2{font-size:1.7em;margin:0;color:#CC0000;} \r\nh3{font-size:1.2em;margin:10px 0 0 0;color:#000000;} \r\n#header{width:96%;margin:0 0 0 0;padding:6px 2% 6px 2%;font-family:"trebuchet MS", Verdana, sans-serif;color:#FFF;\r\nbackground-color:#555555;}\r\n#content{margin:0 0 0 2%;position:relative;}\r\n.content-container{background:#FFF;width:96%;margin-top:8px;padding:10px;position:relative;}\r\n-->\r\n</style>\r\n</head>\r\n<body>\r\n<div id="header"><h1>Server Error</h1></div>\r\n<div id="conten ...(1245 bytes total, truncated)
VERBOSE  time=2026-08-01 23:08:24, msg=    Received 404
VERBOSE  time=2026-08-01 23:08:24, msg=Trying connections via https
VERBOSE  time=2026-08-01 23:08:24, msg=Testing distribution point endpoint: https://ps1-mp.mayyhem.com/SMS_DP_SMSPKG$
DEBUG    time=2026-08-01 23:08:24, msg=HTTP GET https://ps1-mp.mayyhem.com/SMS_DP_SMSPKG$ -> 404 (anonymous)
DEBUG    time=2026-08-01 23:08:24, msg=HTTP GET https://ps1-mp.mayyhem.com/SMS_DP_SMSPKG$ content: b'<!DOCTYPE html PUBLIC "-//W3C//DTD XHTML 1.0 Strict//EN" "http://www.w3.org/TR/xhtml1/DTD/xhtml1-strict.dtd">\r\n<html xmlns="http://www.w3.org/1999/xhtml">\r\n<head>\r\n<meta http-equiv="Content-Type" content="text/html; charset=iso-8859-1"/>\r\n<title>404 - File or directory not found.</title>\r\n<style type="text/css">\r\n<!--\r\nbody{margin:0;font-size:.7em;font-family:Verdana, Arial, Helvetica, sans-serif;background:#EEEEEE;}\r\nfieldset{padding:0 15px 10px 15px;} \r\nh1{font-size:2.4em;margin:0;color:#FFF;}\r\nh2{font-size:1.7em;margin:0;color:#CC0000;} \r\nh3{font-size:1.2em;margin:10px 0 0 0;color:#000000;} \r\n#header{width:96%;margin:0 0 0 0;padding:6px 2% 6px 2%;font-family:"trebuchet MS", Verdana, sans-serif;color:#FFF;\r\nbackground-color:#555555;}\r\n#content{margin:0 0 0 2%;position:relative;}\r\n.content-container{background:#FFF;width:96%;margin-top:8px;padding:10px;position:relative;}\r\n-->\r\n</style>\r\n</head>\r\n<body>\r\n<div id="header"><h1>Server Error</h1></div>\r\n<div id="conten ...(1245 bytes total, truncated)
VERBOSE  time=2026-08-01 23:08:24, msg=    Received 404
VERBOSE  time=2026-08-01 23:08:24, msg=Testing SMS Provider endpoint: https://ps1-mp.mayyhem.com/AdminService/wmi/SMS_Identification
DEBUG    time=2026-08-01 23:08:24, msg=HTTP GET https://ps1-mp.mayyhem.com/AdminService/wmi/SMS_Identification -> 404 (anonymous)
DEBUG    time=2026-08-01 23:08:24, msg=HTTP GET https://ps1-mp.mayyhem.com/AdminService/wmi/SMS_Identification content: b'<!DOCTYPE html PUBLIC "-//W3C//DTD XHTML 1.0 Strict//EN" "http://www.w3.org/TR/xhtml1/DTD/xhtml1-strict.dtd">\r\n<html xmlns="http://www.w3.org/1999/xhtml">\r\n<head>\r\n<meta http-equiv="Content-Type" content="text/html; charset=iso-8859-1"/>\r\n<title>404 - File or directory not found.</title>\r\n<style type="text/css">\r\n<!--\r\nbody{margin:0;font-size:.7em;font-family:Verdana, Arial, Helvetica, sans-serif;background:#EEEEEE;}\r\nfieldset{padding:0 15px 10px 15px;} \r\nh1{font-size:2.4em;margin:0;color:#FFF;}\r\nh2{font-size:1.7em;margin:0;color:#CC0000;} \r\nh3{font-size:1.2em;margin:10px 0 0 0;color:#000000;} \r\n#header{width:96%;margin:0 0 0 0;padding:6px 2% 6px 2%;font-family:"trebuchet MS", Verdana, sans-serif;color:#FFF;\r\nbackground-color:#555555;}\r\n#content{margin:0 0 0 2%;position:relative;}\r\n.content-container{background:#FFF;width:96%;margin-top:8px;padding:10px;position:relative;}\r\n-->\r\n</style>\r\n</head>\r\n<body>\r\n<div id="header"><h1>Server Error</h1></div>\r\n<div id="conten ...(1245 bytes total, truncated)
VERBOSE  time=2026-08-01 23:08:24, msg=    Received 404
INFO     time=2026-08-01 23:08:24, msg=[ps1-mp.mayyhem.com][HTTP] HTTP collection completed for ps1-mp.mayyhem.com
INFO     time=2026-08-01 23:08:24, msg=[ps1-mp.mayyhem.com][SMB] Starting SMB collection on ps1-mp.mayyhem.com
INFO     time=2026-08-01 23:08:24, msg=[ps1-mp.mayyhem.com][SMB] Checking SMB signing requirement on ps1-mp.mayyhem.com
INFO     time=2026-08-01 23:08:24, msg=[ps1-mp.mayyhem.com][SMB] SMB signing REQUIRED on ps1-mp.mayyhem.com (via SMB2 negotiate)
INFO     time=2026-08-01 23:08:24, msg=[ps1-mp.mayyhem.com][SMB] Enumerating SMB shares on ps1-mp.mayyhem.com
VERBOSE  time=2026-08-01 23:08:24, msg=SMB auth: explicit NTLM as MAYYHEM\lowpriv on ps1-mp.mayyhem.com
VERBOSE  time=2026-08-01 23:08:24, msg=Enumerated 3 SMB shares on ps1-mp.mayyhem.com:
VERBOSE  time=2026-08-01 23:08:24, msg=  ADMIN$ (Remote Admin)
VERBOSE  time=2026-08-01 23:08:24, msg=  C$ (Default share)
VERBOSE  time=2026-08-01 23:08:24, msg=  IPC$ (Remote IPC)
INFO     time=2026-08-01 23:08:24, msg=[ps1-mp.mayyhem.com][SMB] No SCCM-specific shares found on ps1-mp.mayyhem.com
INFO     time=2026-08-01 23:08:24, msg=[ps1-mp.mayyhem.com][SMB] SMB collection completed for ps1-mp.mayyhem.com

========================================================================
# ps1-sec.mayyhem.com
========================================================================
INFO     time=2026-08-01 23:08:24, msg=[ps1-sec.mayyhem.com][RemoteRegistry] Starting Remote Registry collection on ps1-sec.mayyhem.com...
VERBOSE  time=2026-08-01 23:08:24, msg=Probing Remote Registry on ps1-sec.mayyhem.com (port 445)
VERBOSE  time=2026-08-01 23:08:24, msg=SMB auth: explicit NTLM as MAYYHEM\lowpriv on ps1-sec.mayyhem.com
VERBOSE  time=2026-08-01 23:08:24, msg=Remote Registry bind to ps1-sec.mayyhem.com succeeded on attempt 1
VERBOSE  time=2026-08-01 23:08:24, msg=Querying SOFTWARE\Microsoft\SMS\CurrentUser for logged-in user's domain SID
VERBOSE  time=2026-08-01 23:08:24, msg=Enumerating values under SOFTWARE\Microsoft\SMS\CurrentUser
VERBOSE  time=2026-08-01 23:08:24, msg=Found CurrentUser SID S-1-5-21-3242052782-1287495003-4091326449-1104; resolving principal
INFO     time=2026-08-01 23:08:24, msg=[ps1-sec.mayyhem.com][RemoteRegistry] Found current user: domainuser (S-1-5-21-3242052782-1287495003-4091326449-1104)
VERBOSE  time=2026-08-01 23:08:24, msg=Querying SYSTEM\CurrentControlSet\Services\LanManServer\Parameters for SMB signing requirements
VERBOSE  time=2026-08-01 23:08:24, msg=Reading DWORD value RequireSecuritySignature under SYSTEM\CurrentControlSet\Services\LanManServer\Parameters on ps1-sec.mayyhem.com
VERBOSE  time=2026-08-01 23:08:24, msg=Access denied reading DWORD value RequireSecuritySignature under SYSTEM\CurrentControlSet\Services\LanManServer\Parameters on ps1-sec.mayyhem.com
VERBOSE  time=2026-08-01 23:08:24, msg=SMB signing required (negotiate fallback): False
VERBOSE  time=2026-08-01 23:08:24, msg=Querying SYSTEM\CurrentControlSet\Control\Lsa\MSV1_0 for NTLM settings
VERBOSE  time=2026-08-01 23:08:24, msg=Reading DWORD value RestrictReceivingNTLMTraffic under SYSTEM\CurrentControlSet\Control\Lsa\MSV1_0 on ps1-sec.mayyhem.com
VERBOSE  time=2026-08-01 23:08:24, msg=Access denied reading DWORD value RestrictReceivingNTLMTraffic under SYSTEM\CurrentControlSet\Control\Lsa\MSV1_0 on ps1-sec.mayyhem.com
VERBOSE  time=2026-08-01 23:08:24, msg=Querying SYSTEM\CurrentControlSet\Control\Lsa for LSA settings
VERBOSE  time=2026-08-01 23:08:24, msg=Reading DWORD value DisableLoopbackCheck under SYSTEM\CurrentControlSet\Control\Lsa on ps1-sec.mayyhem.com
VERBOSE  time=2026-08-01 23:08:24, msg=Access denied reading DWORD value DisableLoopbackCheck under SYSTEM\CurrentControlSet\Control\Lsa on ps1-sec.mayyhem.com
VERBOSE  time=2026-08-01 23:08:24, msg=Enumerating values under SOFTWARE\Microsoft\Microsoft SQL Server\Instance Names\SQL
VERBOSE  time=2026-08-01 23:08:24, msg=Access denied reading values under registry key SOFTWARE\Microsoft\Microsoft SQL Server\Instance Names\SQL on ps1-sec.mayyhem.com
VERBOSE  time=2026-08-01 23:08:24, msg=No SQL Server instance inventory at SOFTWARE\Microsoft\Microsoft SQL Server\Instance Names\SQL on ps1-sec.mayyhem.com; trying the legacy path only
VERBOSE  time=2026-08-01 23:08:24, msg=Enumerating values under SOFTWARE\Microsoft\MSSQLServer\MSSQLServer\SuperSocketNetLib
VERBOSE  time=2026-08-01 23:08:24, msg=Access denied reading values under registry key SOFTWARE\Microsoft\MSSQLServer\MSSQLServer\SuperSocketNetLib on ps1-sec.mayyhem.com
VERBOSE  time=2026-08-01 23:08:24, msg=SQL Server network settings denied on ps1-sec.mayyhem.com; reported in the denial summary.
VERBOSE  time=2026-08-01 23:08:24, msg=Querying SOFTWARE\Microsoft\SMS\Triggers for SCCM site code
VERBOSE  time=2026-08-01 23:08:24, msg=Enumerating subkeys under SOFTWARE\Microsoft\SMS\Triggers
INFO     time=2026-08-01 23:08:24, msg=[ps1-sec.mayyhem.com][RemoteRegistry] Found SCCM site code: SEC
VERBOSE  time=2026-08-01 23:08:24, msg=Querying SOFTWARE\Microsoft\SMS\COMPONENTS\SMS_SITE_COMPONENT_MANAGER\Component Servers for SCCM component servers
VERBOSE  time=2026-08-01 23:08:24, msg=Enumerating subkeys under SOFTWARE\Microsoft\SMS\COMPONENTS\SMS_SITE_COMPONENT_MANAGER\Component Servers
VERBOSE  time=2026-08-01 23:08:24, msg=Access denied reading subkeys of registry key SOFTWARE\Microsoft\SMS\COMPONENTS\SMS_SITE_COMPONENT_MANAGER\Component Servers on ps1-sec.mayyhem.com
VERBOSE  time=2026-08-01 23:08:24, msg=No component servers found under SOFTWARE\Microsoft\SMS\COMPONENTS\SMS_SITE_COMPONENT_MANAGER\Component Servers
VERBOSE  time=2026-08-01 23:08:24, msg=Querying SOFTWARE\Microsoft\SMS\COMPONENTS\SMS_SITE_COMPONENT_MANAGER\Multisite Component Servers for SCCM multisite component servers
VERBOSE  time=2026-08-01 23:08:24, msg=Enumerating subkeys under SOFTWARE\Microsoft\SMS\COMPONENTS\SMS_SITE_COMPONENT_MANAGER\Multisite Component Servers
VERBOSE  time=2026-08-01 23:08:24, msg=Access denied reading subkeys of registry key SOFTWARE\Microsoft\SMS\COMPONENTS\SMS_SITE_COMPONENT_MANAGER\Multisite Component Servers on ps1-sec.mayyhem.com
VERBOSE  time=2026-08-01 23:08:24, msg=No Multisite Component Servers key on ps1-sec.mayyhem.com
WARNING  time=2026-08-01 23:08:24, msg=[ps1-sec.mayyhem.com][RemoteRegistry] 7 registry read(s) denied on ps1-sec.mayyhem.com -- not collected: SMB signing requirement; NTLM restrictions and loopback-check setting; SQL Server encryption / Extended Protection settings; SCCM site code, site-system roles and logged-on user. The host-hardening and SQL Server keys require local Administrators on the target; re-run with an administrative account to collect them. Per-read detail is in the full log.
VERBOSE  time=2026-08-01 23:08:24, msg=Disconnecting Remote Registry on ps1-sec.mayyhem.com
VERBOSE  time=2026-08-01 23:08:24, msg=Logging off SMB on ps1-sec.mayyhem.com
INFO     time=2026-08-01 23:08:24, msg=[ps1-sec.mayyhem.com][RemoteRegistry] Remote Registry collection completed for ps1-sec.mayyhem.com
INFO     time=2026-08-01 23:08:24, msg=[ps1-sec.mayyhem.com][MSSQL] Starting MSSQL collection on ps1-sec.mayyhem.com
INFO     time=2026-08-01 23:08:24, msg=[ps1-sec.mayyhem.com][MSSQL] Querying SPNs for ps1-sec.mayyhem.com
VERBOSE  time=2026-08-01 23:08:24, msg=LDAP search: base=DC=mayyhem,DC=com filter=(dNSHostName=ps1-sec.mayyhem.com)
VERBOSE  time=2026-08-01 23:08:24, msg=LDAP search complete: entries=1 pages=1
INFO     time=2026-08-01 23:08:24, msg=[ps1-sec.mayyhem.com][MSSQL] Searching AD for MSSQLSvc SPNs naming host ps1-sec.mayyhem.com
VERBOSE  time=2026-08-01 23:08:24, msg=LDAP search: base=DC=mayyhem,DC=com filter=(servicePrincipalName=MSSQLSvc/ps1-sec.mayyhem.com*)
VERBOSE  time=2026-08-01 23:08:24, msg=LDAP search complete: entries=0 pages=1
DEBUG    time=2026-08-01 23:08:24, msg=No MSSQLSvc SPN holder found for ps1-sec.mayyhem.com
DEBUG    time=2026-08-01 23:08:24, msg=No MSSQLSvc SPN anywhere in AD for ps1-sec.mayyhem.com
INFO     time=2026-08-01 23:08:24, msg=[ps1-sec.mayyhem.com][MSSQL] No MSSQLSvc SPN found for ps1-sec.mayyhem.com, defaulting to port 1433
INFO     time=2026-08-01 23:08:24, msg=[ps1-sec.mayyhem.com][MSSQL] MSSQL port 1433 is open
INFO     time=2026-08-01 23:08:24, msg=[ps1-sec.mayyhem.com][MSSQL] EPA testing ps1-sec.mayyhem.com via explicit credentials for MAYYHEM\lowpriv
DEBUG    time=2026-08-01 23:08:24, msg=TDS 7.x: negotiating TLS-over-TDS (capped at TLS 1.2)
DEBUG    time=2026-08-01 23:08:24, msg=TDS 7.x TLS established (tls_unique=present)
DEBUG    time=2026-08-01 23:08:24, msg=NTLM type3 MIC computed (service=MSSQLSvc, cbt_len=0)
DEBUG    time=2026-08-01 23:08:24, msg=EPA probe normal on ps1-sec.mayyhem.com: success
VERBOSE  time=2026-08-01 23:08:24, msg=EPA: unencrypted connection to ps1-sec.mayyhem.com:1433; probing service binding
DEBUG    time=2026-08-01 23:08:24, msg=TDS 7.x: negotiating TLS-over-TDS (capped at TLS 1.2)
DEBUG    time=2026-08-01 23:08:24, msg=TDS 7.x TLS established (tls_unique=present)
DEBUG    time=2026-08-01 23:08:24, msg=NTLM type3 MIC computed (service=cifs, cbt_len=0)
DEBUG    time=2026-08-01 23:08:24, msg=EPA probe bogus_service on ps1-sec.mayyhem.com: success
INFO     time=2026-08-01 23:08:24, msg=[ps1-sec.mayyhem.com][MSSQL] EPA verdict for ps1-sec.mayyhem.com:1433: {'forceEncryption': False, 'extendedProtection': 'Off', 'strictEncryption': False, 'encryptionFlag': 0, 'unmodifiedSuccess': True}
INFO     time=2026-08-01 23:08:24, msg=[ps1-sec.mayyhem.com][MSSQL] MSSQL collection completed for ps1-sec.mayyhem.com:1433
INFO     time=2026-08-01 23:08:24, msg=[ps1-sec.mayyhem.com][AdminService] Starting AdminService collection on ps1-sec.mayyhem.com...
DEBUG    time=2026-08-01 23:08:24, msg=auth ladder: explicit creds -> Kerberos, NTLM fallback for ps1-sec.mayyhem.com
VERBOSE  time=2026-08-01 23:08:24, msg=Kerberos: requesting TGT+TGS for HTTP/ps1-sec.mayyhem.com from KDC dc.mayyhem.com
DEBUG    time=2026-08-01 23:08:25, msg=HTTP Negotiate(kerberos) https://ps1-sec.mayyhem.com/AdminService/wmi/SMS_Identification?$select=ThisSiteCode,ThisSiteName -> 404
VERBOSE  time=2026-08-01 23:08:25, msg=HTTP authenticated to ps1-sec.mayyhem.com via kerberos
WARNING  time=2026-08-01 23:08:25, msg=[ps1-sec.mayyhem.com][AdminService] AdminService GET /AdminService/wmi/SMS_Identification?$select=ThisSiteCode,ThisSiteName returned HTTP 404
INFO     time=2026-08-01 23:08:25, msg=[ps1-sec.mayyhem.com][AdminService] ps1-sec.mayyhem.com is not a reachable AdminService provider; skipping
INFO     time=2026-08-01 23:08:25, msg=[ps1-sec.mayyhem.com][WMI] Starting WMI collection on ps1-sec.mayyhem.com...
VERBOSE  time=2026-08-01 23:08:25, msg=WMI query on ps1-sec.mayyhem.com (root\SMS): SELECT * FROM SMS_ProviderLocation
DEBUG    time=2026-08-01 23:08:25, msg=auth ladder: explicit creds -> Kerberos, NTLM fallback for ps1-sec.mayyhem.com
VERBOSE  time=2026-08-01 23:08:25, msg=WMI Kerberos rung on ps1-sec.mayyhem.com: no --ticket supplied and no Kerberos credential cache (KRB5CCNAME is unset), so a fresh TGT is requested with the supplied credentials. impacket's 'CCache file is not found' notice is expected here.
VERBOSE  time=2026-08-01 23:08:25, msg=WMI auth attempt on ps1-sec.mayyhem.com via kerberos
DEBUG    time=2026-08-01 23:08:25, msg=CCache file is not found. Skipping...
VERBOSE  time=2026-08-01 23:08:25, msg=WMI kerberos rung failed on ps1-sec.mayyhem.com: rpc_s_access_denied
VERBOSE  time=2026-08-01 23:08:25, msg=WMI auth attempt on ps1-sec.mayyhem.com via ntlm
VERBOSE  time=2026-08-01 23:08:25, msg=WMI ntlm rung failed on ps1-sec.mayyhem.com: rpc_s_access_denied
INFO     time=2026-08-01 23:08:25, msg=[ps1-sec.mayyhem.com][WMI] WMI auth ladder exhausted on ps1-sec.mayyhem.com (['kerberos', 'ntlm'])
INFO     time=2026-08-01 23:08:25, msg=[ps1-sec.mayyhem.com][WMI] WMI SMS_ProviderLocation returned nothing (rung exhausted or not a provider)
INFO     time=2026-08-01 23:08:25, msg=[ps1-sec.mayyhem.com][WMI] ps1-sec.mayyhem.com is not a reachable SMS Provider over WMI; skipping
INFO     time=2026-08-01 23:08:25, msg=[ps1-sec.mayyhem.com][HTTP] Attempting HTTP collection on: ps1-sec.mayyhem.com
VERBOSE  time=2026-08-01 23:08:25, msg=Probing MP site signing certificate issuer on: ps1-sec.mayyhem.com
DEBUG    time=2026-08-01 23:08:25, msg=HTTP GET http://ps1-sec.mayyhem.com/SMS_MP/.sms_aut?sitesigncert -> 200 (anonymous)
DEBUG    time=2026-08-01 23:08:25, msg=HTTP GET http://ps1-sec.mayyhem.com/SMS_MP/.sms_aut?sitesigncert content: b'<X509Data><X509Certificate EncodingType="hexBinary" Signature="7AB77D16D01379CFC6B20CFA90C463B928C52A4A0C93726FDF0C2EE390DDAF10DBDE3B8D2D539CD39A88B43D59F36A63CCD7720090943F8118BC8FD9F3C188C1CB85553B857AAA956E05F4B0051430C1233D68E071E5CD0C259117FD7E658A2FCE9865EFD57F33E7F97767318DA12F65EA67637CC551A403D16748820B828B955C4A6C9C6F79AA9C6D7C4267FF5BEBF5B08C080FA71988A64FE452D8599EEDCB8BB52F02B5A4A188B5642D0E5549B2D7B2050C12AB45DEE4C39044B1658E405641026BC33D6B5CA44F4F3CC3E1E0001D955A93EA7EAA807BAC15BB8F5C1257A31B772D0AEC7A3099D1C2875BD9B273ACE39FD10531E74885F4DB82EE9E829D48">308202F0308201D8A003020102021052E1C654D4FFF5B74CEFA8370AE47304300D06092A864886F70D01010B05003016311430120603550403130B53697465205365727665723020170D3235313132353135353834365A180F32313235313130323135353834365A3016311430120603550403130B536974652053657276657230820122300D06092A864886F70D01010105000382010F003082010A0282010100B2F1F24BDFDE2B3709031DB65E4E8701FD6D2C34C0453364561EA2355A4078640122EDA2AB97A00C0CC2409B3F7B374DB565D47D93B2DCCBF3FB7A8B0D9 ...(2118 bytes total, truncated)
VERBOSE  time=2026-08-01 23:08:25, msg=sitesigncert issuer CN on ps1-sec.mayyhem.com: Site Server (DNS ps1-pss.mayyhem.com)
INFO     time=2026-08-01 23:08:25, msg=[ps1-sec.mayyhem.com][HTTP] Detected Site Server certificate issuer ps1-pss.mayyhem.com via sitesigncert
VERBOSE  time=2026-08-01 23:08:25, msg=Already registered target: ps1-pss.mayyhem.com
VERBOSE  time=2026-08-01 23:08:25, msg=Trying connections via http
VERBOSE  time=2026-08-01 23:08:25, msg=Testing management point endpoint: http://ps1-sec.mayyhem.com/SMS_MP/.sms_aut?MPKEYINFORMATION
DEBUG    time=2026-08-01 23:08:25, msg=HTTP GET http://ps1-sec.mayyhem.com/SMS_MP/.sms_aut?MPKEYINFORMATION -> 200 (anonymous)
DEBUG    time=2026-08-01 23:08:25, msg=HTTP GET http://ps1-sec.mayyhem.com/SMS_MP/.sms_aut?MPKEYINFORMATION content: b'<MPKEYINFORMATION><TRUSTEDROOTKEY Signature="3082019706092A864886F70D010702A082018830820184020101310F300D06096086480165030402010500300B06092A864886F70D0107013182015F3082015B020101303430203110300E060355040313075053312D534543310C300A06035504031303534D5302103C55994CAD7BEB8A4EB62F0467A2CD81300D06096086480165030402010500300D06092A864886F70D01010105000482010036AA7BE90ABE09B00FCE03DAA147C56B900EB6E9A7353981101168DDFBF9BF21B6E5EB45D0B8E96786E32C042D67E88BCB1C6E0CB9B936C140EAE7803F5E546EAF80E3B4175BD66CCECE80CC39CB18A200E41E64662A0087FEF8E5099494A2F5F09BD96F0518F5EE7D2849107B03B98C34D3D81780F98AD413B7DF6D13F6B83D432E35D77515F9CD7850A1B47D4BDBF5D84953093B78F469579192134D97BC1515CB0FE6323BE94FE982E64FECF9EA9FBC64E8170C15AAE70651A0B4B11D54C88221AD41C551842F0C6654E5AF5A558814ABA6A569DEF9745BF77F0F460A708C18B13F7666C64A0EE6917285E92944CAC7140D59C1D1AA387AE0D621486AE44C">0602000000A40000525341310008000001000100EDFEF6BCE2EB3ADE1D66911D94CDEB0237E1206D83F344A6A91BA67263D26704F98449163D8DB6C76FAA500861FF1FA12ED354238028B4275 ...(3629 bytes total, truncated)
INFO     time=2026-08-01 23:08:25, msg=[ps1-sec.mayyhem.com][HTTP] Found management point role on ps1-sec.mayyhem.com
INFO     time=2026-08-01 23:08:25, msg=[ps1-sec.mayyhem.com][HTTP] Found site code for ps1-sec.mayyhem.com: SEC
VERBOSE  time=2026-08-01 23:08:25, msg=Testing management point endpoint: http://ps1-sec.mayyhem.com/SMS_MP/.sms_aut?MPLIST
DEBUG    time=2026-08-01 23:08:25, msg=HTTP GET http://ps1-sec.mayyhem.com/SMS_MP/.sms_aut?MPLIST -> 200 (anonymous)
DEBUG    time=2026-08-01 23:08:25, msg=HTTP GET http://ps1-sec.mayyhem.com/SMS_MP/.sms_aut?MPLIST content: b'<MPList><MP Name="PS1-MP.MAYYHEM.COM" FQDN="ps1-mp.mayyhem.com"><Version>9106</Version><Capabilities SchemaVersion="1.0"><Property Name="SSLState" Value="0"/></Capabilities></MP><MP Name="PS1-SEC.MAYYHEM.COM" FQDN="ps1-sec.mayyhem.com"><Version>9106</Version><Capabilities SchemaVersion="1.0"><Property Name="SSLState" Value="0"/></Capabilities></MP></MPList>'
VERBOSE  time=2026-08-01 23:08:25, msg=Testing management point endpoint: http://ps1-sec.mayyhem.com/SMS_MP/.sms_aut?SMSTRC
DEBUG    time=2026-08-01 23:08:25, msg=HTTP GET http://ps1-sec.mayyhem.com/SMS_MP/.sms_aut?SMSTRC -> 200 (anonymous)
DEBUG    time=2026-08-01 23:08:25, msg=HTTP GET http://ps1-sec.mayyhem.com/SMS_MP/.sms_aut?SMSTRC content: b'<SMSIssuingCerts version="1.0"><Signature><SignatureAlgorithm AlgID="32780">1.2.840.113549.1.1.11</SignatureAlgorithm><SignatureValue>0966CEF1754A7CB66B1134EFFBA6DC00471B778BB3C053539EBD134C70E64DEAD489FED2BB089FAC4FF8A08A5102B7727E8BE9DB5020DC2E3EDA7EEE950E273C609D87567EE08A6553382D957706D9B895EACC4F1CE543929C78EA2EB26EF65A6F0C57A3AA7DB39C21AC03BD1DFD0D9C75BA037EC704014CA6CBCB1FF29326AC5A5C7591ABFEE7A8FD3ABFC23D4B6196C9D74EC014D236AA27602C7169667F6CDD56D24B2109FFCC7870253B0C100BA81B4C90718FDF26B10D26D97DE3CC7DBECCA25D782AC6E451FCC037358BDE9399F67BF1841167175CC8C0011D00D526ED8C5AB7CE0682742ECD8CF6736FE778E2A3948CC10FCE89997C7503B0AF224E8E</SignatureValue></Signature><Certs><Cert>308203333082021BA0030201020210239775F3296A79984480D7493545DBD2300D06092A864886F70D01010B05003016311430120603550403130B534D532049737375696E67301E170D3235313132353231303932305A170D3237313132363231303932305A3016311430120603550403130B534D532049737375696E6730820122300D06092A864886F70D01010105000382010F003082010A0282010100BDE994633920350F ...(4026 bytes total, truncated)
VERBOSE  time=2026-08-01 23:08:25, msg=Testing management point endpoint: http://ps1-sec.mayyhem.com/SMS_MP/.sms_aut?MPLIST1&CAS
DEBUG    time=2026-08-01 23:08:25, msg=HTTP GET http://ps1-sec.mayyhem.com/SMS_MP/.sms_aut?MPLIST1&CAS -> 500 (anonymous)
DEBUG    time=2026-08-01 23:08:25, msg=HTTP GET http://ps1-sec.mayyhem.com/SMS_MP/.sms_aut?MPLIST1&CAS content: b'<!DOCTYPE html PUBLIC "-//W3C//DTD XHTML 1.0 Strict//EN" "http://www.w3.org/TR/xhtml1/DTD/xhtml1-strict.dtd">\r\n<html xmlns="http://www.w3.org/1999/xhtml">\r\n<head>\r\n<meta http-equiv="Content-Type" content="text/html; charset=iso-8859-1"/>\r\n<title>500 - Internal server error.</title>\r\n<style type="text/css">\r\n<!--\r\nbody{margin:0;font-size:.7em;font-family:Verdana, Arial, Helvetica, sans-serif;background:#EEEEEE;}\r\nfieldset{padding:0 15px 10px 15px;} \r\nh1{font-size:2.4em;margin:0;color:#FFF;}\r\nh2{font-size:1.7em;margin:0;color:#CC0000;} \r\nh3{font-size:1.2em;margin:10px 0 0 0;color:#000000;} \r\n#header{width:96%;margin:0 0 0 0;padding:6px 2% 6px 2%;font-family:"trebuchet MS", Verdana, sans-serif;color:#FFF;\r\nbackground-color:#555555;}\r\n#content{margin:0 0 0 2%;position:relative;}\r\n.content-container{background:#FFF;width:96%;margin-top:8px;padding:10px;position:relative;}\r\n-->\r\n</style>\r\n</head>\r\n<body>\r\n<div id="header"><h1>Server Error</h1></div>\r\n<div id="content">\r\ ...(1208 bytes total, truncated)
VERBOSE  time=2026-08-01 23:08:25, msg=    Received 500
VERBOSE  time=2026-08-01 23:08:25, msg=Testing management point endpoint: http://ps1-sec.mayyhem.com/SMS_MP/.sms_aut?MPLIST1&PS1
DEBUG    time=2026-08-01 23:08:25, msg=HTTP GET http://ps1-sec.mayyhem.com/SMS_MP/.sms_aut?MPLIST1&PS1 -> 200 (anonymous)
DEBUG    time=2026-08-01 23:08:25, msg=HTTP GET http://ps1-sec.mayyhem.com/SMS_MP/.sms_aut?MPLIST1&PS1 content: b'<MPList><MP Name="PS1-MP.MAYYHEM.COM" FQDN="ps1-mp.mayyhem.com" SiteCode="PS1"><Version>9106</Version><Capabilities SchemaVersion="1.0"><Property Name="SSLState" Value="0"/></Capabilities></MP></MPList>'
VERBOSE  time=2026-08-01 23:08:25, msg=Fingerprinting SCCM version via http://ps1-sec.mayyhem.com/CCM_Client/ccmsetup.exe
DEBUG    time=2026-08-01 23:08:25, msg=HTTP GET http://ps1-sec.mayyhem.com/CCM_Client/ccmsetup.exe -> 200 (anonymous)
DEBUG    time=2026-08-01 23:08:25, msg=HTTP GET http://ps1-sec.mayyhem.com/CCM_Client/ccmsetup.exe content: b'MZ\x90\x00\x03\x00\x00\x00\x04\x00\x00\x00\xff\xff\x00\x00\xb8\x00\x00\x00\x00\x00\x00\x00@\x00\x00\x00\x00\x00\x00\x00\x00\x00\x00\x00\x00\x00\x00\x00\x00\x00\x00\x00\x00\x00\x00\x00\x00\x00\x00\x00\x00\x00\x00\x00\x00\x00\x00\x00\x18\x01\x00\x00\x0e\x1f\xba\x0e\x00\xb4\t\xcd!\xb8\x01L\xcd!This program cannot be run in DOS mode.\r\r\n$\x00\x00\x00\x00\x00\x00\x00`\x05s)$d\x1dz$d\x1dz$d\x1dz\x7f\x0c\x1a{%d\x1dz\x7f\x0c\x1b{"d\x1dz\x7f\x0c\x1e{/d\x1dz\x7f\x0c\x18{\x8fd\x1dz\xfd\x10\x19{7d\x1dz\xfd\x10\x1e{1d\x1dz\xfd\x10\x18{\x11d\x1dz\x7f\x0c\x19{2d\x1dz\x7f\x0c\x1c{\rd\x1dz$d\x1czef\x1dz\xfe\x10\x14{\xb3d\x1dz\xfe\x10\xe2z%d\x1dz\xfe\x10\x1f{%d\x1dzRich$d\x1dz\x00\x00\x00\x00\x00\x00\x00\x00\x00\x00\x00\x00\x00\x00\x00\x00\x00\x00\x00\x00\x00\x00\x00\x00PE\x00\x00L\x01\x06\x00d\x9d-d\x00\x00\x00\x00\x00\x00\x00\x00\xe0\x00\x02\t\x0b\x01\x0e\x1c\x00F\x14\x00\x00\x9aR\x00\x00\x00\x00\x00P\xb6\x0f\x00\x00\x10\x00\x00\x00`\x14\x00\x00\x00@\x00\x00\x10\x00\x00\x00\x02\x00\x00\x06\x00\x00\x00\x00\x00\x00\x00\x06 ...(6746504 bytes total, truncated)
INFO     time=2026-08-01 23:08:25, msg=[ps1-sec.mayyhem.com][HTTP] Fingerprinted SCCM version 5.00.9106.1000 on ps1-sec.mayyhem.com (site SEC)
VERBOSE  time=2026-08-01 23:08:25, msg=Already registered target: ps1-sec.mayyhem.com
WARNING  time=2026-08-01 23:08:25, msg=[ps1-sec.mayyhem.com][HTTP] Target 'ps1-sec.mayyhem.com' already has site_code 'PS1'; ignoring 'SEC'
VERBOSE  time=2026-08-01 23:08:25, msg=Already registered target: ps1-mp.mayyhem.com
WARNING  time=2026-08-01 23:08:25, msg=[ps1-sec.mayyhem.com][HTTP] Target 'ps1-mp.mayyhem.com' already has site_code 'PS1'; ignoring 'SEC'
VERBOSE  time=2026-08-01 23:08:25, msg=Already registered target: ps1-mp.mayyhem.com
WARNING  time=2026-08-01 23:08:25, msg=[ps1-sec.mayyhem.com][HTTP] Target 'ps1-mp.mayyhem.com' already has site_code 'PS1'; ignoring 'SEC'
VERBOSE  time=2026-08-01 23:08:25, msg=Testing distribution point endpoint: http://ps1-sec.mayyhem.com/SMS_DP_SMSPKG$
DEBUG    time=2026-08-01 23:08:25, msg=HTTP GET http://ps1-sec.mayyhem.com/SMS_DP_SMSPKG$ -> 401 (anonymous)
DEBUG    time=2026-08-01 23:08:25, msg=HTTP GET http://ps1-sec.mayyhem.com/SMS_DP_SMSPKG$ content: b'<!DOCTYPE html PUBLIC "-//W3C//DTD XHTML 1.0 Strict//EN" "http://www.w3.org/TR/xhtml1/DTD/xhtml1-strict.dtd">\r\n<html xmlns="http://www.w3.org/1999/xhtml">\r\n<head>\r\n<meta http-equiv="Content-Type" content="text/html; charset=iso-8859-1"/>\r\n<title>401 - Unauthorized: Access is denied due to invalid credentials.</title>\r\n<style type="text/css">\r\n<!--\r\nbody{margin:0;font-size:.7em;font-family:Verdana, Arial, Helvetica, sans-serif;background:#EEEEEE;}\r\nfieldset{padding:0 15px 10px 15px;} \r\nh1{font-size:2.4em;margin:0;color:#FFF;}\r\nh2{font-size:1.7em;margin:0;color:#CC0000;} \r\nh3{font-size:1.2em;margin:10px 0 0 0;color:#000000;} \r\n#header{width:96%;margin:0 0 0 0;padding:6px 2% 6px 2%;font-family:"trebuchet MS", Verdana, sans-serif;color:#FFF;\r\nbackground-color:#555555;}\r\n#content{margin:0 0 0 2%;position:relative;}\r\n.content-container{background:#FFF;width:96%;margin-top:8px;padding:10px;position:relative;}\r\n-->\r\n</style>\r\n</head>\r\n<body>\r\n<div id="header"><h1>Server Error ...(1293 bytes total, truncated)
INFO     time=2026-08-01 23:08:25, msg=[ps1-sec.mayyhem.com][HTTP] Found distribution point role on ps1-sec.mayyhem.com
VERBOSE  time=2026-08-01 23:08:25, msg=Already registered target: ps1-sec.mayyhem.com
WARNING  time=2026-08-01 23:08:25, msg=[ps1-sec.mayyhem.com][HTTP] Target 'ps1-sec.mayyhem.com' already has site_code 'PS1'; ignoring 'SEC'
VERBOSE  time=2026-08-01 23:08:25, msg=Trying connections via https
VERBOSE  time=2026-08-01 23:08:25, msg=Testing SMS Provider endpoint: https://ps1-sec.mayyhem.com/AdminService/wmi/SMS_Identification
DEBUG    time=2026-08-01 23:08:25, msg=HTTP GET https://ps1-sec.mayyhem.com/AdminService/wmi/SMS_Identification -> 404 (anonymous)
DEBUG    time=2026-08-01 23:08:25, msg=HTTP GET https://ps1-sec.mayyhem.com/AdminService/wmi/SMS_Identification content: b'<!DOCTYPE html PUBLIC "-//W3C//DTD XHTML 1.0 Strict//EN" "http://www.w3.org/TR/xhtml1/DTD/xhtml1-strict.dtd">\r\n<html xmlns="http://www.w3.org/1999/xhtml">\r\n<head>\r\n<meta http-equiv="Content-Type" content="text/html; charset=iso-8859-1"/>\r\n<title>404 - File or directory not found.</title>\r\n<style type="text/css">\r\n<!--\r\nbody{margin:0;font-size:.7em;font-family:Verdana, Arial, Helvetica, sans-serif;background:#EEEEEE;}\r\nfieldset{padding:0 15px 10px 15px;} \r\nh1{font-size:2.4em;margin:0;color:#FFF;}\r\nh2{font-size:1.7em;margin:0;color:#CC0000;} \r\nh3{font-size:1.2em;margin:10px 0 0 0;color:#000000;} \r\n#header{width:96%;margin:0 0 0 0;padding:6px 2% 6px 2%;font-family:"trebuchet MS", Verdana, sans-serif;color:#FFF;\r\nbackground-color:#555555;}\r\n#content{margin:0 0 0 2%;position:relative;}\r\n.content-container{background:#FFF;width:96%;margin-top:8px;padding:10px;position:relative;}\r\n-->\r\n</style>\r\n</head>\r\n<body>\r\n<div id="header"><h1>Server Error</h1></div>\r\n<div id="conten ...(1245 bytes total, truncated)
VERBOSE  time=2026-08-01 23:08:25, msg=    Received 404
INFO     time=2026-08-01 23:08:25, msg=[ps1-sec.mayyhem.com][HTTP] HTTP collection completed for ps1-sec.mayyhem.com
INFO     time=2026-08-01 23:08:25, msg=[ps1-sec.mayyhem.com][SMB] Starting SMB collection on ps1-sec.mayyhem.com
INFO     time=2026-08-01 23:08:25, msg=[ps1-sec.mayyhem.com][SMB] Checking SMB signing requirement on ps1-sec.mayyhem.com
INFO     time=2026-08-01 23:08:25, msg=[ps1-sec.mayyhem.com][SMB] SMB signing NOT required on ps1-sec.mayyhem.com (via SMB2 negotiate)
INFO     time=2026-08-01 23:08:25, msg=[ps1-sec.mayyhem.com][SMB] Enumerating SMB shares on ps1-sec.mayyhem.com
VERBOSE  time=2026-08-01 23:08:25, msg=SMB auth: explicit NTLM as MAYYHEM\lowpriv on ps1-sec.mayyhem.com
VERBOSE  time=2026-08-01 23:08:25, msg=Enumerated 7 SMB shares on ps1-sec.mayyhem.com:
VERBOSE  time=2026-08-01 23:08:25, msg=  ADMIN$ (Remote Admin)
VERBOSE  time=2026-08-01 23:08:25, msg=  C$ (Default share)
VERBOSE  time=2026-08-01 23:08:25, msg=  IPC$ (Remote IPC)
VERBOSE  time=2026-08-01 23:08:25, msg=  SCCMContentLib$ ('Configuration Manager' Content Library for site SEC (12/1/2025))
VERBOSE  time=2026-08-01 23:08:25, msg=  SMS_DP$ (ConfigMgr Site Server DP share)
VERBOSE  time=2026-08-01 23:08:25, msg=  SMS_SEC (SMS Site SEC 12/01/25)
VERBOSE  time=2026-08-01 23:08:25, msg=  SMS_SITE (SMS Site SEC 12/01/25)
INFO     time=2026-08-01 23:08:25, msg=[ps1-sec.mayyhem.com][SMB] Found site server for site: SEC
VERBOSE  time=2026-08-01 23:08:25, msg=Target hosts the content library (SCCMContentLib$)
INFO     time=2026-08-01 23:08:25, msg=[ps1-sec.mayyhem.com][SMB] Found distribution point role for site: SEC
INFO     time=2026-08-01 23:08:25, msg=[ps1-sec.mayyhem.com][SMB] SMB collection completed for ps1-sec.mayyhem.com

========================================================================
# ps1-sms.mayyhem.com
========================================================================
INFO     time=2026-08-01 23:07:28, msg=[ps1-sms.mayyhem.com][RemoteRegistry] Starting Remote Registry collection on ps1-sms.mayyhem.com...
VERBOSE  time=2026-08-01 23:07:28, msg=Probing Remote Registry on ps1-sms.mayyhem.com (port 445)
VERBOSE  time=2026-08-01 23:07:28, msg=SMB auth: explicit NTLM as MAYYHEM\lowpriv on ps1-sms.mayyhem.com
VERBOSE  time=2026-08-01 23:07:29, msg=Remote Registry bind to ps1-sms.mayyhem.com succeeded on attempt 1
VERBOSE  time=2026-08-01 23:07:29, msg=Querying SOFTWARE\Microsoft\SMS\CurrentUser for logged-in user's domain SID
VERBOSE  time=2026-08-01 23:07:29, msg=Enumerating values under SOFTWARE\Microsoft\SMS\CurrentUser
VERBOSE  time=2026-08-01 23:07:29, msg=Access denied reading values under registry key SOFTWARE\Microsoft\SMS\CurrentUser on ps1-sms.mayyhem.com
VERBOSE  time=2026-08-01 23:07:29, msg=No values readable under SOFTWARE\Microsoft\SMS\CurrentUser on ps1-sms.mayyhem.com
VERBOSE  time=2026-08-01 23:07:29, msg=Querying SYSTEM\CurrentControlSet\Services\LanManServer\Parameters for SMB signing requirements
VERBOSE  time=2026-08-01 23:07:29, msg=Reading DWORD value RequireSecuritySignature under SYSTEM\CurrentControlSet\Services\LanManServer\Parameters on ps1-sms.mayyhem.com
VERBOSE  time=2026-08-01 23:07:29, msg=Access denied reading DWORD value RequireSecuritySignature under SYSTEM\CurrentControlSet\Services\LanManServer\Parameters on ps1-sms.mayyhem.com
VERBOSE  time=2026-08-01 23:07:29, msg=SMB signing required (negotiate fallback): False
VERBOSE  time=2026-08-01 23:07:29, msg=Querying SYSTEM\CurrentControlSet\Control\Lsa\MSV1_0 for NTLM settings
VERBOSE  time=2026-08-01 23:07:29, msg=Reading DWORD value RestrictReceivingNTLMTraffic under SYSTEM\CurrentControlSet\Control\Lsa\MSV1_0 on ps1-sms.mayyhem.com
VERBOSE  time=2026-08-01 23:07:29, msg=Access denied reading DWORD value RestrictReceivingNTLMTraffic under SYSTEM\CurrentControlSet\Control\Lsa\MSV1_0 on ps1-sms.mayyhem.com
VERBOSE  time=2026-08-01 23:07:29, msg=Querying SYSTEM\CurrentControlSet\Control\Lsa for LSA settings
VERBOSE  time=2026-08-01 23:07:29, msg=Reading DWORD value DisableLoopbackCheck under SYSTEM\CurrentControlSet\Control\Lsa on ps1-sms.mayyhem.com
VERBOSE  time=2026-08-01 23:07:30, msg=Access denied reading DWORD value DisableLoopbackCheck under SYSTEM\CurrentControlSet\Control\Lsa on ps1-sms.mayyhem.com
VERBOSE  time=2026-08-01 23:07:30, msg=Enumerating values under SOFTWARE\Microsoft\Microsoft SQL Server\Instance Names\SQL
VERBOSE  time=2026-08-01 23:07:30, msg=Access denied reading values under registry key SOFTWARE\Microsoft\Microsoft SQL Server\Instance Names\SQL on ps1-sms.mayyhem.com
VERBOSE  time=2026-08-01 23:07:30, msg=No SQL Server instance inventory at SOFTWARE\Microsoft\Microsoft SQL Server\Instance Names\SQL on ps1-sms.mayyhem.com; trying the legacy path only
VERBOSE  time=2026-08-01 23:07:30, msg=Enumerating values under SOFTWARE\Microsoft\MSSQLServer\MSSQLServer\SuperSocketNetLib
VERBOSE  time=2026-08-01 23:07:30, msg=Access denied reading values under registry key SOFTWARE\Microsoft\MSSQLServer\MSSQLServer\SuperSocketNetLib on ps1-sms.mayyhem.com
VERBOSE  time=2026-08-01 23:07:30, msg=SQL Server network settings denied on ps1-sms.mayyhem.com; reported in the denial summary.
VERBOSE  time=2026-08-01 23:07:30, msg=Querying SOFTWARE\Microsoft\SMS\Triggers for SCCM site code
VERBOSE  time=2026-08-01 23:07:30, msg=Enumerating subkeys under SOFTWARE\Microsoft\SMS\Triggers
VERBOSE  time=2026-08-01 23:07:30, msg=Access denied reading subkeys of registry key SOFTWARE\Microsoft\SMS\Triggers on ps1-sms.mayyhem.com
WARNING  time=2026-08-01 23:07:30, msg=[ps1-sms.mayyhem.com][RemoteRegistry] Access denied reading SOFTWARE\Microsoft\SMS\Triggers on ps1-sms.mayyhem.com, so the site code is unknown and the remaining Remote Registry checks are skipped. This host may still be a site system -- re-run with an account that can read the key to find out.
INFO     time=2026-08-01 23:07:30, msg=[ps1-sms.mayyhem.com][RemoteRegistry] Remote Registry collection completed for ps1-sms.mayyhem.com
WARNING  time=2026-08-01 23:07:30, msg=[ps1-sms.mayyhem.com][RemoteRegistry] 7 registry read(s) denied on ps1-sms.mayyhem.com -- not collected: SCCM site code, site-system roles and logged-on user; SMB signing requirement; NTLM restrictions and loopback-check setting; SQL Server encryption / Extended Protection settings. The host-hardening and SQL Server keys require local Administrators on the target; re-run with an administrative account to collect them. Per-read detail is in the full log.
VERBOSE  time=2026-08-01 23:07:30, msg=Disconnecting Remote Registry on ps1-sms.mayyhem.com
VERBOSE  time=2026-08-01 23:07:30, msg=Logging off SMB on ps1-sms.mayyhem.com
INFO     time=2026-08-01 23:07:30, msg=[ps1-sms.mayyhem.com][MSSQL] Starting MSSQL collection on ps1-sms.mayyhem.com
INFO     time=2026-08-01 23:07:30, msg=[ps1-sms.mayyhem.com][MSSQL] Querying SPNs for ps1-sms.mayyhem.com
VERBOSE  time=2026-08-01 23:07:30, msg=LDAP search: base=DC=mayyhem,DC=com filter=(dNSHostName=ps1-sms.mayyhem.com)
VERBOSE  time=2026-08-01 23:07:30, msg=LDAP search complete: entries=1 pages=1
INFO     time=2026-08-01 23:07:30, msg=[ps1-sms.mayyhem.com][MSSQL] Searching AD for MSSQLSvc SPNs naming host ps1-sms.mayyhem.com
VERBOSE  time=2026-08-01 23:07:30, msg=LDAP search: base=DC=mayyhem,DC=com filter=(servicePrincipalName=MSSQLSvc/ps1-sms.mayyhem.com*)
VERBOSE  time=2026-08-01 23:07:31, msg=LDAP search complete: entries=0 pages=1
DEBUG    time=2026-08-01 23:07:31, msg=No MSSQLSvc SPN holder found for ps1-sms.mayyhem.com
DEBUG    time=2026-08-01 23:07:31, msg=No MSSQLSvc SPN anywhere in AD for ps1-sms.mayyhem.com
INFO     time=2026-08-01 23:07:31, msg=[ps1-sms.mayyhem.com][MSSQL] No MSSQLSvc SPN found for ps1-sms.mayyhem.com, defaulting to port 1433
DEBUG    time=2026-08-01 23:07:33, msg=ps1-sms.mayyhem.com:1433 unreachable: [WinError 10061] No connection could be made because the target machine actively refused it
INFO     time=2026-08-01 23:07:33, msg=[ps1-sms.mayyhem.com][MSSQL] MSSQL port 1433 closed on ps1-sms.mayyhem.com and no MSSQLSvc SPN; nothing to record
INFO     time=2026-08-01 23:07:33, msg=[ps1-sms.mayyhem.com][AdminService] Starting AdminService collection on ps1-sms.mayyhem.com...
DEBUG    time=2026-08-01 23:07:33, msg=auth ladder: explicit creds -> Kerberos, NTLM fallback for ps1-sms.mayyhem.com
VERBOSE  time=2026-08-01 23:07:33, msg=Kerberos: requesting TGT+TGS for HTTP/ps1-sms.mayyhem.com from KDC dc.mayyhem.com
DEBUG    time=2026-08-01 23:08:28, msg=HTTP Negotiate(kerberos) https://ps1-sms.mayyhem.com/AdminService/wmi/SMS_Identification?$select=ThisSiteCode,ThisSiteName -> 404
VERBOSE  time=2026-08-01 23:08:28, msg=HTTP authenticated to ps1-sms.mayyhem.com via kerberos
WARNING  time=2026-08-01 23:08:28, msg=[ps1-sms.mayyhem.com][AdminService] AdminService GET /AdminService/wmi/SMS_Identification?$select=ThisSiteCode,ThisSiteName returned HTTP 404
INFO     time=2026-08-01 23:08:28, msg=[ps1-sms.mayyhem.com][AdminService] ps1-sms.mayyhem.com is not a reachable AdminService provider; skipping
INFO     time=2026-08-01 23:08:28, msg=[ps1-sms.mayyhem.com][WMI] Starting WMI collection on ps1-sms.mayyhem.com...
VERBOSE  time=2026-08-01 23:08:28, msg=WMI query on ps1-sms.mayyhem.com (root\SMS): SELECT * FROM SMS_ProviderLocation
DEBUG    time=2026-08-01 23:08:28, msg=auth ladder: explicit creds -> Kerberos, NTLM fallback for ps1-sms.mayyhem.com
VERBOSE  time=2026-08-01 23:08:28, msg=WMI Kerberos rung on ps1-sms.mayyhem.com: no --ticket supplied and no Kerberos credential cache (KRB5CCNAME is unset), so a fresh TGT is requested with the supplied credentials. impacket's 'CCache file is not found' notice is expected here.
VERBOSE  time=2026-08-01 23:08:28, msg=WMI auth attempt on ps1-sms.mayyhem.com via kerberos
DEBUG    time=2026-08-01 23:08:28, msg=CCache file is not found. Skipping...
VERBOSE  time=2026-08-01 23:08:28, msg=WMI kerberos rung failed on ps1-sms.mayyhem.com: rpc_s_access_denied
VERBOSE  time=2026-08-01 23:08:28, msg=WMI auth attempt on ps1-sms.mayyhem.com via ntlm
VERBOSE  time=2026-08-01 23:08:28, msg=WMI ntlm rung failed on ps1-sms.mayyhem.com: rpc_s_access_denied
INFO     time=2026-08-01 23:08:28, msg=[ps1-sms.mayyhem.com][WMI] WMI auth ladder exhausted on ps1-sms.mayyhem.com (['kerberos', 'ntlm'])
INFO     time=2026-08-01 23:08:28, msg=[ps1-sms.mayyhem.com][WMI] WMI SMS_ProviderLocation returned nothing (rung exhausted or not a provider)
INFO     time=2026-08-01 23:08:28, msg=[ps1-sms.mayyhem.com][WMI] ps1-sms.mayyhem.com is not a reachable SMS Provider over WMI; skipping
INFO     time=2026-08-01 23:08:28, msg=[ps1-sms.mayyhem.com][HTTP] Attempting HTTP collection on: ps1-sms.mayyhem.com
VERBOSE  time=2026-08-01 23:08:28, msg=Probing MP site signing certificate issuer on: ps1-sms.mayyhem.com
DEBUG    time=2026-08-01 23:08:28, msg=HTTP GET http://ps1-sms.mayyhem.com/SMS_MP/.sms_aut?sitesigncert -> 404 (anonymous)
DEBUG    time=2026-08-01 23:08:28, msg=HTTP GET http://ps1-sms.mayyhem.com/SMS_MP/.sms_aut?sitesigncert content: b'<!DOCTYPE html PUBLIC "-//W3C//DTD XHTML 1.0 Strict//EN" "http://www.w3.org/TR/xhtml1/DTD/xhtml1-strict.dtd">\r\n<html xmlns="http://www.w3.org/1999/xhtml">\r\n<head>\r\n<meta http-equiv="Content-Type" content="text/html; charset=iso-8859-1"/>\r\n<title>404 - File or directory not found.</title>\r\n<style type="text/css">\r\n<!--\r\nbody{margin:0;font-size:.7em;font-family:Verdana, Arial, Helvetica, sans-serif;background:#EEEEEE;}\r\nfieldset{padding:0 15px 10px 15px;} \r\nh1{font-size:2.4em;margin:0;color:#FFF;}\r\nh2{font-size:1.7em;margin:0;color:#CC0000;} \r\nh3{font-size:1.2em;margin:10px 0 0 0;color:#000000;} \r\n#header{width:96%;margin:0 0 0 0;padding:6px 2% 6px 2%;font-family:"trebuchet MS", Verdana, sans-serif;color:#FFF;\r\nbackground-color:#555555;}\r\n#content{margin:0 0 0 2%;position:relative;}\r\n.content-container{background:#FFF;width:96%;margin-top:8px;padding:10px;position:relative;}\r\n-->\r\n</style>\r\n</head>\r\n<body>\r\n<div id="header"><h1>Server Error</h1></div>\r\n<div id="conten ...(1245 bytes total, truncated)
VERBOSE  time=2026-08-01 23:08:28, msg=sitesigncert not available via http on ps1-sms.mayyhem.com
DEBUG    time=2026-08-01 23:08:28, msg=HTTP GET https://ps1-sms.mayyhem.com/SMS_MP/.sms_aut?sitesigncert -> 404 (anonymous)
DEBUG    time=2026-08-01 23:08:28, msg=HTTP GET https://ps1-sms.mayyhem.com/SMS_MP/.sms_aut?sitesigncert content: b'<!DOCTYPE html PUBLIC "-//W3C//DTD XHTML 1.0 Strict//EN" "http://www.w3.org/TR/xhtml1/DTD/xhtml1-strict.dtd">\r\n<html xmlns="http://www.w3.org/1999/xhtml">\r\n<head>\r\n<meta http-equiv="Content-Type" content="text/html; charset=iso-8859-1"/>\r\n<title>404 - File or directory not found.</title>\r\n<style type="text/css">\r\n<!--\r\nbody{margin:0;font-size:.7em;font-family:Verdana, Arial, Helvetica, sans-serif;background:#EEEEEE;}\r\nfieldset{padding:0 15px 10px 15px;} \r\nh1{font-size:2.4em;margin:0;color:#FFF;}\r\nh2{font-size:1.7em;margin:0;color:#CC0000;} \r\nh3{font-size:1.2em;margin:10px 0 0 0;color:#000000;} \r\n#header{width:96%;margin:0 0 0 0;padding:6px 2% 6px 2%;font-family:"trebuchet MS", Verdana, sans-serif;color:#FFF;\r\nbackground-color:#555555;}\r\n#content{margin:0 0 0 2%;position:relative;}\r\n.content-container{background:#FFF;width:96%;margin-top:8px;padding:10px;position:relative;}\r\n-->\r\n</style>\r\n</head>\r\n<body>\r\n<div id="header"><h1>Server Error</h1></div>\r\n<div id="conten ...(1245 bytes total, truncated)
VERBOSE  time=2026-08-01 23:08:28, msg=sitesigncert not available via https on ps1-sms.mayyhem.com
VERBOSE  time=2026-08-01 23:08:28, msg=No Site Server issuer detected via sitesigncert on ps1-sms.mayyhem.com
VERBOSE  time=2026-08-01 23:08:28, msg=Trying connections via http
VERBOSE  time=2026-08-01 23:08:28, msg=Testing management point endpoint: http://ps1-sms.mayyhem.com/SMS_MP/.sms_aut?MPKEYINFORMATION
DEBUG    time=2026-08-01 23:08:28, msg=HTTP GET http://ps1-sms.mayyhem.com/SMS_MP/.sms_aut?MPKEYINFORMATION -> 404 (anonymous)
DEBUG    time=2026-08-01 23:08:28, msg=HTTP GET http://ps1-sms.mayyhem.com/SMS_MP/.sms_aut?MPKEYINFORMATION content: b'<!DOCTYPE html PUBLIC "-//W3C//DTD XHTML 1.0 Strict//EN" "http://www.w3.org/TR/xhtml1/DTD/xhtml1-strict.dtd">\r\n<html xmlns="http://www.w3.org/1999/xhtml">\r\n<head>\r\n<meta http-equiv="Content-Type" content="text/html; charset=iso-8859-1"/>\r\n<title>404 - File or directory not found.</title>\r\n<style type="text/css">\r\n<!--\r\nbody{margin:0;font-size:.7em;font-family:Verdana, Arial, Helvetica, sans-serif;background:#EEEEEE;}\r\nfieldset{padding:0 15px 10px 15px;} \r\nh1{font-size:2.4em;margin:0;color:#FFF;}\r\nh2{font-size:1.7em;margin:0;color:#CC0000;} \r\nh3{font-size:1.2em;margin:10px 0 0 0;color:#000000;} \r\n#header{width:96%;margin:0 0 0 0;padding:6px 2% 6px 2%;font-family:"trebuchet MS", Verdana, sans-serif;color:#FFF;\r\nbackground-color:#555555;}\r\n#content{margin:0 0 0 2%;position:relative;}\r\n.content-container{background:#FFF;width:96%;margin-top:8px;padding:10px;position:relative;}\r\n-->\r\n</style>\r\n</head>\r\n<body>\r\n<div id="header"><h1>Server Error</h1></div>\r\n<div id="conten ...(1245 bytes total, truncated)
VERBOSE  time=2026-08-01 23:08:28, msg=    Received 404
VERBOSE  time=2026-08-01 23:08:28, msg=Testing management point endpoint: http://ps1-sms.mayyhem.com/SMS_MP/.sms_aut?MPLIST
DEBUG    time=2026-08-01 23:08:28, msg=HTTP GET http://ps1-sms.mayyhem.com/SMS_MP/.sms_aut?MPLIST -> 404 (anonymous)
DEBUG    time=2026-08-01 23:08:28, msg=HTTP GET http://ps1-sms.mayyhem.com/SMS_MP/.sms_aut?MPLIST content: b'<!DOCTYPE html PUBLIC "-//W3C//DTD XHTML 1.0 Strict//EN" "http://www.w3.org/TR/xhtml1/DTD/xhtml1-strict.dtd">\r\n<html xmlns="http://www.w3.org/1999/xhtml">\r\n<head>\r\n<meta http-equiv="Content-Type" content="text/html; charset=iso-8859-1"/>\r\n<title>404 - File or directory not found.</title>\r\n<style type="text/css">\r\n<!--\r\nbody{margin:0;font-size:.7em;font-family:Verdana, Arial, Helvetica, sans-serif;background:#EEEEEE;}\r\nfieldset{padding:0 15px 10px 15px;} \r\nh1{font-size:2.4em;margin:0;color:#FFF;}\r\nh2{font-size:1.7em;margin:0;color:#CC0000;} \r\nh3{font-size:1.2em;margin:10px 0 0 0;color:#000000;} \r\n#header{width:96%;margin:0 0 0 0;padding:6px 2% 6px 2%;font-family:"trebuchet MS", Verdana, sans-serif;color:#FFF;\r\nbackground-color:#555555;}\r\n#content{margin:0 0 0 2%;position:relative;}\r\n.content-container{background:#FFF;width:96%;margin-top:8px;padding:10px;position:relative;}\r\n-->\r\n</style>\r\n</head>\r\n<body>\r\n<div id="header"><h1>Server Error</h1></div>\r\n<div id="conten ...(1245 bytes total, truncated)
VERBOSE  time=2026-08-01 23:08:28, msg=    Received 404
VERBOSE  time=2026-08-01 23:08:28, msg=Testing management point endpoint: http://ps1-sms.mayyhem.com/SMS_MP/.sms_aut?SMSTRC
DEBUG    time=2026-08-01 23:08:28, msg=HTTP GET http://ps1-sms.mayyhem.com/SMS_MP/.sms_aut?SMSTRC -> 404 (anonymous)
DEBUG    time=2026-08-01 23:08:28, msg=HTTP GET http://ps1-sms.mayyhem.com/SMS_MP/.sms_aut?SMSTRC content: b'<!DOCTYPE html PUBLIC "-//W3C//DTD XHTML 1.0 Strict//EN" "http://www.w3.org/TR/xhtml1/DTD/xhtml1-strict.dtd">\r\n<html xmlns="http://www.w3.org/1999/xhtml">\r\n<head>\r\n<meta http-equiv="Content-Type" content="text/html; charset=iso-8859-1"/>\r\n<title>404 - File or directory not found.</title>\r\n<style type="text/css">\r\n<!--\r\nbody{margin:0;font-size:.7em;font-family:Verdana, Arial, Helvetica, sans-serif;background:#EEEEEE;}\r\nfieldset{padding:0 15px 10px 15px;} \r\nh1{font-size:2.4em;margin:0;color:#FFF;}\r\nh2{font-size:1.7em;margin:0;color:#CC0000;} \r\nh3{font-size:1.2em;margin:10px 0 0 0;color:#000000;} \r\n#header{width:96%;margin:0 0 0 0;padding:6px 2% 6px 2%;font-family:"trebuchet MS", Verdana, sans-serif;color:#FFF;\r\nbackground-color:#555555;}\r\n#content{margin:0 0 0 2%;position:relative;}\r\n.content-container{background:#FFF;width:96%;margin-top:8px;padding:10px;position:relative;}\r\n-->\r\n</style>\r\n</head>\r\n<body>\r\n<div id="header"><h1>Server Error</h1></div>\r\n<div id="conten ...(1245 bytes total, truncated)
VERBOSE  time=2026-08-01 23:08:28, msg=    Received 404
VERBOSE  time=2026-08-01 23:08:28, msg=Testing management point endpoint: http://ps1-sms.mayyhem.com/SMS_MP/.sms_aut?MPLIST1&CAS
DEBUG    time=2026-08-01 23:08:28, msg=HTTP GET http://ps1-sms.mayyhem.com/SMS_MP/.sms_aut?MPLIST1&CAS -> 404 (anonymous)
DEBUG    time=2026-08-01 23:08:28, msg=HTTP GET http://ps1-sms.mayyhem.com/SMS_MP/.sms_aut?MPLIST1&CAS content: b'<!DOCTYPE html PUBLIC "-//W3C//DTD XHTML 1.0 Strict//EN" "http://www.w3.org/TR/xhtml1/DTD/xhtml1-strict.dtd">\r\n<html xmlns="http://www.w3.org/1999/xhtml">\r\n<head>\r\n<meta http-equiv="Content-Type" content="text/html; charset=iso-8859-1"/>\r\n<title>404 - File or directory not found.</title>\r\n<style type="text/css">\r\n<!--\r\nbody{margin:0;font-size:.7em;font-family:Verdana, Arial, Helvetica, sans-serif;background:#EEEEEE;}\r\nfieldset{padding:0 15px 10px 15px;} \r\nh1{font-size:2.4em;margin:0;color:#FFF;}\r\nh2{font-size:1.7em;margin:0;color:#CC0000;} \r\nh3{font-size:1.2em;margin:10px 0 0 0;color:#000000;} \r\n#header{width:96%;margin:0 0 0 0;padding:6px 2% 6px 2%;font-family:"trebuchet MS", Verdana, sans-serif;color:#FFF;\r\nbackground-color:#555555;}\r\n#content{margin:0 0 0 2%;position:relative;}\r\n.content-container{background:#FFF;width:96%;margin-top:8px;padding:10px;position:relative;}\r\n-->\r\n</style>\r\n</head>\r\n<body>\r\n<div id="header"><h1>Server Error</h1></div>\r\n<div id="conten ...(1245 bytes total, truncated)
VERBOSE  time=2026-08-01 23:08:28, msg=    Received 404
VERBOSE  time=2026-08-01 23:08:28, msg=Testing management point endpoint: http://ps1-sms.mayyhem.com/SMS_MP/.sms_aut?MPLIST1&PS1
DEBUG    time=2026-08-01 23:08:28, msg=HTTP GET http://ps1-sms.mayyhem.com/SMS_MP/.sms_aut?MPLIST1&PS1 -> 404 (anonymous)
DEBUG    time=2026-08-01 23:08:28, msg=HTTP GET http://ps1-sms.mayyhem.com/SMS_MP/.sms_aut?MPLIST1&PS1 content: b'<!DOCTYPE html PUBLIC "-//W3C//DTD XHTML 1.0 Strict//EN" "http://www.w3.org/TR/xhtml1/DTD/xhtml1-strict.dtd">\r\n<html xmlns="http://www.w3.org/1999/xhtml">\r\n<head>\r\n<meta http-equiv="Content-Type" content="text/html; charset=iso-8859-1"/>\r\n<title>404 - File or directory not found.</title>\r\n<style type="text/css">\r\n<!--\r\nbody{margin:0;font-size:.7em;font-family:Verdana, Arial, Helvetica, sans-serif;background:#EEEEEE;}\r\nfieldset{padding:0 15px 10px 15px;} \r\nh1{font-size:2.4em;margin:0;color:#FFF;}\r\nh2{font-size:1.7em;margin:0;color:#CC0000;} \r\nh3{font-size:1.2em;margin:10px 0 0 0;color:#000000;} \r\n#header{width:96%;margin:0 0 0 0;padding:6px 2% 6px 2%;font-family:"trebuchet MS", Verdana, sans-serif;color:#FFF;\r\nbackground-color:#555555;}\r\n#content{margin:0 0 0 2%;position:relative;}\r\n.content-container{background:#FFF;width:96%;margin-top:8px;padding:10px;position:relative;}\r\n-->\r\n</style>\r\n</head>\r\n<body>\r\n<div id="header"><h1>Server Error</h1></div>\r\n<div id="conten ...(1245 bytes total, truncated)
VERBOSE  time=2026-08-01 23:08:28, msg=    Received 404
VERBOSE  time=2026-08-01 23:08:28, msg=Testing distribution point endpoint: http://ps1-sms.mayyhem.com/SMS_DP_SMSPKG$
DEBUG    time=2026-08-01 23:08:28, msg=HTTP GET http://ps1-sms.mayyhem.com/SMS_DP_SMSPKG$ -> 404 (anonymous)
DEBUG    time=2026-08-01 23:08:28, msg=HTTP GET http://ps1-sms.mayyhem.com/SMS_DP_SMSPKG$ content: b'<!DOCTYPE html PUBLIC "-//W3C//DTD XHTML 1.0 Strict//EN" "http://www.w3.org/TR/xhtml1/DTD/xhtml1-strict.dtd">\r\n<html xmlns="http://www.w3.org/1999/xhtml">\r\n<head>\r\n<meta http-equiv="Content-Type" content="text/html; charset=iso-8859-1"/>\r\n<title>404 - File or directory not found.</title>\r\n<style type="text/css">\r\n<!--\r\nbody{margin:0;font-size:.7em;font-family:Verdana, Arial, Helvetica, sans-serif;background:#EEEEEE;}\r\nfieldset{padding:0 15px 10px 15px;} \r\nh1{font-size:2.4em;margin:0;color:#FFF;}\r\nh2{font-size:1.7em;margin:0;color:#CC0000;} \r\nh3{font-size:1.2em;margin:10px 0 0 0;color:#000000;} \r\n#header{width:96%;margin:0 0 0 0;padding:6px 2% 6px 2%;font-family:"trebuchet MS", Verdana, sans-serif;color:#FFF;\r\nbackground-color:#555555;}\r\n#content{margin:0 0 0 2%;position:relative;}\r\n.content-container{background:#FFF;width:96%;margin-top:8px;padding:10px;position:relative;}\r\n-->\r\n</style>\r\n</head>\r\n<body>\r\n<div id="header"><h1>Server Error</h1></div>\r\n<div id="conten ...(1245 bytes total, truncated)
VERBOSE  time=2026-08-01 23:08:28, msg=    Received 404
VERBOSE  time=2026-08-01 23:08:28, msg=Trying connections via https
VERBOSE  time=2026-08-01 23:08:28, msg=Testing management point endpoint: https://ps1-sms.mayyhem.com/SMS_MP/.sms_aut?MPKEYINFORMATION
DEBUG    time=2026-08-01 23:08:28, msg=HTTP GET https://ps1-sms.mayyhem.com/SMS_MP/.sms_aut?MPKEYINFORMATION -> 404 (anonymous)
DEBUG    time=2026-08-01 23:08:28, msg=HTTP GET https://ps1-sms.mayyhem.com/SMS_MP/.sms_aut?MPKEYINFORMATION content: b'<!DOCTYPE html PUBLIC "-//W3C//DTD XHTML 1.0 Strict//EN" "http://www.w3.org/TR/xhtml1/DTD/xhtml1-strict.dtd">\r\n<html xmlns="http://www.w3.org/1999/xhtml">\r\n<head>\r\n<meta http-equiv="Content-Type" content="text/html; charset=iso-8859-1"/>\r\n<title>404 - File or directory not found.</title>\r\n<style type="text/css">\r\n<!--\r\nbody{margin:0;font-size:.7em;font-family:Verdana, Arial, Helvetica, sans-serif;background:#EEEEEE;}\r\nfieldset{padding:0 15px 10px 15px;} \r\nh1{font-size:2.4em;margin:0;color:#FFF;}\r\nh2{font-size:1.7em;margin:0;color:#CC0000;} \r\nh3{font-size:1.2em;margin:10px 0 0 0;color:#000000;} \r\n#header{width:96%;margin:0 0 0 0;padding:6px 2% 6px 2%;font-family:"trebuchet MS", Verdana, sans-serif;color:#FFF;\r\nbackground-color:#555555;}\r\n#content{margin:0 0 0 2%;position:relative;}\r\n.content-container{background:#FFF;width:96%;margin-top:8px;padding:10px;position:relative;}\r\n-->\r\n</style>\r\n</head>\r\n<body>\r\n<div id="header"><h1>Server Error</h1></div>\r\n<div id="conten ...(1245 bytes total, truncated)
VERBOSE  time=2026-08-01 23:08:28, msg=    Received 404
VERBOSE  time=2026-08-01 23:08:28, msg=Testing management point endpoint: https://ps1-sms.mayyhem.com/SMS_MP/.sms_aut?MPLIST
DEBUG    time=2026-08-01 23:08:28, msg=HTTP GET https://ps1-sms.mayyhem.com/SMS_MP/.sms_aut?MPLIST -> 404 (anonymous)
DEBUG    time=2026-08-01 23:08:28, msg=HTTP GET https://ps1-sms.mayyhem.com/SMS_MP/.sms_aut?MPLIST content: b'<!DOCTYPE html PUBLIC "-//W3C//DTD XHTML 1.0 Strict//EN" "http://www.w3.org/TR/xhtml1/DTD/xhtml1-strict.dtd">\r\n<html xmlns="http://www.w3.org/1999/xhtml">\r\n<head>\r\n<meta http-equiv="Content-Type" content="text/html; charset=iso-8859-1"/>\r\n<title>404 - File or directory not found.</title>\r\n<style type="text/css">\r\n<!--\r\nbody{margin:0;font-size:.7em;font-family:Verdana, Arial, Helvetica, sans-serif;background:#EEEEEE;}\r\nfieldset{padding:0 15px 10px 15px;} \r\nh1{font-size:2.4em;margin:0;color:#FFF;}\r\nh2{font-size:1.7em;margin:0;color:#CC0000;} \r\nh3{font-size:1.2em;margin:10px 0 0 0;color:#000000;} \r\n#header{width:96%;margin:0 0 0 0;padding:6px 2% 6px 2%;font-family:"trebuchet MS", Verdana, sans-serif;color:#FFF;\r\nbackground-color:#555555;}\r\n#content{margin:0 0 0 2%;position:relative;}\r\n.content-container{background:#FFF;width:96%;margin-top:8px;padding:10px;position:relative;}\r\n-->\r\n</style>\r\n</head>\r\n<body>\r\n<div id="header"><h1>Server Error</h1></div>\r\n<div id="conten ...(1245 bytes total, truncated)
VERBOSE  time=2026-08-01 23:08:28, msg=    Received 404
VERBOSE  time=2026-08-01 23:08:28, msg=Testing management point endpoint: https://ps1-sms.mayyhem.com/SMS_MP/.sms_aut?SMSTRC
DEBUG    time=2026-08-01 23:08:28, msg=HTTP GET https://ps1-sms.mayyhem.com/SMS_MP/.sms_aut?SMSTRC -> 404 (anonymous)
DEBUG    time=2026-08-01 23:08:28, msg=HTTP GET https://ps1-sms.mayyhem.com/SMS_MP/.sms_aut?SMSTRC content: b'<!DOCTYPE html PUBLIC "-//W3C//DTD XHTML 1.0 Strict//EN" "http://www.w3.org/TR/xhtml1/DTD/xhtml1-strict.dtd">\r\n<html xmlns="http://www.w3.org/1999/xhtml">\r\n<head>\r\n<meta http-equiv="Content-Type" content="text/html; charset=iso-8859-1"/>\r\n<title>404 - File or directory not found.</title>\r\n<style type="text/css">\r\n<!--\r\nbody{margin:0;font-size:.7em;font-family:Verdana, Arial, Helvetica, sans-serif;background:#EEEEEE;}\r\nfieldset{padding:0 15px 10px 15px;} \r\nh1{font-size:2.4em;margin:0;color:#FFF;}\r\nh2{font-size:1.7em;margin:0;color:#CC0000;} \r\nh3{font-size:1.2em;margin:10px 0 0 0;color:#000000;} \r\n#header{width:96%;margin:0 0 0 0;padding:6px 2% 6px 2%;font-family:"trebuchet MS", Verdana, sans-serif;color:#FFF;\r\nbackground-color:#555555;}\r\n#content{margin:0 0 0 2%;position:relative;}\r\n.content-container{background:#FFF;width:96%;margin-top:8px;padding:10px;position:relative;}\r\n-->\r\n</style>\r\n</head>\r\n<body>\r\n<div id="header"><h1>Server Error</h1></div>\r\n<div id="conten ...(1245 bytes total, truncated)
VERBOSE  time=2026-08-01 23:08:28, msg=    Received 404
VERBOSE  time=2026-08-01 23:08:28, msg=Testing management point endpoint: https://ps1-sms.mayyhem.com/SMS_MP/.sms_aut?MPLIST1&CAS
DEBUG    time=2026-08-01 23:08:28, msg=HTTP GET https://ps1-sms.mayyhem.com/SMS_MP/.sms_aut?MPLIST1&CAS -> 404 (anonymous)
DEBUG    time=2026-08-01 23:08:28, msg=HTTP GET https://ps1-sms.mayyhem.com/SMS_MP/.sms_aut?MPLIST1&CAS content: b'<!DOCTYPE html PUBLIC "-//W3C//DTD XHTML 1.0 Strict//EN" "http://www.w3.org/TR/xhtml1/DTD/xhtml1-strict.dtd">\r\n<html xmlns="http://www.w3.org/1999/xhtml">\r\n<head>\r\n<meta http-equiv="Content-Type" content="text/html; charset=iso-8859-1"/>\r\n<title>404 - File or directory not found.</title>\r\n<style type="text/css">\r\n<!--\r\nbody{margin:0;font-size:.7em;font-family:Verdana, Arial, Helvetica, sans-serif;background:#EEEEEE;}\r\nfieldset{padding:0 15px 10px 15px;} \r\nh1{font-size:2.4em;margin:0;color:#FFF;}\r\nh2{font-size:1.7em;margin:0;color:#CC0000;} \r\nh3{font-size:1.2em;margin:10px 0 0 0;color:#000000;} \r\n#header{width:96%;margin:0 0 0 0;padding:6px 2% 6px 2%;font-family:"trebuchet MS", Verdana, sans-serif;color:#FFF;\r\nbackground-color:#555555;}\r\n#content{margin:0 0 0 2%;position:relative;}\r\n.content-container{background:#FFF;width:96%;margin-top:8px;padding:10px;position:relative;}\r\n-->\r\n</style>\r\n</head>\r\n<body>\r\n<div id="header"><h1>Server Error</h1></div>\r\n<div id="conten ...(1245 bytes total, truncated)
VERBOSE  time=2026-08-01 23:08:28, msg=    Received 404
VERBOSE  time=2026-08-01 23:08:28, msg=Testing management point endpoint: https://ps1-sms.mayyhem.com/SMS_MP/.sms_aut?MPLIST1&PS1
DEBUG    time=2026-08-01 23:08:28, msg=HTTP GET https://ps1-sms.mayyhem.com/SMS_MP/.sms_aut?MPLIST1&PS1 -> 404 (anonymous)
DEBUG    time=2026-08-01 23:08:28, msg=HTTP GET https://ps1-sms.mayyhem.com/SMS_MP/.sms_aut?MPLIST1&PS1 content: b'<!DOCTYPE html PUBLIC "-//W3C//DTD XHTML 1.0 Strict//EN" "http://www.w3.org/TR/xhtml1/DTD/xhtml1-strict.dtd">\r\n<html xmlns="http://www.w3.org/1999/xhtml">\r\n<head>\r\n<meta http-equiv="Content-Type" content="text/html; charset=iso-8859-1"/>\r\n<title>404 - File or directory not found.</title>\r\n<style type="text/css">\r\n<!--\r\nbody{margin:0;font-size:.7em;font-family:Verdana, Arial, Helvetica, sans-serif;background:#EEEEEE;}\r\nfieldset{padding:0 15px 10px 15px;} \r\nh1{font-size:2.4em;margin:0;color:#FFF;}\r\nh2{font-size:1.7em;margin:0;color:#CC0000;} \r\nh3{font-size:1.2em;margin:10px 0 0 0;color:#000000;} \r\n#header{width:96%;margin:0 0 0 0;padding:6px 2% 6px 2%;font-family:"trebuchet MS", Verdana, sans-serif;color:#FFF;\r\nbackground-color:#555555;}\r\n#content{margin:0 0 0 2%;position:relative;}\r\n.content-container{background:#FFF;width:96%;margin-top:8px;padding:10px;position:relative;}\r\n-->\r\n</style>\r\n</head>\r\n<body>\r\n<div id="header"><h1>Server Error</h1></div>\r\n<div id="conten ...(1245 bytes total, truncated)
VERBOSE  time=2026-08-01 23:08:28, msg=    Received 404
VERBOSE  time=2026-08-01 23:08:28, msg=Testing distribution point endpoint: https://ps1-sms.mayyhem.com/SMS_DP_SMSPKG$
DEBUG    time=2026-08-01 23:08:28, msg=HTTP GET https://ps1-sms.mayyhem.com/SMS_DP_SMSPKG$ -> 404 (anonymous)
DEBUG    time=2026-08-01 23:08:28, msg=HTTP GET https://ps1-sms.mayyhem.com/SMS_DP_SMSPKG$ content: b'<!DOCTYPE html PUBLIC "-//W3C//DTD XHTML 1.0 Strict//EN" "http://www.w3.org/TR/xhtml1/DTD/xhtml1-strict.dtd">\r\n<html xmlns="http://www.w3.org/1999/xhtml">\r\n<head>\r\n<meta http-equiv="Content-Type" content="text/html; charset=iso-8859-1"/>\r\n<title>404 - File or directory not found.</title>\r\n<style type="text/css">\r\n<!--\r\nbody{margin:0;font-size:.7em;font-family:Verdana, Arial, Helvetica, sans-serif;background:#EEEEEE;}\r\nfieldset{padding:0 15px 10px 15px;} \r\nh1{font-size:2.4em;margin:0;color:#FFF;}\r\nh2{font-size:1.7em;margin:0;color:#CC0000;} \r\nh3{font-size:1.2em;margin:10px 0 0 0;color:#000000;} \r\n#header{width:96%;margin:0 0 0 0;padding:6px 2% 6px 2%;font-family:"trebuchet MS", Verdana, sans-serif;color:#FFF;\r\nbackground-color:#555555;}\r\n#content{margin:0 0 0 2%;position:relative;}\r\n.content-container{background:#FFF;width:96%;margin-top:8px;padding:10px;position:relative;}\r\n-->\r\n</style>\r\n</head>\r\n<body>\r\n<div id="header"><h1>Server Error</h1></div>\r\n<div id="conten ...(1245 bytes total, truncated)
VERBOSE  time=2026-08-01 23:08:28, msg=    Received 404
VERBOSE  time=2026-08-01 23:08:28, msg=Testing SMS Provider endpoint: https://ps1-sms.mayyhem.com/AdminService/wmi/SMS_Identification
DEBUG    time=2026-08-01 23:08:28, msg=HTTP GET https://ps1-sms.mayyhem.com/AdminService/wmi/SMS_Identification -> 401 (anonymous)
DEBUG    time=2026-08-01 23:08:28, msg=HTTP GET https://ps1-sms.mayyhem.com/AdminService/wmi/SMS_Identification content: b''
INFO     time=2026-08-01 23:08:28, msg=[ps1-sms.mayyhem.com][HTTP] Found SMS Provider role on ps1-sms.mayyhem.com
VERBOSE  time=2026-08-01 23:08:28, msg=Already registered target: ps1-sms.mayyhem.com
INFO     time=2026-08-01 23:08:28, msg=[ps1-sms.mayyhem.com][HTTP] HTTP collection completed for ps1-sms.mayyhem.com
INFO     time=2026-08-01 23:08:28, msg=[ps1-sms.mayyhem.com][SMB] Starting SMB collection on ps1-sms.mayyhem.com
INFO     time=2026-08-01 23:08:28, msg=[ps1-sms.mayyhem.com][SMB] Checking SMB signing requirement on ps1-sms.mayyhem.com
INFO     time=2026-08-01 23:08:28, msg=[ps1-sms.mayyhem.com][SMB] SMB signing NOT required on ps1-sms.mayyhem.com (via SMB2 negotiate)
INFO     time=2026-08-01 23:08:28, msg=[ps1-sms.mayyhem.com][SMB] Enumerating SMB shares on ps1-sms.mayyhem.com
VERBOSE  time=2026-08-01 23:08:28, msg=SMB auth: explicit NTLM as MAYYHEM\lowpriv on ps1-sms.mayyhem.com
VERBOSE  time=2026-08-01 23:08:28, msg=Enumerated 3 SMB shares on ps1-sms.mayyhem.com:
VERBOSE  time=2026-08-01 23:08:28, msg=  ADMIN$ (Remote Admin)
VERBOSE  time=2026-08-01 23:08:28, msg=  C$ (Default share)
VERBOSE  time=2026-08-01 23:08:28, msg=  IPC$ (Remote IPC)
INFO     time=2026-08-01 23:08:28, msg=[ps1-sms.mayyhem.com][SMB] No SCCM-specific shares found on ps1-sms.mayyhem.com
INFO     time=2026-08-01 23:08:28, msg=[ps1-sms.mayyhem.com][SMB] SMB collection completed for ps1-sms.mayyhem.com

========================================================================
# ps1-pss.mayyhem.com
========================================================================
INFO     time=2026-08-01 23:07:28, msg=[ps1-pss.mayyhem.com][RemoteRegistry] Starting Remote Registry collection on ps1-pss.mayyhem.com...
VERBOSE  time=2026-08-01 23:07:28, msg=Probing Remote Registry on ps1-pss.mayyhem.com (port 445)
VERBOSE  time=2026-08-01 23:07:28, msg=SMB auth: explicit NTLM as MAYYHEM\lowpriv on ps1-pss.mayyhem.com
VERBOSE  time=2026-08-01 23:07:29, msg=Remote Registry bind to ps1-pss.mayyhem.com succeeded on attempt 1
VERBOSE  time=2026-08-01 23:07:29, msg=Querying SOFTWARE\Microsoft\SMS\CurrentUser for logged-in user's domain SID
VERBOSE  time=2026-08-01 23:07:29, msg=Enumerating values under SOFTWARE\Microsoft\SMS\CurrentUser
VERBOSE  time=2026-08-01 23:07:30, msg=Found CurrentUser SID S-1-5-21-3242052782-1287495003-4091326449-1104; resolving principal
VERBOSE  time=2026-08-01 23:07:30, msg=LDAP search: base=DC=MAYYHEM,DC=COM filter=(|(cn=s-1-5-21-3242052782-1287495003-4091326449-1104)(sAMAccountName=s-1-5-21-3242052782-1287495003-4091326449-1104)(sAMAccountName=s-1-5-21-3242052782-1287495003-4091326449-1104$)(dNSHostName=s-1-5-21-3242052782-1287495003-4091326449-1104)(dNSHostName=s-1-5-21-3242052782-1287495003-4091326449-1104.*)(userPrincipalName=s-1-5-21-3242052782-1287495003-4091326449-1104)(objectSid=s-1-5-21-3242052782-1287495003-4091326449-1104))
VERBOSE  time=2026-08-01 23:07:30, msg=LDAP search complete: entries=1 pages=1
INFO     time=2026-08-01 23:07:30, msg=[ps1-pss.mayyhem.com][RemoteRegistry] Found current user: domainuser (S-1-5-21-3242052782-1287495003-4091326449-1104)
VERBOSE  time=2026-08-01 23:07:30, msg=Querying SYSTEM\CurrentControlSet\Services\LanManServer\Parameters for SMB signing requirements
VERBOSE  time=2026-08-01 23:07:30, msg=Reading DWORD value RequireSecuritySignature under SYSTEM\CurrentControlSet\Services\LanManServer\Parameters on ps1-pss.mayyhem.com
VERBOSE  time=2026-08-01 23:07:30, msg=Access denied reading DWORD value RequireSecuritySignature under SYSTEM\CurrentControlSet\Services\LanManServer\Parameters on ps1-pss.mayyhem.com
VERBOSE  time=2026-08-01 23:07:30, msg=SMB signing required (negotiate fallback): False
VERBOSE  time=2026-08-01 23:07:30, msg=Querying SYSTEM\CurrentControlSet\Control\Lsa\MSV1_0 for NTLM settings
VERBOSE  time=2026-08-01 23:07:30, msg=Reading DWORD value RestrictReceivingNTLMTraffic under SYSTEM\CurrentControlSet\Control\Lsa\MSV1_0 on ps1-pss.mayyhem.com
VERBOSE  time=2026-08-01 23:07:30, msg=Access denied reading DWORD value RestrictReceivingNTLMTraffic under SYSTEM\CurrentControlSet\Control\Lsa\MSV1_0 on ps1-pss.mayyhem.com
VERBOSE  time=2026-08-01 23:07:30, msg=Querying SYSTEM\CurrentControlSet\Control\Lsa for LSA settings
VERBOSE  time=2026-08-01 23:07:30, msg=Reading DWORD value DisableLoopbackCheck under SYSTEM\CurrentControlSet\Control\Lsa on ps1-pss.mayyhem.com
VERBOSE  time=2026-08-01 23:07:30, msg=Access denied reading DWORD value DisableLoopbackCheck under SYSTEM\CurrentControlSet\Control\Lsa on ps1-pss.mayyhem.com
VERBOSE  time=2026-08-01 23:07:30, msg=Enumerating values under SOFTWARE\Microsoft\Microsoft SQL Server\Instance Names\SQL
VERBOSE  time=2026-08-01 23:07:30, msg=Access denied reading values under registry key SOFTWARE\Microsoft\Microsoft SQL Server\Instance Names\SQL on ps1-pss.mayyhem.com
VERBOSE  time=2026-08-01 23:07:30, msg=No SQL Server instance inventory at SOFTWARE\Microsoft\Microsoft SQL Server\Instance Names\SQL on ps1-pss.mayyhem.com; trying the legacy path only
VERBOSE  time=2026-08-01 23:07:30, msg=Enumerating values under SOFTWARE\Microsoft\MSSQLServer\MSSQLServer\SuperSocketNetLib
VERBOSE  time=2026-08-01 23:07:31, msg=Access denied reading values under registry key SOFTWARE\Microsoft\MSSQLServer\MSSQLServer\SuperSocketNetLib on ps1-pss.mayyhem.com
VERBOSE  time=2026-08-01 23:07:31, msg=SQL Server network settings denied on ps1-pss.mayyhem.com; reported in the denial summary.
VERBOSE  time=2026-08-01 23:07:31, msg=Querying SOFTWARE\Microsoft\SMS\Triggers for SCCM site code
VERBOSE  time=2026-08-01 23:07:31, msg=Enumerating subkeys under SOFTWARE\Microsoft\SMS\Triggers
INFO     time=2026-08-01 23:07:31, msg=[ps1-pss.mayyhem.com][RemoteRegistry] Found SCCM site code: PS1
VERBOSE  time=2026-08-01 23:07:31, msg=Querying SOFTWARE\Microsoft\SMS\COMPONENTS\SMS_SITE_COMPONENT_MANAGER\Component Servers for SCCM component servers
VERBOSE  time=2026-08-01 23:07:31, msg=Enumerating subkeys under SOFTWARE\Microsoft\SMS\COMPONENTS\SMS_SITE_COMPONENT_MANAGER\Component Servers
INFO     time=2026-08-01 23:07:31, msg=[ps1-pss.mayyhem.com][RemoteRegistry] Found SOFTWARE\Microsoft\SMS\COMPONENTS\SMS_SITE_COMPONENT_MANAGER\Component Servers, this target is a site server
INFO     time=2026-08-01 23:07:31, msg=[ps1-pss.mayyhem.com][RemoteRegistry] Found component server #1: PS1-MP.MAYYHEM.COM
VERBOSE  time=2026-08-01 23:07:31, msg=Already registered target: ps1-mp.mayyhem.com
INFO     time=2026-08-01 23:07:31, msg=[ps1-pss.mayyhem.com][RemoteRegistry] Found component server #2: ps1-pss.mayyhem.com
VERBOSE  time=2026-08-01 23:07:31, msg=LDAP search: base=DC=MAYYHEM,DC=COM filter=(|(cn=ps1-pss.mayyhem.com)(sAMAccountName=ps1-pss.mayyhem.com)(sAMAccountName=ps1-pss.mayyhem.com$)(dNSHostName=ps1-pss.mayyhem.com)(dNSHostName=ps1-pss.mayyhem.com.*)(userPrincipalName=ps1-pss.mayyhem.com)(objectSid=ps1-pss.mayyhem.com))
VERBOSE  time=2026-08-01 23:07:31, msg=LDAP search complete: entries=1 pages=1
VERBOSE  time=2026-08-01 23:07:31, msg=Already registered target: ps1-pss.mayyhem.com
INFO     time=2026-08-01 23:07:31, msg=[ps1-pss.mayyhem.com][RemoteRegistry] Found component server #3: PS1-PSV.MAYYHEM.COM
VERBOSE  time=2026-08-01 23:07:31, msg=LDAP search: base=DC=MAYYHEM,DC=COM filter=(|(cn=ps1-psv.mayyhem.com)(sAMAccountName=ps1-psv.mayyhem.com)(sAMAccountName=ps1-psv.mayyhem.com$)(dNSHostName=ps1-psv.mayyhem.com)(dNSHostName=ps1-psv.mayyhem.com.*)(userPrincipalName=ps1-psv.mayyhem.com)(objectSid=ps1-psv.mayyhem.com))
VERBOSE  time=2026-08-01 23:07:32, msg=LDAP search complete: entries=1 pages=1
DEBUG    time=2026-08-01 23:07:32, msg=Recorded resolved principal for persistence: sid=S-1-5-21-3242052782-1287495003-4091326449-1111 cn=PS1-PSV
INFO     time=2026-08-01 23:07:32, msg=[ps1-pss.mayyhem.com][RemoteRegistry] Added collection target: 'ps1-psv.mayyhem.com' from 'RemoteRegistry-ComponentServers'
INFO     time=2026-08-01 23:07:32, msg=[ps1-pss.mayyhem.com][RemoteRegistry] Found component server #4: PS1-SMS.MAYYHEM.COM
VERBOSE  time=2026-08-01 23:07:32, msg=LDAP search: base=DC=MAYYHEM,DC=COM filter=(|(cn=ps1-sms.mayyhem.com)(sAMAccountName=ps1-sms.mayyhem.com)(sAMAccountName=ps1-sms.mayyhem.com$)(dNSHostName=ps1-sms.mayyhem.com)(dNSHostName=ps1-sms.mayyhem.com.*)(userPrincipalName=ps1-sms.mayyhem.com)(objectSid=ps1-sms.mayyhem.com))
VERBOSE  time=2026-08-01 23:07:32, msg=LDAP search complete: entries=1 pages=1
DEBUG    time=2026-08-01 23:07:32, msg=Recorded resolved principal for persistence: sid=S-1-5-21-3242052782-1287495003-4091326449-1123 cn=PS1-SMS
VERBOSE  time=2026-08-01 23:07:32, msg=Already registered target: ps1-sms.mayyhem.com
VERBOSE  time=2026-08-01 23:07:32, msg=Querying SOFTWARE\Microsoft\SMS\COMPONENTS\SMS_SITE_COMPONENT_MANAGER\Multisite Component Servers for SCCM multisite component servers
VERBOSE  time=2026-08-01 23:07:32, msg=Enumerating subkeys under SOFTWARE\Microsoft\SMS\COMPONENTS\SMS_SITE_COMPONENT_MANAGER\Multisite Component Servers
INFO     time=2026-08-01 23:07:32, msg=[ps1-pss.mayyhem.com][RemoteRegistry] Found single remote site database server: PS1-DB.MAYYHEM.COM
VERBOSE  time=2026-08-01 23:07:32, msg=LDAP search: base=DC=MAYYHEM,DC=COM filter=(|(cn=ps1-db.mayyhem.com)(sAMAccountName=ps1-db.mayyhem.com)(sAMAccountName=ps1-db.mayyhem.com$)(dNSHostName=ps1-db.mayyhem.com)(dNSHostName=ps1-db.mayyhem.com.*)(userPrincipalName=ps1-db.mayyhem.com)(objectSid=ps1-db.mayyhem.com))
VERBOSE  time=2026-08-01 23:07:32, msg=LDAP search complete: entries=1 pages=1
DEBUG    time=2026-08-01 23:07:32, msg=Recorded resolved principal for persistence: sid=S-1-5-21-3242052782-1287495003-4091326449-1109 cn=PS1-DB
INFO     time=2026-08-01 23:07:32, msg=[ps1-pss.mayyhem.com][RemoteRegistry] Added collection target: 'ps1-db.mayyhem.com' from 'RemoteRegistry-MultisiteComponentServers'
WARNING  time=2026-08-01 23:07:32, msg=[ps1-pss.mayyhem.com][RemoteRegistry] 5 registry read(s) denied on ps1-pss.mayyhem.com -- not collected: SMB signing requirement; NTLM restrictions and loopback-check setting; SQL Server encryption / Extended Protection settings. The host-hardening and SQL Server keys require local Administrators on the target; re-run with an administrative account to collect them. Per-read detail is in the full log.
VERBOSE  time=2026-08-01 23:07:32, msg=Disconnecting Remote Registry on ps1-pss.mayyhem.com
VERBOSE  time=2026-08-01 23:07:32, msg=Logging off SMB on ps1-pss.mayyhem.com
INFO     time=2026-08-01 23:07:32, msg=[ps1-pss.mayyhem.com][RemoteRegistry] Remote Registry collection completed for ps1-pss.mayyhem.com
INFO     time=2026-08-01 23:07:32, msg=[ps1-pss.mayyhem.com][MSSQL] Starting MSSQL collection on ps1-pss.mayyhem.com
INFO     time=2026-08-01 23:07:32, msg=[ps1-pss.mayyhem.com][MSSQL] Querying SPNs for ps1-pss.mayyhem.com
VERBOSE  time=2026-08-01 23:07:32, msg=LDAP search: base=DC=mayyhem,DC=com filter=(dNSHostName=ps1-pss.mayyhem.com)
VERBOSE  time=2026-08-01 23:07:32, msg=LDAP search complete: entries=1 pages=1
INFO     time=2026-08-01 23:07:32, msg=[ps1-pss.mayyhem.com][MSSQL] Searching AD for MSSQLSvc SPNs naming host ps1-pss.mayyhem.com
VERBOSE  time=2026-08-01 23:07:32, msg=LDAP search: base=DC=mayyhem,DC=com filter=(servicePrincipalName=MSSQLSvc/ps1-pss.mayyhem.com*)
VERBOSE  time=2026-08-01 23:07:32, msg=LDAP search complete: entries=0 pages=1
DEBUG    time=2026-08-01 23:07:32, msg=No MSSQLSvc SPN holder found for ps1-pss.mayyhem.com
DEBUG    time=2026-08-01 23:07:32, msg=No MSSQLSvc SPN anywhere in AD for ps1-pss.mayyhem.com
INFO     time=2026-08-01 23:07:32, msg=[ps1-pss.mayyhem.com][MSSQL] No MSSQLSvc SPN found for ps1-pss.mayyhem.com, defaulting to port 1433
DEBUG    time=2026-08-01 23:07:34, msg=ps1-pss.mayyhem.com:1433 unreachable: [WinError 10061] No connection could be made because the target machine actively refused it
INFO     time=2026-08-01 23:07:34, msg=[ps1-pss.mayyhem.com][MSSQL] MSSQL port 1433 closed on ps1-pss.mayyhem.com and no MSSQLSvc SPN; nothing to record
INFO     time=2026-08-01 23:07:34, msg=[ps1-pss.mayyhem.com][AdminService] Starting AdminService collection on ps1-pss.mayyhem.com...
DEBUG    time=2026-08-01 23:07:34, msg=auth ladder: explicit creds -> Kerberos, NTLM fallback for ps1-pss.mayyhem.com
VERBOSE  time=2026-08-01 23:07:34, msg=Kerberos: requesting TGT+TGS for HTTP/ps1-pss.mayyhem.com from KDC dc.mayyhem.com
DEBUG    time=2026-08-01 23:08:28, msg=HTTP Negotiate(kerberos) https://ps1-pss.mayyhem.com/AdminService/wmi/SMS_Identification?$select=ThisSiteCode,ThisSiteName -> 404
VERBOSE  time=2026-08-01 23:08:28, msg=HTTP authenticated to ps1-pss.mayyhem.com via kerberos
WARNING  time=2026-08-01 23:08:28, msg=[ps1-pss.mayyhem.com][AdminService] AdminService GET /AdminService/wmi/SMS_Identification?$select=ThisSiteCode,ThisSiteName returned HTTP 404
INFO     time=2026-08-01 23:08:28, msg=[ps1-pss.mayyhem.com][AdminService] ps1-pss.mayyhem.com is not a reachable AdminService provider; skipping
INFO     time=2026-08-01 23:08:28, msg=[ps1-pss.mayyhem.com][WMI] Starting WMI collection on ps1-pss.mayyhem.com...
VERBOSE  time=2026-08-01 23:08:28, msg=WMI query on ps1-pss.mayyhem.com (root\SMS): SELECT * FROM SMS_ProviderLocation
DEBUG    time=2026-08-01 23:08:28, msg=auth ladder: explicit creds -> Kerberos, NTLM fallback for ps1-pss.mayyhem.com
VERBOSE  time=2026-08-01 23:08:28, msg=WMI Kerberos rung on ps1-pss.mayyhem.com: no --ticket supplied and no Kerberos credential cache (KRB5CCNAME is unset), so a fresh TGT is requested with the supplied credentials. impacket's 'CCache file is not found' notice is expected here.
VERBOSE  time=2026-08-01 23:08:28, msg=WMI auth attempt on ps1-pss.mayyhem.com via kerberos
DEBUG    time=2026-08-01 23:08:28, msg=CCache file is not found. Skipping...
VERBOSE  time=2026-08-01 23:08:30, msg=WMI kerberos rung failed on ps1-pss.mayyhem.com: rpc_s_access_denied
VERBOSE  time=2026-08-01 23:08:30, msg=WMI auth attempt on ps1-pss.mayyhem.com via ntlm
VERBOSE  time=2026-08-01 23:08:30, msg=WMI ntlm rung failed on ps1-pss.mayyhem.com: rpc_s_access_denied
INFO     time=2026-08-01 23:08:30, msg=[ps1-pss.mayyhem.com][WMI] WMI auth ladder exhausted on ps1-pss.mayyhem.com (['kerberos', 'ntlm'])
INFO     time=2026-08-01 23:08:30, msg=[ps1-pss.mayyhem.com][WMI] WMI SMS_ProviderLocation returned nothing (rung exhausted or not a provider)
INFO     time=2026-08-01 23:08:30, msg=[ps1-pss.mayyhem.com][WMI] ps1-pss.mayyhem.com is not a reachable SMS Provider over WMI; skipping
INFO     time=2026-08-01 23:08:30, msg=[ps1-pss.mayyhem.com][HTTP] Attempting HTTP collection on: ps1-pss.mayyhem.com
VERBOSE  time=2026-08-01 23:08:30, msg=Probing MP site signing certificate issuer on: ps1-pss.mayyhem.com
DEBUG    time=2026-08-01 23:08:30, msg=HTTP GET http://ps1-pss.mayyhem.com/SMS_MP/.sms_aut?sitesigncert -> 404 (anonymous)
DEBUG    time=2026-08-01 23:08:30, msg=HTTP GET http://ps1-pss.mayyhem.com/SMS_MP/.sms_aut?sitesigncert content: b'<!DOCTYPE html PUBLIC "-//W3C//DTD XHTML 1.0 Strict//EN" "http://www.w3.org/TR/xhtml1/DTD/xhtml1-strict.dtd">\r\n<html xmlns="http://www.w3.org/1999/xhtml">\r\n<head>\r\n<meta http-equiv="Content-Type" content="text/html; charset=iso-8859-1"/>\r\n<title>404 - File or directory not found.</title>\r\n<style type="text/css">\r\n<!--\r\nbody{margin:0;font-size:.7em;font-family:Verdana, Arial, Helvetica, sans-serif;background:#EEEEEE;}\r\nfieldset{padding:0 15px 10px 15px;} \r\nh1{font-size:2.4em;margin:0;color:#FFF;}\r\nh2{font-size:1.7em;margin:0;color:#CC0000;} \r\nh3{font-size:1.2em;margin:10px 0 0 0;color:#000000;} \r\n#header{width:96%;margin:0 0 0 0;padding:6px 2% 6px 2%;font-family:"trebuchet MS", Verdana, sans-serif;color:#FFF;\r\nbackground-color:#555555;}\r\n#content{margin:0 0 0 2%;position:relative;}\r\n.content-container{background:#FFF;width:96%;margin-top:8px;padding:10px;position:relative;}\r\n-->\r\n</style>\r\n</head>\r\n<body>\r\n<div id="header"><h1>Server Error</h1></div>\r\n<div id="conten ...(1245 bytes total, truncated)
VERBOSE  time=2026-08-01 23:08:30, msg=sitesigncert not available via http on ps1-pss.mayyhem.com
DEBUG    time=2026-08-01 23:08:30, msg=HTTP GET https://ps1-pss.mayyhem.com/SMS_MP/.sms_aut?sitesigncert -> 404 (anonymous)
DEBUG    time=2026-08-01 23:08:30, msg=HTTP GET https://ps1-pss.mayyhem.com/SMS_MP/.sms_aut?sitesigncert content: b'<!DOCTYPE html PUBLIC "-//W3C//DTD XHTML 1.0 Strict//EN" "http://www.w3.org/TR/xhtml1/DTD/xhtml1-strict.dtd">\r\n<html xmlns="http://www.w3.org/1999/xhtml">\r\n<head>\r\n<meta http-equiv="Content-Type" content="text/html; charset=iso-8859-1"/>\r\n<title>404 - File or directory not found.</title>\r\n<style type="text/css">\r\n<!--\r\nbody{margin:0;font-size:.7em;font-family:Verdana, Arial, Helvetica, sans-serif;background:#EEEEEE;}\r\nfieldset{padding:0 15px 10px 15px;} \r\nh1{font-size:2.4em;margin:0;color:#FFF;}\r\nh2{font-size:1.7em;margin:0;color:#CC0000;} \r\nh3{font-size:1.2em;margin:10px 0 0 0;color:#000000;} \r\n#header{width:96%;margin:0 0 0 0;padding:6px 2% 6px 2%;font-family:"trebuchet MS", Verdana, sans-serif;color:#FFF;\r\nbackground-color:#555555;}\r\n#content{margin:0 0 0 2%;position:relative;}\r\n.content-container{background:#FFF;width:96%;margin-top:8px;padding:10px;position:relative;}\r\n-->\r\n</style>\r\n</head>\r\n<body>\r\n<div id="header"><h1>Server Error</h1></div>\r\n<div id="conten ...(1245 bytes total, truncated)
VERBOSE  time=2026-08-01 23:08:30, msg=sitesigncert not available via https on ps1-pss.mayyhem.com
VERBOSE  time=2026-08-01 23:08:30, msg=No Site Server issuer detected via sitesigncert on ps1-pss.mayyhem.com
VERBOSE  time=2026-08-01 23:08:30, msg=Trying connections via http
VERBOSE  time=2026-08-01 23:08:30, msg=Testing management point endpoint: http://ps1-pss.mayyhem.com/SMS_MP/.sms_aut?MPKEYINFORMATION
DEBUG    time=2026-08-01 23:08:30, msg=HTTP GET http://ps1-pss.mayyhem.com/SMS_MP/.sms_aut?MPKEYINFORMATION -> 404 (anonymous)
DEBUG    time=2026-08-01 23:08:30, msg=HTTP GET http://ps1-pss.mayyhem.com/SMS_MP/.sms_aut?MPKEYINFORMATION content: b'<!DOCTYPE html PUBLIC "-//W3C//DTD XHTML 1.0 Strict//EN" "http://www.w3.org/TR/xhtml1/DTD/xhtml1-strict.dtd">\r\n<html xmlns="http://www.w3.org/1999/xhtml">\r\n<head>\r\n<meta http-equiv="Content-Type" content="text/html; charset=iso-8859-1"/>\r\n<title>404 - File or directory not found.</title>\r\n<style type="text/css">\r\n<!--\r\nbody{margin:0;font-size:.7em;font-family:Verdana, Arial, Helvetica, sans-serif;background:#EEEEEE;}\r\nfieldset{padding:0 15px 10px 15px;} \r\nh1{font-size:2.4em;margin:0;color:#FFF;}\r\nh2{font-size:1.7em;margin:0;color:#CC0000;} \r\nh3{font-size:1.2em;margin:10px 0 0 0;color:#000000;} \r\n#header{width:96%;margin:0 0 0 0;padding:6px 2% 6px 2%;font-family:"trebuchet MS", Verdana, sans-serif;color:#FFF;\r\nbackground-color:#555555;}\r\n#content{margin:0 0 0 2%;position:relative;}\r\n.content-container{background:#FFF;width:96%;margin-top:8px;padding:10px;position:relative;}\r\n-->\r\n</style>\r\n</head>\r\n<body>\r\n<div id="header"><h1>Server Error</h1></div>\r\n<div id="conten ...(1245 bytes total, truncated)
VERBOSE  time=2026-08-01 23:08:30, msg=    Received 404
VERBOSE  time=2026-08-01 23:08:30, msg=Testing management point endpoint: http://ps1-pss.mayyhem.com/SMS_MP/.sms_aut?MPLIST
DEBUG    time=2026-08-01 23:08:30, msg=HTTP GET http://ps1-pss.mayyhem.com/SMS_MP/.sms_aut?MPLIST -> 404 (anonymous)
DEBUG    time=2026-08-01 23:08:30, msg=HTTP GET http://ps1-pss.mayyhem.com/SMS_MP/.sms_aut?MPLIST content: b'<!DOCTYPE html PUBLIC "-//W3C//DTD XHTML 1.0 Strict//EN" "http://www.w3.org/TR/xhtml1/DTD/xhtml1-strict.dtd">\r\n<html xmlns="http://www.w3.org/1999/xhtml">\r\n<head>\r\n<meta http-equiv="Content-Type" content="text/html; charset=iso-8859-1"/>\r\n<title>404 - File or directory not found.</title>\r\n<style type="text/css">\r\n<!--\r\nbody{margin:0;font-size:.7em;font-family:Verdana, Arial, Helvetica, sans-serif;background:#EEEEEE;}\r\nfieldset{padding:0 15px 10px 15px;} \r\nh1{font-size:2.4em;margin:0;color:#FFF;}\r\nh2{font-size:1.7em;margin:0;color:#CC0000;} \r\nh3{font-size:1.2em;margin:10px 0 0 0;color:#000000;} \r\n#header{width:96%;margin:0 0 0 0;padding:6px 2% 6px 2%;font-family:"trebuchet MS", Verdana, sans-serif;color:#FFF;\r\nbackground-color:#555555;}\r\n#content{margin:0 0 0 2%;position:relative;}\r\n.content-container{background:#FFF;width:96%;margin-top:8px;padding:10px;position:relative;}\r\n-->\r\n</style>\r\n</head>\r\n<body>\r\n<div id="header"><h1>Server Error</h1></div>\r\n<div id="conten ...(1245 bytes total, truncated)
VERBOSE  time=2026-08-01 23:08:30, msg=    Received 404
VERBOSE  time=2026-08-01 23:08:30, msg=Testing management point endpoint: http://ps1-pss.mayyhem.com/SMS_MP/.sms_aut?SMSTRC
DEBUG    time=2026-08-01 23:08:30, msg=HTTP GET http://ps1-pss.mayyhem.com/SMS_MP/.sms_aut?SMSTRC -> 404 (anonymous)
DEBUG    time=2026-08-01 23:08:30, msg=HTTP GET http://ps1-pss.mayyhem.com/SMS_MP/.sms_aut?SMSTRC content: b'<!DOCTYPE html PUBLIC "-//W3C//DTD XHTML 1.0 Strict//EN" "http://www.w3.org/TR/xhtml1/DTD/xhtml1-strict.dtd">\r\n<html xmlns="http://www.w3.org/1999/xhtml">\r\n<head>\r\n<meta http-equiv="Content-Type" content="text/html; charset=iso-8859-1"/>\r\n<title>404 - File or directory not found.</title>\r\n<style type="text/css">\r\n<!--\r\nbody{margin:0;font-size:.7em;font-family:Verdana, Arial, Helvetica, sans-serif;background:#EEEEEE;}\r\nfieldset{padding:0 15px 10px 15px;} \r\nh1{font-size:2.4em;margin:0;color:#FFF;}\r\nh2{font-size:1.7em;margin:0;color:#CC0000;} \r\nh3{font-size:1.2em;margin:10px 0 0 0;color:#000000;} \r\n#header{width:96%;margin:0 0 0 0;padding:6px 2% 6px 2%;font-family:"trebuchet MS", Verdana, sans-serif;color:#FFF;\r\nbackground-color:#555555;}\r\n#content{margin:0 0 0 2%;position:relative;}\r\n.content-container{background:#FFF;width:96%;margin-top:8px;padding:10px;position:relative;}\r\n-->\r\n</style>\r\n</head>\r\n<body>\r\n<div id="header"><h1>Server Error</h1></div>\r\n<div id="conten ...(1245 bytes total, truncated)
VERBOSE  time=2026-08-01 23:08:30, msg=    Received 404
VERBOSE  time=2026-08-01 23:08:30, msg=Testing management point endpoint: http://ps1-pss.mayyhem.com/SMS_MP/.sms_aut?MPLIST1&CAS
DEBUG    time=2026-08-01 23:08:30, msg=HTTP GET http://ps1-pss.mayyhem.com/SMS_MP/.sms_aut?MPLIST1&CAS -> 404 (anonymous)
DEBUG    time=2026-08-01 23:08:30, msg=HTTP GET http://ps1-pss.mayyhem.com/SMS_MP/.sms_aut?MPLIST1&CAS content: b'<!DOCTYPE html PUBLIC "-//W3C//DTD XHTML 1.0 Strict//EN" "http://www.w3.org/TR/xhtml1/DTD/xhtml1-strict.dtd">\r\n<html xmlns="http://www.w3.org/1999/xhtml">\r\n<head>\r\n<meta http-equiv="Content-Type" content="text/html; charset=iso-8859-1"/>\r\n<title>404 - File or directory not found.</title>\r\n<style type="text/css">\r\n<!--\r\nbody{margin:0;font-size:.7em;font-family:Verdana, Arial, Helvetica, sans-serif;background:#EEEEEE;}\r\nfieldset{padding:0 15px 10px 15px;} \r\nh1{font-size:2.4em;margin:0;color:#FFF;}\r\nh2{font-size:1.7em;margin:0;color:#CC0000;} \r\nh3{font-size:1.2em;margin:10px 0 0 0;color:#000000;} \r\n#header{width:96%;margin:0 0 0 0;padding:6px 2% 6px 2%;font-family:"trebuchet MS", Verdana, sans-serif;color:#FFF;\r\nbackground-color:#555555;}\r\n#content{margin:0 0 0 2%;position:relative;}\r\n.content-container{background:#FFF;width:96%;margin-top:8px;padding:10px;position:relative;}\r\n-->\r\n</style>\r\n</head>\r\n<body>\r\n<div id="header"><h1>Server Error</h1></div>\r\n<div id="conten ...(1245 bytes total, truncated)
VERBOSE  time=2026-08-01 23:08:30, msg=    Received 404
VERBOSE  time=2026-08-01 23:08:30, msg=Testing management point endpoint: http://ps1-pss.mayyhem.com/SMS_MP/.sms_aut?MPLIST1&PS1
DEBUG    time=2026-08-01 23:08:30, msg=HTTP GET http://ps1-pss.mayyhem.com/SMS_MP/.sms_aut?MPLIST1&PS1 -> 404 (anonymous)
DEBUG    time=2026-08-01 23:08:30, msg=HTTP GET http://ps1-pss.mayyhem.com/SMS_MP/.sms_aut?MPLIST1&PS1 content: b'<!DOCTYPE html PUBLIC "-//W3C//DTD XHTML 1.0 Strict//EN" "http://www.w3.org/TR/xhtml1/DTD/xhtml1-strict.dtd">\r\n<html xmlns="http://www.w3.org/1999/xhtml">\r\n<head>\r\n<meta http-equiv="Content-Type" content="text/html; charset=iso-8859-1"/>\r\n<title>404 - File or directory not found.</title>\r\n<style type="text/css">\r\n<!--\r\nbody{margin:0;font-size:.7em;font-family:Verdana, Arial, Helvetica, sans-serif;background:#EEEEEE;}\r\nfieldset{padding:0 15px 10px 15px;} \r\nh1{font-size:2.4em;margin:0;color:#FFF;}\r\nh2{font-size:1.7em;margin:0;color:#CC0000;} \r\nh3{font-size:1.2em;margin:10px 0 0 0;color:#000000;} \r\n#header{width:96%;margin:0 0 0 0;padding:6px 2% 6px 2%;font-family:"trebuchet MS", Verdana, sans-serif;color:#FFF;\r\nbackground-color:#555555;}\r\n#content{margin:0 0 0 2%;position:relative;}\r\n.content-container{background:#FFF;width:96%;margin-top:8px;padding:10px;position:relative;}\r\n-->\r\n</style>\r\n</head>\r\n<body>\r\n<div id="header"><h1>Server Error</h1></div>\r\n<div id="conten ...(1245 bytes total, truncated)
VERBOSE  time=2026-08-01 23:08:30, msg=    Received 404
VERBOSE  time=2026-08-01 23:08:30, msg=Testing distribution point endpoint: http://ps1-pss.mayyhem.com/SMS_DP_SMSPKG$
DEBUG    time=2026-08-01 23:08:30, msg=HTTP GET http://ps1-pss.mayyhem.com/SMS_DP_SMSPKG$ -> 404 (anonymous)
DEBUG    time=2026-08-01 23:08:30, msg=HTTP GET http://ps1-pss.mayyhem.com/SMS_DP_SMSPKG$ content: b'<!DOCTYPE html PUBLIC "-//W3C//DTD XHTML 1.0 Strict//EN" "http://www.w3.org/TR/xhtml1/DTD/xhtml1-strict.dtd">\r\n<html xmlns="http://www.w3.org/1999/xhtml">\r\n<head>\r\n<meta http-equiv="Content-Type" content="text/html; charset=iso-8859-1"/>\r\n<title>404 - File or directory not found.</title>\r\n<style type="text/css">\r\n<!--\r\nbody{margin:0;font-size:.7em;font-family:Verdana, Arial, Helvetica, sans-serif;background:#EEEEEE;}\r\nfieldset{padding:0 15px 10px 15px;} \r\nh1{font-size:2.4em;margin:0;color:#FFF;}\r\nh2{font-size:1.7em;margin:0;color:#CC0000;} \r\nh3{font-size:1.2em;margin:10px 0 0 0;color:#000000;} \r\n#header{width:96%;margin:0 0 0 0;padding:6px 2% 6px 2%;font-family:"trebuchet MS", Verdana, sans-serif;color:#FFF;\r\nbackground-color:#555555;}\r\n#content{margin:0 0 0 2%;position:relative;}\r\n.content-container{background:#FFF;width:96%;margin-top:8px;padding:10px;position:relative;}\r\n-->\r\n</style>\r\n</head>\r\n<body>\r\n<div id="header"><h1>Server Error</h1></div>\r\n<div id="conten ...(1245 bytes total, truncated)
VERBOSE  time=2026-08-01 23:08:30, msg=    Received 404
VERBOSE  time=2026-08-01 23:08:30, msg=Trying connections via https
VERBOSE  time=2026-08-01 23:08:30, msg=Testing management point endpoint: https://ps1-pss.mayyhem.com/SMS_MP/.sms_aut?MPKEYINFORMATION
DEBUG    time=2026-08-01 23:08:30, msg=HTTP GET https://ps1-pss.mayyhem.com/SMS_MP/.sms_aut?MPKEYINFORMATION -> 404 (anonymous)
DEBUG    time=2026-08-01 23:08:30, msg=HTTP GET https://ps1-pss.mayyhem.com/SMS_MP/.sms_aut?MPKEYINFORMATION content: b'<!DOCTYPE html PUBLIC "-//W3C//DTD XHTML 1.0 Strict//EN" "http://www.w3.org/TR/xhtml1/DTD/xhtml1-strict.dtd">\r\n<html xmlns="http://www.w3.org/1999/xhtml">\r\n<head>\r\n<meta http-equiv="Content-Type" content="text/html; charset=iso-8859-1"/>\r\n<title>404 - File or directory not found.</title>\r\n<style type="text/css">\r\n<!--\r\nbody{margin:0;font-size:.7em;font-family:Verdana, Arial, Helvetica, sans-serif;background:#EEEEEE;}\r\nfieldset{padding:0 15px 10px 15px;} \r\nh1{font-size:2.4em;margin:0;color:#FFF;}\r\nh2{font-size:1.7em;margin:0;color:#CC0000;} \r\nh3{font-size:1.2em;margin:10px 0 0 0;color:#000000;} \r\n#header{width:96%;margin:0 0 0 0;padding:6px 2% 6px 2%;font-family:"trebuchet MS", Verdana, sans-serif;color:#FFF;\r\nbackground-color:#555555;}\r\n#content{margin:0 0 0 2%;position:relative;}\r\n.content-container{background:#FFF;width:96%;margin-top:8px;padding:10px;position:relative;}\r\n-->\r\n</style>\r\n</head>\r\n<body>\r\n<div id="header"><h1>Server Error</h1></div>\r\n<div id="conten ...(1245 bytes total, truncated)
VERBOSE  time=2026-08-01 23:08:30, msg=    Received 404
VERBOSE  time=2026-08-01 23:08:30, msg=Testing management point endpoint: https://ps1-pss.mayyhem.com/SMS_MP/.sms_aut?MPLIST
DEBUG    time=2026-08-01 23:08:30, msg=HTTP GET https://ps1-pss.mayyhem.com/SMS_MP/.sms_aut?MPLIST -> 404 (anonymous)
DEBUG    time=2026-08-01 23:08:30, msg=HTTP GET https://ps1-pss.mayyhem.com/SMS_MP/.sms_aut?MPLIST content: b'<!DOCTYPE html PUBLIC "-//W3C//DTD XHTML 1.0 Strict//EN" "http://www.w3.org/TR/xhtml1/DTD/xhtml1-strict.dtd">\r\n<html xmlns="http://www.w3.org/1999/xhtml">\r\n<head>\r\n<meta http-equiv="Content-Type" content="text/html; charset=iso-8859-1"/>\r\n<title>404 - File or directory not found.</title>\r\n<style type="text/css">\r\n<!--\r\nbody{margin:0;font-size:.7em;font-family:Verdana, Arial, Helvetica, sans-serif;background:#EEEEEE;}\r\nfieldset{padding:0 15px 10px 15px;} \r\nh1{font-size:2.4em;margin:0;color:#FFF;}\r\nh2{font-size:1.7em;margin:0;color:#CC0000;} \r\nh3{font-size:1.2em;margin:10px 0 0 0;color:#000000;} \r\n#header{width:96%;margin:0 0 0 0;padding:6px 2% 6px 2%;font-family:"trebuchet MS", Verdana, sans-serif;color:#FFF;\r\nbackground-color:#555555;}\r\n#content{margin:0 0 0 2%;position:relative;}\r\n.content-container{background:#FFF;width:96%;margin-top:8px;padding:10px;position:relative;}\r\n-->\r\n</style>\r\n</head>\r\n<body>\r\n<div id="header"><h1>Server Error</h1></div>\r\n<div id="conten ...(1245 bytes total, truncated)
VERBOSE  time=2026-08-01 23:08:30, msg=    Received 404
VERBOSE  time=2026-08-01 23:08:30, msg=Testing management point endpoint: https://ps1-pss.mayyhem.com/SMS_MP/.sms_aut?SMSTRC
DEBUG    time=2026-08-01 23:08:30, msg=HTTP GET https://ps1-pss.mayyhem.com/SMS_MP/.sms_aut?SMSTRC -> 404 (anonymous)
DEBUG    time=2026-08-01 23:08:30, msg=HTTP GET https://ps1-pss.mayyhem.com/SMS_MP/.sms_aut?SMSTRC content: b'<!DOCTYPE html PUBLIC "-//W3C//DTD XHTML 1.0 Strict//EN" "http://www.w3.org/TR/xhtml1/DTD/xhtml1-strict.dtd">\r\n<html xmlns="http://www.w3.org/1999/xhtml">\r\n<head>\r\n<meta http-equiv="Content-Type" content="text/html; charset=iso-8859-1"/>\r\n<title>404 - File or directory not found.</title>\r\n<style type="text/css">\r\n<!--\r\nbody{margin:0;font-size:.7em;font-family:Verdana, Arial, Helvetica, sans-serif;background:#EEEEEE;}\r\nfieldset{padding:0 15px 10px 15px;} \r\nh1{font-size:2.4em;margin:0;color:#FFF;}\r\nh2{font-size:1.7em;margin:0;color:#CC0000;} \r\nh3{font-size:1.2em;margin:10px 0 0 0;color:#000000;} \r\n#header{width:96%;margin:0 0 0 0;padding:6px 2% 6px 2%;font-family:"trebuchet MS", Verdana, sans-serif;color:#FFF;\r\nbackground-color:#555555;}\r\n#content{margin:0 0 0 2%;position:relative;}\r\n.content-container{background:#FFF;width:96%;margin-top:8px;padding:10px;position:relative;}\r\n-->\r\n</style>\r\n</head>\r\n<body>\r\n<div id="header"><h1>Server Error</h1></div>\r\n<div id="conten ...(1245 bytes total, truncated)
VERBOSE  time=2026-08-01 23:08:30, msg=    Received 404
VERBOSE  time=2026-08-01 23:08:30, msg=Testing management point endpoint: https://ps1-pss.mayyhem.com/SMS_MP/.sms_aut?MPLIST1&CAS
DEBUG    time=2026-08-01 23:08:30, msg=HTTP GET https://ps1-pss.mayyhem.com/SMS_MP/.sms_aut?MPLIST1&CAS -> 404 (anonymous)
DEBUG    time=2026-08-01 23:08:30, msg=HTTP GET https://ps1-pss.mayyhem.com/SMS_MP/.sms_aut?MPLIST1&CAS content: b'<!DOCTYPE html PUBLIC "-//W3C//DTD XHTML 1.0 Strict//EN" "http://www.w3.org/TR/xhtml1/DTD/xhtml1-strict.dtd">\r\n<html xmlns="http://www.w3.org/1999/xhtml">\r\n<head>\r\n<meta http-equiv="Content-Type" content="text/html; charset=iso-8859-1"/>\r\n<title>404 - File or directory not found.</title>\r\n<style type="text/css">\r\n<!--\r\nbody{margin:0;font-size:.7em;font-family:Verdana, Arial, Helvetica, sans-serif;background:#EEEEEE;}\r\nfieldset{padding:0 15px 10px 15px;} \r\nh1{font-size:2.4em;margin:0;color:#FFF;}\r\nh2{font-size:1.7em;margin:0;color:#CC0000;} \r\nh3{font-size:1.2em;margin:10px 0 0 0;color:#000000;} \r\n#header{width:96%;margin:0 0 0 0;padding:6px 2% 6px 2%;font-family:"trebuchet MS", Verdana, sans-serif;color:#FFF;\r\nbackground-color:#555555;}\r\n#content{margin:0 0 0 2%;position:relative;}\r\n.content-container{background:#FFF;width:96%;margin-top:8px;padding:10px;position:relative;}\r\n-->\r\n</style>\r\n</head>\r\n<body>\r\n<div id="header"><h1>Server Error</h1></div>\r\n<div id="conten ...(1245 bytes total, truncated)
VERBOSE  time=2026-08-01 23:08:30, msg=    Received 404
VERBOSE  time=2026-08-01 23:08:30, msg=Testing management point endpoint: https://ps1-pss.mayyhem.com/SMS_MP/.sms_aut?MPLIST1&PS1
DEBUG    time=2026-08-01 23:08:30, msg=HTTP GET https://ps1-pss.mayyhem.com/SMS_MP/.sms_aut?MPLIST1&PS1 -> 404 (anonymous)
DEBUG    time=2026-08-01 23:08:30, msg=HTTP GET https://ps1-pss.mayyhem.com/SMS_MP/.sms_aut?MPLIST1&PS1 content: b'<!DOCTYPE html PUBLIC "-//W3C//DTD XHTML 1.0 Strict//EN" "http://www.w3.org/TR/xhtml1/DTD/xhtml1-strict.dtd">\r\n<html xmlns="http://www.w3.org/1999/xhtml">\r\n<head>\r\n<meta http-equiv="Content-Type" content="text/html; charset=iso-8859-1"/>\r\n<title>404 - File or directory not found.</title>\r\n<style type="text/css">\r\n<!--\r\nbody{margin:0;font-size:.7em;font-family:Verdana, Arial, Helvetica, sans-serif;background:#EEEEEE;}\r\nfieldset{padding:0 15px 10px 15px;} \r\nh1{font-size:2.4em;margin:0;color:#FFF;}\r\nh2{font-size:1.7em;margin:0;color:#CC0000;} \r\nh3{font-size:1.2em;margin:10px 0 0 0;color:#000000;} \r\n#header{width:96%;margin:0 0 0 0;padding:6px 2% 6px 2%;font-family:"trebuchet MS", Verdana, sans-serif;color:#FFF;\r\nbackground-color:#555555;}\r\n#content{margin:0 0 0 2%;position:relative;}\r\n.content-container{background:#FFF;width:96%;margin-top:8px;padding:10px;position:relative;}\r\n-->\r\n</style>\r\n</head>\r\n<body>\r\n<div id="header"><h1>Server Error</h1></div>\r\n<div id="conten ...(1245 bytes total, truncated)
VERBOSE  time=2026-08-01 23:08:30, msg=    Received 404
VERBOSE  time=2026-08-01 23:08:30, msg=Testing distribution point endpoint: https://ps1-pss.mayyhem.com/SMS_DP_SMSPKG$
DEBUG    time=2026-08-01 23:08:30, msg=HTTP GET https://ps1-pss.mayyhem.com/SMS_DP_SMSPKG$ -> 404 (anonymous)
DEBUG    time=2026-08-01 23:08:30, msg=HTTP GET https://ps1-pss.mayyhem.com/SMS_DP_SMSPKG$ content: b'<!DOCTYPE html PUBLIC "-//W3C//DTD XHTML 1.0 Strict//EN" "http://www.w3.org/TR/xhtml1/DTD/xhtml1-strict.dtd">\r\n<html xmlns="http://www.w3.org/1999/xhtml">\r\n<head>\r\n<meta http-equiv="Content-Type" content="text/html; charset=iso-8859-1"/>\r\n<title>404 - File or directory not found.</title>\r\n<style type="text/css">\r\n<!--\r\nbody{margin:0;font-size:.7em;font-family:Verdana, Arial, Helvetica, sans-serif;background:#EEEEEE;}\r\nfieldset{padding:0 15px 10px 15px;} \r\nh1{font-size:2.4em;margin:0;color:#FFF;}\r\nh2{font-size:1.7em;margin:0;color:#CC0000;} \r\nh3{font-size:1.2em;margin:10px 0 0 0;color:#000000;} \r\n#header{width:96%;margin:0 0 0 0;padding:6px 2% 6px 2%;font-family:"trebuchet MS", Verdana, sans-serif;color:#FFF;\r\nbackground-color:#555555;}\r\n#content{margin:0 0 0 2%;position:relative;}\r\n.content-container{background:#FFF;width:96%;margin-top:8px;padding:10px;position:relative;}\r\n-->\r\n</style>\r\n</head>\r\n<body>\r\n<div id="header"><h1>Server Error</h1></div>\r\n<div id="conten ...(1245 bytes total, truncated)
VERBOSE  time=2026-08-01 23:08:30, msg=    Received 404
VERBOSE  time=2026-08-01 23:08:30, msg=Testing SMS Provider endpoint: https://ps1-pss.mayyhem.com/AdminService/wmi/SMS_Identification
DEBUG    time=2026-08-01 23:08:30, msg=HTTP GET https://ps1-pss.mayyhem.com/AdminService/wmi/SMS_Identification -> 401 (anonymous)
DEBUG    time=2026-08-01 23:08:30, msg=HTTP GET https://ps1-pss.mayyhem.com/AdminService/wmi/SMS_Identification content: b''
INFO     time=2026-08-01 23:08:30, msg=[ps1-pss.mayyhem.com][HTTP] Found SMS Provider role on ps1-pss.mayyhem.com
VERBOSE  time=2026-08-01 23:08:30, msg=Already registered target: ps1-pss.mayyhem.com
INFO     time=2026-08-01 23:08:30, msg=[ps1-pss.mayyhem.com][HTTP] HTTP collection completed for ps1-pss.mayyhem.com
INFO     time=2026-08-01 23:08:30, msg=[ps1-pss.mayyhem.com][SMB] Starting SMB collection on ps1-pss.mayyhem.com
INFO     time=2026-08-01 23:08:30, msg=[ps1-pss.mayyhem.com][SMB] Checking SMB signing requirement on ps1-pss.mayyhem.com
INFO     time=2026-08-01 23:08:30, msg=[ps1-pss.mayyhem.com][SMB] SMB signing NOT required on ps1-pss.mayyhem.com (via SMB2 negotiate)
INFO     time=2026-08-01 23:08:30, msg=[ps1-pss.mayyhem.com][SMB] Enumerating SMB shares on ps1-pss.mayyhem.com
VERBOSE  time=2026-08-01 23:08:30, msg=SMB auth: explicit NTLM as MAYYHEM\lowpriv on ps1-pss.mayyhem.com
VERBOSE  time=2026-08-01 23:08:30, msg=Enumerated 9 SMB shares on ps1-pss.mayyhem.com:
VERBOSE  time=2026-08-01 23:08:30, msg=  ADMIN$ (Remote Admin)
VERBOSE  time=2026-08-01 23:08:30, msg=  C$ (Default share)
VERBOSE  time=2026-08-01 23:08:30, msg=  IPC$ (Remote IPC)
VERBOSE  time=2026-08-01 23:08:30, msg=  SCCMContentLib$ ('Configuration Manager' Content Library for site PS1 (11/26/2025))
VERBOSE  time=2026-08-01 23:08:30, msg=  SMS_CPSC$ (SMS Compressed Package Storage)
VERBOSE  time=2026-08-01 23:08:30, msg=  SMS_DP$ (ConfigMgr Site Server DP share)
VERBOSE  time=2026-08-01 23:08:30, msg=  SMS_PS1 (SMS Site PS1 11/26/25)
VERBOSE  time=2026-08-01 23:08:30, msg=  SMS_SITE (SMS Site PS1 11/26/25)
VERBOSE  time=2026-08-01 23:08:30, msg=  SMS_SUIAgent (SMS Software Update Installation Agent -- 11/26/25)
INFO     time=2026-08-01 23:08:30, msg=[ps1-pss.mayyhem.com][SMB] Found site server for site: PS1
VERBOSE  time=2026-08-01 23:08:30, msg=Target hosts the content library (SCCMContentLib$)
INFO     time=2026-08-01 23:08:30, msg=[ps1-pss.mayyhem.com][SMB] Found distribution point role for site: PS1
INFO     time=2026-08-01 23:08:30, msg=[ps1-pss.mayyhem.com][SMB] SMB collection completed for ps1-pss.mayyhem.com

========================================================================
# cas-pss.mayyhem.com
========================================================================
INFO     time=2026-08-01 23:07:28, msg=[cas-pss.mayyhem.com][RemoteRegistry] Starting Remote Registry collection on cas-pss.mayyhem.com...
VERBOSE  time=2026-08-01 23:07:28, msg=Probing Remote Registry on cas-pss.mayyhem.com (port 445)
VERBOSE  time=2026-08-01 23:07:28, msg=SMB auth: explicit NTLM as MAYYHEM\lowpriv on cas-pss.mayyhem.com
VERBOSE  time=2026-08-01 23:07:29, msg=Remote Registry bind to cas-pss.mayyhem.com succeeded on attempt 1
VERBOSE  time=2026-08-01 23:07:29, msg=Querying SOFTWARE\Microsoft\SMS\CurrentUser for logged-in user's domain SID
VERBOSE  time=2026-08-01 23:07:29, msg=Enumerating values under SOFTWARE\Microsoft\SMS\CurrentUser
VERBOSE  time=2026-08-01 23:07:30, msg=Found CurrentUser SID S-1-5-21-3242052782-1287495003-4091326449-1104; resolving principal
INFO     time=2026-08-01 23:07:30, msg=[cas-pss.mayyhem.com][RemoteRegistry] Found current user: domainuser (S-1-5-21-3242052782-1287495003-4091326449-1104)
VERBOSE  time=2026-08-01 23:07:30, msg=Querying SYSTEM\CurrentControlSet\Services\LanManServer\Parameters for SMB signing requirements
VERBOSE  time=2026-08-01 23:07:30, msg=Reading DWORD value RequireSecuritySignature under SYSTEM\CurrentControlSet\Services\LanManServer\Parameters on cas-pss.mayyhem.com
VERBOSE  time=2026-08-01 23:07:30, msg=Access denied reading DWORD value RequireSecuritySignature under SYSTEM\CurrentControlSet\Services\LanManServer\Parameters on cas-pss.mayyhem.com
VERBOSE  time=2026-08-01 23:07:30, msg=SMB signing required (negotiate fallback): False
VERBOSE  time=2026-08-01 23:07:30, msg=Querying SYSTEM\CurrentControlSet\Control\Lsa\MSV1_0 for NTLM settings
VERBOSE  time=2026-08-01 23:07:30, msg=Reading DWORD value RestrictReceivingNTLMTraffic under SYSTEM\CurrentControlSet\Control\Lsa\MSV1_0 on cas-pss.mayyhem.com
VERBOSE  time=2026-08-01 23:07:30, msg=Access denied reading DWORD value RestrictReceivingNTLMTraffic under SYSTEM\CurrentControlSet\Control\Lsa\MSV1_0 on cas-pss.mayyhem.com
VERBOSE  time=2026-08-01 23:07:30, msg=Querying SYSTEM\CurrentControlSet\Control\Lsa for LSA settings
VERBOSE  time=2026-08-01 23:07:30, msg=Reading DWORD value DisableLoopbackCheck under SYSTEM\CurrentControlSet\Control\Lsa on cas-pss.mayyhem.com
VERBOSE  time=2026-08-01 23:07:30, msg=Access denied reading DWORD value DisableLoopbackCheck under SYSTEM\CurrentControlSet\Control\Lsa on cas-pss.mayyhem.com
VERBOSE  time=2026-08-01 23:07:30, msg=Enumerating values under SOFTWARE\Microsoft\Microsoft SQL Server\Instance Names\SQL
VERBOSE  time=2026-08-01 23:07:30, msg=Access denied reading values under registry key SOFTWARE\Microsoft\Microsoft SQL Server\Instance Names\SQL on cas-pss.mayyhem.com
VERBOSE  time=2026-08-01 23:07:30, msg=No SQL Server instance inventory at SOFTWARE\Microsoft\Microsoft SQL Server\Instance Names\SQL on cas-pss.mayyhem.com; trying the legacy path only
VERBOSE  time=2026-08-01 23:07:30, msg=Enumerating values under SOFTWARE\Microsoft\MSSQLServer\MSSQLServer\SuperSocketNetLib
VERBOSE  time=2026-08-01 23:07:31, msg=Access denied reading values under registry key SOFTWARE\Microsoft\MSSQLServer\MSSQLServer\SuperSocketNetLib on cas-pss.mayyhem.com
VERBOSE  time=2026-08-01 23:07:31, msg=SQL Server network settings denied on cas-pss.mayyhem.com; reported in the denial summary.
VERBOSE  time=2026-08-01 23:07:31, msg=Querying SOFTWARE\Microsoft\SMS\Triggers for SCCM site code
VERBOSE  time=2026-08-01 23:07:31, msg=Enumerating subkeys under SOFTWARE\Microsoft\SMS\Triggers
INFO     time=2026-08-01 23:07:31, msg=[cas-pss.mayyhem.com][RemoteRegistry] Found SCCM site code: CAS
VERBOSE  time=2026-08-01 23:07:31, msg=Querying SOFTWARE\Microsoft\SMS\COMPONENTS\SMS_SITE_COMPONENT_MANAGER\Component Servers for SCCM component servers
VERBOSE  time=2026-08-01 23:07:31, msg=Enumerating subkeys under SOFTWARE\Microsoft\SMS\COMPONENTS\SMS_SITE_COMPONENT_MANAGER\Component Servers
INFO     time=2026-08-01 23:07:31, msg=[cas-pss.mayyhem.com][RemoteRegistry] Found SOFTWARE\Microsoft\SMS\COMPONENTS\SMS_SITE_COMPONENT_MANAGER\Component Servers, this target is a site server
INFO     time=2026-08-01 23:07:31, msg=[cas-pss.mayyhem.com][RemoteRegistry] Found component server #1: cas-pss.mayyhem.com
VERBOSE  time=2026-08-01 23:07:31, msg=LDAP search: base=DC=MAYYHEM,DC=COM filter=(|(cn=cas-pss.mayyhem.com)(sAMAccountName=cas-pss.mayyhem.com)(sAMAccountName=cas-pss.mayyhem.com$)(dNSHostName=cas-pss.mayyhem.com)(dNSHostName=cas-pss.mayyhem.com.*)(userPrincipalName=cas-pss.mayyhem.com)(objectSid=cas-pss.mayyhem.com))
VERBOSE  time=2026-08-01 23:07:31, msg=LDAP search complete: entries=1 pages=1
VERBOSE  time=2026-08-01 23:07:31, msg=Already registered target: cas-pss.mayyhem.com
INFO     time=2026-08-01 23:07:31, msg=[cas-pss.mayyhem.com][RemoteRegistry] Found component server #2: CAS-SCP.MAYYHEM.COM
VERBOSE  time=2026-08-01 23:07:31, msg=LDAP search: base=DC=MAYYHEM,DC=COM filter=(|(cn=cas-scp.mayyhem.com)(sAMAccountName=cas-scp.mayyhem.com)(sAMAccountName=cas-scp.mayyhem.com$)(dNSHostName=cas-scp.mayyhem.com)(dNSHostName=cas-scp.mayyhem.com.*)(userPrincipalName=cas-scp.mayyhem.com)(objectSid=cas-scp.mayyhem.com))
VERBOSE  time=2026-08-01 23:07:31, msg=LDAP search complete: entries=1 pages=1
DEBUG    time=2026-08-01 23:07:31, msg=Recorded resolved principal for persistence: sid=S-1-5-21-3242052782-1287495003-4091326449-1107 cn=CAS-SCP
INFO     time=2026-08-01 23:07:31, msg=[cas-pss.mayyhem.com][RemoteRegistry] Added collection target: 'cas-scp.mayyhem.com' from 'RemoteRegistry-ComponentServers'
VERBOSE  time=2026-08-01 23:07:31, msg=Querying SOFTWARE\Microsoft\SMS\COMPONENTS\SMS_SITE_COMPONENT_MANAGER\Multisite Component Servers for SCCM multisite component servers
VERBOSE  time=2026-08-01 23:07:31, msg=Enumerating subkeys under SOFTWARE\Microsoft\SMS\COMPONENTS\SMS_SITE_COMPONENT_MANAGER\Multisite Component Servers
INFO     time=2026-08-01 23:07:32, msg=[cas-pss.mayyhem.com][RemoteRegistry] Found single remote site database server: CAS-DB.MAYYHEM.COM
VERBOSE  time=2026-08-01 23:07:32, msg=LDAP search: base=DC=MAYYHEM,DC=COM filter=(|(cn=cas-db.mayyhem.com)(sAMAccountName=cas-db.mayyhem.com)(sAMAccountName=cas-db.mayyhem.com$)(dNSHostName=cas-db.mayyhem.com)(dNSHostName=cas-db.mayyhem.com.*)(userPrincipalName=cas-db.mayyhem.com)(objectSid=cas-db.mayyhem.com))
VERBOSE  time=2026-08-01 23:07:32, msg=LDAP search complete: entries=1 pages=1
DEBUG    time=2026-08-01 23:07:32, msg=Recorded resolved principal for persistence: sid=S-1-5-21-3242052782-1287495003-4091326449-1108 cn=CAS-DB
INFO     time=2026-08-01 23:07:32, msg=[cas-pss.mayyhem.com][RemoteRegistry] Added collection target: 'cas-db.mayyhem.com' from 'RemoteRegistry-MultisiteComponentServers'
WARNING  time=2026-08-01 23:07:32, msg=[cas-pss.mayyhem.com][RemoteRegistry] 5 registry read(s) denied on cas-pss.mayyhem.com -- not collected: SMB signing requirement; NTLM restrictions and loopback-check setting; SQL Server encryption / Extended Protection settings. The host-hardening and SQL Server keys require local Administrators on the target; re-run with an administrative account to collect them. Per-read detail is in the full log.
VERBOSE  time=2026-08-01 23:07:32, msg=Disconnecting Remote Registry on cas-pss.mayyhem.com
VERBOSE  time=2026-08-01 23:07:32, msg=Logging off SMB on cas-pss.mayyhem.com
INFO     time=2026-08-01 23:07:32, msg=[cas-pss.mayyhem.com][RemoteRegistry] Remote Registry collection completed for cas-pss.mayyhem.com
INFO     time=2026-08-01 23:07:32, msg=[cas-pss.mayyhem.com][MSSQL] Starting MSSQL collection on cas-pss.mayyhem.com
INFO     time=2026-08-01 23:07:32, msg=[cas-pss.mayyhem.com][MSSQL] Querying SPNs for cas-pss.mayyhem.com
VERBOSE  time=2026-08-01 23:07:32, msg=LDAP search: base=DC=mayyhem,DC=com filter=(dNSHostName=cas-pss.mayyhem.com)
VERBOSE  time=2026-08-01 23:07:32, msg=LDAP search complete: entries=1 pages=1
INFO     time=2026-08-01 23:07:32, msg=[cas-pss.mayyhem.com][MSSQL] Searching AD for MSSQLSvc SPNs naming host cas-pss.mayyhem.com
VERBOSE  time=2026-08-01 23:07:32, msg=LDAP search: base=DC=mayyhem,DC=com filter=(servicePrincipalName=MSSQLSvc/cas-pss.mayyhem.com*)
VERBOSE  time=2026-08-01 23:07:32, msg=LDAP search complete: entries=0 pages=1
DEBUG    time=2026-08-01 23:07:32, msg=No MSSQLSvc SPN holder found for cas-pss.mayyhem.com
DEBUG    time=2026-08-01 23:07:32, msg=No MSSQLSvc SPN anywhere in AD for cas-pss.mayyhem.com
INFO     time=2026-08-01 23:07:32, msg=[cas-pss.mayyhem.com][MSSQL] No MSSQLSvc SPN found for cas-pss.mayyhem.com, defaulting to port 1433
DEBUG    time=2026-08-01 23:07:34, msg=cas-pss.mayyhem.com:1433 unreachable: [WinError 10061] No connection could be made because the target machine actively refused it
INFO     time=2026-08-01 23:07:34, msg=[cas-pss.mayyhem.com][MSSQL] MSSQL port 1433 closed on cas-pss.mayyhem.com and no MSSQLSvc SPN; nothing to record
INFO     time=2026-08-01 23:07:34, msg=[cas-pss.mayyhem.com][AdminService] Starting AdminService collection on cas-pss.mayyhem.com...
DEBUG    time=2026-08-01 23:07:34, msg=auth ladder: explicit creds -> Kerberos, NTLM fallback for cas-pss.mayyhem.com
VERBOSE  time=2026-08-01 23:07:34, msg=Kerberos: requesting TGT+TGS for HTTP/cas-pss.mayyhem.com from KDC dc.mayyhem.com
DEBUG    time=2026-08-01 23:08:28, msg=HTTP Negotiate(kerberos) https://cas-pss.mayyhem.com/AdminService/wmi/SMS_Identification?$select=ThisSiteCode,ThisSiteName -> 404
VERBOSE  time=2026-08-01 23:08:28, msg=HTTP authenticated to cas-pss.mayyhem.com via kerberos
WARNING  time=2026-08-01 23:08:28, msg=[cas-pss.mayyhem.com][AdminService] AdminService GET /AdminService/wmi/SMS_Identification?$select=ThisSiteCode,ThisSiteName returned HTTP 404
INFO     time=2026-08-01 23:08:28, msg=[cas-pss.mayyhem.com][AdminService] cas-pss.mayyhem.com is not a reachable AdminService provider; skipping
INFO     time=2026-08-01 23:08:28, msg=[cas-pss.mayyhem.com][WMI] Starting WMI collection on cas-pss.mayyhem.com...
VERBOSE  time=2026-08-01 23:08:28, msg=WMI query on cas-pss.mayyhem.com (root\SMS): SELECT * FROM SMS_ProviderLocation
DEBUG    time=2026-08-01 23:08:28, msg=auth ladder: explicit creds -> Kerberos, NTLM fallback for cas-pss.mayyhem.com
VERBOSE  time=2026-08-01 23:08:28, msg=WMI Kerberos rung on cas-pss.mayyhem.com: no --ticket supplied and no Kerberos credential cache (KRB5CCNAME is unset), so a fresh TGT is requested with the supplied credentials. impacket's 'CCache file is not found' notice is expected here.
VERBOSE  time=2026-08-01 23:08:28, msg=WMI auth attempt on cas-pss.mayyhem.com via kerberos
DEBUG    time=2026-08-01 23:08:28, msg=CCache file is not found. Skipping...
VERBOSE  time=2026-08-01 23:08:31, msg=WMI kerberos rung failed on cas-pss.mayyhem.com: rpc_s_access_denied
VERBOSE  time=2026-08-01 23:08:31, msg=WMI auth attempt on cas-pss.mayyhem.com via ntlm
VERBOSE  time=2026-08-01 23:08:31, msg=WMI ntlm rung failed on cas-pss.mayyhem.com: rpc_s_access_denied
INFO     time=2026-08-01 23:08:31, msg=[cas-pss.mayyhem.com][WMI] WMI auth ladder exhausted on cas-pss.mayyhem.com (['kerberos', 'ntlm'])
INFO     time=2026-08-01 23:08:31, msg=[cas-pss.mayyhem.com][WMI] WMI SMS_ProviderLocation returned nothing (rung exhausted or not a provider)
INFO     time=2026-08-01 23:08:31, msg=[cas-pss.mayyhem.com][WMI] cas-pss.mayyhem.com is not a reachable SMS Provider over WMI; skipping
INFO     time=2026-08-01 23:08:31, msg=[cas-pss.mayyhem.com][HTTP] Attempting HTTP collection on: cas-pss.mayyhem.com
VERBOSE  time=2026-08-01 23:08:31, msg=Probing MP site signing certificate issuer on: cas-pss.mayyhem.com
DEBUG    time=2026-08-01 23:08:31, msg=HTTP GET http://cas-pss.mayyhem.com/SMS_MP/.sms_aut?sitesigncert -> 404 (anonymous)
DEBUG    time=2026-08-01 23:08:31, msg=HTTP GET http://cas-pss.mayyhem.com/SMS_MP/.sms_aut?sitesigncert content: b'<!DOCTYPE html PUBLIC "-//W3C//DTD XHTML 1.0 Strict//EN" "http://www.w3.org/TR/xhtml1/DTD/xhtml1-strict.dtd">\r\n<html xmlns="http://www.w3.org/1999/xhtml">\r\n<head>\r\n<meta http-equiv="Content-Type" content="text/html; charset=iso-8859-1"/>\r\n<title>404 - File or directory not found.</title>\r\n<style type="text/css">\r\n<!--\r\nbody{margin:0;font-size:.7em;font-family:Verdana, Arial, Helvetica, sans-serif;background:#EEEEEE;}\r\nfieldset{padding:0 15px 10px 15px;} \r\nh1{font-size:2.4em;margin:0;color:#FFF;}\r\nh2{font-size:1.7em;margin:0;color:#CC0000;} \r\nh3{font-size:1.2em;margin:10px 0 0 0;color:#000000;} \r\n#header{width:96%;margin:0 0 0 0;padding:6px 2% 6px 2%;font-family:"trebuchet MS", Verdana, sans-serif;color:#FFF;\r\nbackground-color:#555555;}\r\n#content{margin:0 0 0 2%;position:relative;}\r\n.content-container{background:#FFF;width:96%;margin-top:8px;padding:10px;position:relative;}\r\n-->\r\n</style>\r\n</head>\r\n<body>\r\n<div id="header"><h1>Server Error</h1></div>\r\n<div id="conten ...(1245 bytes total, truncated)
VERBOSE  time=2026-08-01 23:08:31, msg=sitesigncert not available via http on cas-pss.mayyhem.com
DEBUG    time=2026-08-01 23:08:31, msg=HTTP GET https://cas-pss.mayyhem.com/SMS_MP/.sms_aut?sitesigncert -> 404 (anonymous)
DEBUG    time=2026-08-01 23:08:31, msg=HTTP GET https://cas-pss.mayyhem.com/SMS_MP/.sms_aut?sitesigncert content: b'<!DOCTYPE html PUBLIC "-//W3C//DTD XHTML 1.0 Strict//EN" "http://www.w3.org/TR/xhtml1/DTD/xhtml1-strict.dtd">\r\n<html xmlns="http://www.w3.org/1999/xhtml">\r\n<head>\r\n<meta http-equiv="Content-Type" content="text/html; charset=iso-8859-1"/>\r\n<title>404 - File or directory not found.</title>\r\n<style type="text/css">\r\n<!--\r\nbody{margin:0;font-size:.7em;font-family:Verdana, Arial, Helvetica, sans-serif;background:#EEEEEE;}\r\nfieldset{padding:0 15px 10px 15px;} \r\nh1{font-size:2.4em;margin:0;color:#FFF;}\r\nh2{font-size:1.7em;margin:0;color:#CC0000;} \r\nh3{font-size:1.2em;margin:10px 0 0 0;color:#000000;} \r\n#header{width:96%;margin:0 0 0 0;padding:6px 2% 6px 2%;font-family:"trebuchet MS", Verdana, sans-serif;color:#FFF;\r\nbackground-color:#555555;}\r\n#content{margin:0 0 0 2%;position:relative;}\r\n.content-container{background:#FFF;width:96%;margin-top:8px;padding:10px;position:relative;}\r\n-->\r\n</style>\r\n</head>\r\n<body>\r\n<div id="header"><h1>Server Error</h1></div>\r\n<div id="conten ...(1245 bytes total, truncated)
VERBOSE  time=2026-08-01 23:08:31, msg=sitesigncert not available via https on cas-pss.mayyhem.com
VERBOSE  time=2026-08-01 23:08:31, msg=No Site Server issuer detected via sitesigncert on cas-pss.mayyhem.com
VERBOSE  time=2026-08-01 23:08:31, msg=Trying connections via http
VERBOSE  time=2026-08-01 23:08:31, msg=Testing management point endpoint: http://cas-pss.mayyhem.com/SMS_MP/.sms_aut?MPKEYINFORMATION
DEBUG    time=2026-08-01 23:08:31, msg=HTTP GET http://cas-pss.mayyhem.com/SMS_MP/.sms_aut?MPKEYINFORMATION -> 404 (anonymous)
DEBUG    time=2026-08-01 23:08:31, msg=HTTP GET http://cas-pss.mayyhem.com/SMS_MP/.sms_aut?MPKEYINFORMATION content: b'<!DOCTYPE html PUBLIC "-//W3C//DTD XHTML 1.0 Strict//EN" "http://www.w3.org/TR/xhtml1/DTD/xhtml1-strict.dtd">\r\n<html xmlns="http://www.w3.org/1999/xhtml">\r\n<head>\r\n<meta http-equiv="Content-Type" content="text/html; charset=iso-8859-1"/>\r\n<title>404 - File or directory not found.</title>\r\n<style type="text/css">\r\n<!--\r\nbody{margin:0;font-size:.7em;font-family:Verdana, Arial, Helvetica, sans-serif;background:#EEEEEE;}\r\nfieldset{padding:0 15px 10px 15px;} \r\nh1{font-size:2.4em;margin:0;color:#FFF;}\r\nh2{font-size:1.7em;margin:0;color:#CC0000;} \r\nh3{font-size:1.2em;margin:10px 0 0 0;color:#000000;} \r\n#header{width:96%;margin:0 0 0 0;padding:6px 2% 6px 2%;font-family:"trebuchet MS", Verdana, sans-serif;color:#FFF;\r\nbackground-color:#555555;}\r\n#content{margin:0 0 0 2%;position:relative;}\r\n.content-container{background:#FFF;width:96%;margin-top:8px;padding:10px;position:relative;}\r\n-->\r\n</style>\r\n</head>\r\n<body>\r\n<div id="header"><h1>Server Error</h1></div>\r\n<div id="conten ...(1245 bytes total, truncated)
VERBOSE  time=2026-08-01 23:08:31, msg=    Received 404
VERBOSE  time=2026-08-01 23:08:31, msg=Testing management point endpoint: http://cas-pss.mayyhem.com/SMS_MP/.sms_aut?MPLIST
DEBUG    time=2026-08-01 23:08:31, msg=HTTP GET http://cas-pss.mayyhem.com/SMS_MP/.sms_aut?MPLIST -> 404 (anonymous)
DEBUG    time=2026-08-01 23:08:31, msg=HTTP GET http://cas-pss.mayyhem.com/SMS_MP/.sms_aut?MPLIST content: b'<!DOCTYPE html PUBLIC "-//W3C//DTD XHTML 1.0 Strict//EN" "http://www.w3.org/TR/xhtml1/DTD/xhtml1-strict.dtd">\r\n<html xmlns="http://www.w3.org/1999/xhtml">\r\n<head>\r\n<meta http-equiv="Content-Type" content="text/html; charset=iso-8859-1"/>\r\n<title>404 - File or directory not found.</title>\r\n<style type="text/css">\r\n<!--\r\nbody{margin:0;font-size:.7em;font-family:Verdana, Arial, Helvetica, sans-serif;background:#EEEEEE;}\r\nfieldset{padding:0 15px 10px 15px;} \r\nh1{font-size:2.4em;margin:0;color:#FFF;}\r\nh2{font-size:1.7em;margin:0;color:#CC0000;} \r\nh3{font-size:1.2em;margin:10px 0 0 0;color:#000000;} \r\n#header{width:96%;margin:0 0 0 0;padding:6px 2% 6px 2%;font-family:"trebuchet MS", Verdana, sans-serif;color:#FFF;\r\nbackground-color:#555555;}\r\n#content{margin:0 0 0 2%;position:relative;}\r\n.content-container{background:#FFF;width:96%;margin-top:8px;padding:10px;position:relative;}\r\n-->\r\n</style>\r\n</head>\r\n<body>\r\n<div id="header"><h1>Server Error</h1></div>\r\n<div id="conten ...(1245 bytes total, truncated)
VERBOSE  time=2026-08-01 23:08:31, msg=    Received 404
VERBOSE  time=2026-08-01 23:08:31, msg=Testing management point endpoint: http://cas-pss.mayyhem.com/SMS_MP/.sms_aut?SMSTRC
DEBUG    time=2026-08-01 23:08:31, msg=HTTP GET http://cas-pss.mayyhem.com/SMS_MP/.sms_aut?SMSTRC -> 404 (anonymous)
DEBUG    time=2026-08-01 23:08:31, msg=HTTP GET http://cas-pss.mayyhem.com/SMS_MP/.sms_aut?SMSTRC content: b'<!DOCTYPE html PUBLIC "-//W3C//DTD XHTML 1.0 Strict//EN" "http://www.w3.org/TR/xhtml1/DTD/xhtml1-strict.dtd">\r\n<html xmlns="http://www.w3.org/1999/xhtml">\r\n<head>\r\n<meta http-equiv="Content-Type" content="text/html; charset=iso-8859-1"/>\r\n<title>404 - File or directory not found.</title>\r\n<style type="text/css">\r\n<!--\r\nbody{margin:0;font-size:.7em;font-family:Verdana, Arial, Helvetica, sans-serif;background:#EEEEEE;}\r\nfieldset{padding:0 15px 10px 15px;} \r\nh1{font-size:2.4em;margin:0;color:#FFF;}\r\nh2{font-size:1.7em;margin:0;color:#CC0000;} \r\nh3{font-size:1.2em;margin:10px 0 0 0;color:#000000;} \r\n#header{width:96%;margin:0 0 0 0;padding:6px 2% 6px 2%;font-family:"trebuchet MS", Verdana, sans-serif;color:#FFF;\r\nbackground-color:#555555;}\r\n#content{margin:0 0 0 2%;position:relative;}\r\n.content-container{background:#FFF;width:96%;margin-top:8px;padding:10px;position:relative;}\r\n-->\r\n</style>\r\n</head>\r\n<body>\r\n<div id="header"><h1>Server Error</h1></div>\r\n<div id="conten ...(1245 bytes total, truncated)
VERBOSE  time=2026-08-01 23:08:31, msg=    Received 404
VERBOSE  time=2026-08-01 23:08:31, msg=Testing management point endpoint: http://cas-pss.mayyhem.com/SMS_MP/.sms_aut?MPLIST1&CAS
DEBUG    time=2026-08-01 23:08:31, msg=HTTP GET http://cas-pss.mayyhem.com/SMS_MP/.sms_aut?MPLIST1&CAS -> 404 (anonymous)
DEBUG    time=2026-08-01 23:08:31, msg=HTTP GET http://cas-pss.mayyhem.com/SMS_MP/.sms_aut?MPLIST1&CAS content: b'<!DOCTYPE html PUBLIC "-//W3C//DTD XHTML 1.0 Strict//EN" "http://www.w3.org/TR/xhtml1/DTD/xhtml1-strict.dtd">\r\n<html xmlns="http://www.w3.org/1999/xhtml">\r\n<head>\r\n<meta http-equiv="Content-Type" content="text/html; charset=iso-8859-1"/>\r\n<title>404 - File or directory not found.</title>\r\n<style type="text/css">\r\n<!--\r\nbody{margin:0;font-size:.7em;font-family:Verdana, Arial, Helvetica, sans-serif;background:#EEEEEE;}\r\nfieldset{padding:0 15px 10px 15px;} \r\nh1{font-size:2.4em;margin:0;color:#FFF;}\r\nh2{font-size:1.7em;margin:0;color:#CC0000;} \r\nh3{font-size:1.2em;margin:10px 0 0 0;color:#000000;} \r\n#header{width:96%;margin:0 0 0 0;padding:6px 2% 6px 2%;font-family:"trebuchet MS", Verdana, sans-serif;color:#FFF;\r\nbackground-color:#555555;}\r\n#content{margin:0 0 0 2%;position:relative;}\r\n.content-container{background:#FFF;width:96%;margin-top:8px;padding:10px;position:relative;}\r\n-->\r\n</style>\r\n</head>\r\n<body>\r\n<div id="header"><h1>Server Error</h1></div>\r\n<div id="conten ...(1245 bytes total, truncated)
VERBOSE  time=2026-08-01 23:08:31, msg=    Received 404
VERBOSE  time=2026-08-01 23:08:31, msg=Testing management point endpoint: http://cas-pss.mayyhem.com/SMS_MP/.sms_aut?MPLIST1&PS1
DEBUG    time=2026-08-01 23:08:31, msg=HTTP GET http://cas-pss.mayyhem.com/SMS_MP/.sms_aut?MPLIST1&PS1 -> 404 (anonymous)
DEBUG    time=2026-08-01 23:08:31, msg=HTTP GET http://cas-pss.mayyhem.com/SMS_MP/.sms_aut?MPLIST1&PS1 content: b'<!DOCTYPE html PUBLIC "-//W3C//DTD XHTML 1.0 Strict//EN" "http://www.w3.org/TR/xhtml1/DTD/xhtml1-strict.dtd">\r\n<html xmlns="http://www.w3.org/1999/xhtml">\r\n<head>\r\n<meta http-equiv="Content-Type" content="text/html; charset=iso-8859-1"/>\r\n<title>404 - File or directory not found.</title>\r\n<style type="text/css">\r\n<!--\r\nbody{margin:0;font-size:.7em;font-family:Verdana, Arial, Helvetica, sans-serif;background:#EEEEEE;}\r\nfieldset{padding:0 15px 10px 15px;} \r\nh1{font-size:2.4em;margin:0;color:#FFF;}\r\nh2{font-size:1.7em;margin:0;color:#CC0000;} \r\nh3{font-size:1.2em;margin:10px 0 0 0;color:#000000;} \r\n#header{width:96%;margin:0 0 0 0;padding:6px 2% 6px 2%;font-family:"trebuchet MS", Verdana, sans-serif;color:#FFF;\r\nbackground-color:#555555;}\r\n#content{margin:0 0 0 2%;position:relative;}\r\n.content-container{background:#FFF;width:96%;margin-top:8px;padding:10px;position:relative;}\r\n-->\r\n</style>\r\n</head>\r\n<body>\r\n<div id="header"><h1>Server Error</h1></div>\r\n<div id="conten ...(1245 bytes total, truncated)
VERBOSE  time=2026-08-01 23:08:31, msg=    Received 404
VERBOSE  time=2026-08-01 23:08:31, msg=Testing distribution point endpoint: http://cas-pss.mayyhem.com/SMS_DP_SMSPKG$
DEBUG    time=2026-08-01 23:08:31, msg=HTTP GET http://cas-pss.mayyhem.com/SMS_DP_SMSPKG$ -> 404 (anonymous)
DEBUG    time=2026-08-01 23:08:31, msg=HTTP GET http://cas-pss.mayyhem.com/SMS_DP_SMSPKG$ content: b'<!DOCTYPE html PUBLIC "-//W3C//DTD XHTML 1.0 Strict//EN" "http://www.w3.org/TR/xhtml1/DTD/xhtml1-strict.dtd">\r\n<html xmlns="http://www.w3.org/1999/xhtml">\r\n<head>\r\n<meta http-equiv="Content-Type" content="text/html; charset=iso-8859-1"/>\r\n<title>404 - File or directory not found.</title>\r\n<style type="text/css">\r\n<!--\r\nbody{margin:0;font-size:.7em;font-family:Verdana, Arial, Helvetica, sans-serif;background:#EEEEEE;}\r\nfieldset{padding:0 15px 10px 15px;} \r\nh1{font-size:2.4em;margin:0;color:#FFF;}\r\nh2{font-size:1.7em;margin:0;color:#CC0000;} \r\nh3{font-size:1.2em;margin:10px 0 0 0;color:#000000;} \r\n#header{width:96%;margin:0 0 0 0;padding:6px 2% 6px 2%;font-family:"trebuchet MS", Verdana, sans-serif;color:#FFF;\r\nbackground-color:#555555;}\r\n#content{margin:0 0 0 2%;position:relative;}\r\n.content-container{background:#FFF;width:96%;margin-top:8px;padding:10px;position:relative;}\r\n-->\r\n</style>\r\n</head>\r\n<body>\r\n<div id="header"><h1>Server Error</h1></div>\r\n<div id="conten ...(1245 bytes total, truncated)
VERBOSE  time=2026-08-01 23:08:31, msg=    Received 404
VERBOSE  time=2026-08-01 23:08:31, msg=Trying connections via https
VERBOSE  time=2026-08-01 23:08:31, msg=Testing management point endpoint: https://cas-pss.mayyhem.com/SMS_MP/.sms_aut?MPKEYINFORMATION
DEBUG    time=2026-08-01 23:08:31, msg=HTTP GET https://cas-pss.mayyhem.com/SMS_MP/.sms_aut?MPKEYINFORMATION -> 404 (anonymous)
DEBUG    time=2026-08-01 23:08:31, msg=HTTP GET https://cas-pss.mayyhem.com/SMS_MP/.sms_aut?MPKEYINFORMATION content: b'<!DOCTYPE html PUBLIC "-//W3C//DTD XHTML 1.0 Strict//EN" "http://www.w3.org/TR/xhtml1/DTD/xhtml1-strict.dtd">\r\n<html xmlns="http://www.w3.org/1999/xhtml">\r\n<head>\r\n<meta http-equiv="Content-Type" content="text/html; charset=iso-8859-1"/>\r\n<title>404 - File or directory not found.</title>\r\n<style type="text/css">\r\n<!--\r\nbody{margin:0;font-size:.7em;font-family:Verdana, Arial, Helvetica, sans-serif;background:#EEEEEE;}\r\nfieldset{padding:0 15px 10px 15px;} \r\nh1{font-size:2.4em;margin:0;color:#FFF;}\r\nh2{font-size:1.7em;margin:0;color:#CC0000;} \r\nh3{font-size:1.2em;margin:10px 0 0 0;color:#000000;} \r\n#header{width:96%;margin:0 0 0 0;padding:6px 2% 6px 2%;font-family:"trebuchet MS", Verdana, sans-serif;color:#FFF;\r\nbackground-color:#555555;}\r\n#content{margin:0 0 0 2%;position:relative;}\r\n.content-container{background:#FFF;width:96%;margin-top:8px;padding:10px;position:relative;}\r\n-->\r\n</style>\r\n</head>\r\n<body>\r\n<div id="header"><h1>Server Error</h1></div>\r\n<div id="conten ...(1245 bytes total, truncated)
VERBOSE  time=2026-08-01 23:08:31, msg=    Received 404
VERBOSE  time=2026-08-01 23:08:31, msg=Testing management point endpoint: https://cas-pss.mayyhem.com/SMS_MP/.sms_aut?MPLIST
DEBUG    time=2026-08-01 23:08:31, msg=HTTP GET https://cas-pss.mayyhem.com/SMS_MP/.sms_aut?MPLIST -> 404 (anonymous)
DEBUG    time=2026-08-01 23:08:31, msg=HTTP GET https://cas-pss.mayyhem.com/SMS_MP/.sms_aut?MPLIST content: b'<!DOCTYPE html PUBLIC "-//W3C//DTD XHTML 1.0 Strict//EN" "http://www.w3.org/TR/xhtml1/DTD/xhtml1-strict.dtd">\r\n<html xmlns="http://www.w3.org/1999/xhtml">\r\n<head>\r\n<meta http-equiv="Content-Type" content="text/html; charset=iso-8859-1"/>\r\n<title>404 - File or directory not found.</title>\r\n<style type="text/css">\r\n<!--\r\nbody{margin:0;font-size:.7em;font-family:Verdana, Arial, Helvetica, sans-serif;background:#EEEEEE;}\r\nfieldset{padding:0 15px 10px 15px;} \r\nh1{font-size:2.4em;margin:0;color:#FFF;}\r\nh2{font-size:1.7em;margin:0;color:#CC0000;} \r\nh3{font-size:1.2em;margin:10px 0 0 0;color:#000000;} \r\n#header{width:96%;margin:0 0 0 0;padding:6px 2% 6px 2%;font-family:"trebuchet MS", Verdana, sans-serif;color:#FFF;\r\nbackground-color:#555555;}\r\n#content{margin:0 0 0 2%;position:relative;}\r\n.content-container{background:#FFF;width:96%;margin-top:8px;padding:10px;position:relative;}\r\n-->\r\n</style>\r\n</head>\r\n<body>\r\n<div id="header"><h1>Server Error</h1></div>\r\n<div id="conten ...(1245 bytes total, truncated)
VERBOSE  time=2026-08-01 23:08:31, msg=    Received 404
VERBOSE  time=2026-08-01 23:08:31, msg=Testing management point endpoint: https://cas-pss.mayyhem.com/SMS_MP/.sms_aut?SMSTRC
DEBUG    time=2026-08-01 23:08:31, msg=HTTP GET https://cas-pss.mayyhem.com/SMS_MP/.sms_aut?SMSTRC -> 404 (anonymous)
DEBUG    time=2026-08-01 23:08:31, msg=HTTP GET https://cas-pss.mayyhem.com/SMS_MP/.sms_aut?SMSTRC content: b'<!DOCTYPE html PUBLIC "-//W3C//DTD XHTML 1.0 Strict//EN" "http://www.w3.org/TR/xhtml1/DTD/xhtml1-strict.dtd">\r\n<html xmlns="http://www.w3.org/1999/xhtml">\r\n<head>\r\n<meta http-equiv="Content-Type" content="text/html; charset=iso-8859-1"/>\r\n<title>404 - File or directory not found.</title>\r\n<style type="text/css">\r\n<!--\r\nbody{margin:0;font-size:.7em;font-family:Verdana, Arial, Helvetica, sans-serif;background:#EEEEEE;}\r\nfieldset{padding:0 15px 10px 15px;} \r\nh1{font-size:2.4em;margin:0;color:#FFF;}\r\nh2{font-size:1.7em;margin:0;color:#CC0000;} \r\nh3{font-size:1.2em;margin:10px 0 0 0;color:#000000;} \r\n#header{width:96%;margin:0 0 0 0;padding:6px 2% 6px 2%;font-family:"trebuchet MS", Verdana, sans-serif;color:#FFF;\r\nbackground-color:#555555;}\r\n#content{margin:0 0 0 2%;position:relative;}\r\n.content-container{background:#FFF;width:96%;margin-top:8px;padding:10px;position:relative;}\r\n-->\r\n</style>\r\n</head>\r\n<body>\r\n<div id="header"><h1>Server Error</h1></div>\r\n<div id="conten ...(1245 bytes total, truncated)
VERBOSE  time=2026-08-01 23:08:31, msg=    Received 404
VERBOSE  time=2026-08-01 23:08:31, msg=Testing management point endpoint: https://cas-pss.mayyhem.com/SMS_MP/.sms_aut?MPLIST1&CAS
DEBUG    time=2026-08-01 23:08:31, msg=HTTP GET https://cas-pss.mayyhem.com/SMS_MP/.sms_aut?MPLIST1&CAS -> 404 (anonymous)
DEBUG    time=2026-08-01 23:08:31, msg=HTTP GET https://cas-pss.mayyhem.com/SMS_MP/.sms_aut?MPLIST1&CAS content: b'<!DOCTYPE html PUBLIC "-//W3C//DTD XHTML 1.0 Strict//EN" "http://www.w3.org/TR/xhtml1/DTD/xhtml1-strict.dtd">\r\n<html xmlns="http://www.w3.org/1999/xhtml">\r\n<head>\r\n<meta http-equiv="Content-Type" content="text/html; charset=iso-8859-1"/>\r\n<title>404 - File or directory not found.</title>\r\n<style type="text/css">\r\n<!--\r\nbody{margin:0;font-size:.7em;font-family:Verdana, Arial, Helvetica, sans-serif;background:#EEEEEE;}\r\nfieldset{padding:0 15px 10px 15px;} \r\nh1{font-size:2.4em;margin:0;color:#FFF;}\r\nh2{font-size:1.7em;margin:0;color:#CC0000;} \r\nh3{font-size:1.2em;margin:10px 0 0 0;color:#000000;} \r\n#header{width:96%;margin:0 0 0 0;padding:6px 2% 6px 2%;font-family:"trebuchet MS", Verdana, sans-serif;color:#FFF;\r\nbackground-color:#555555;}\r\n#content{margin:0 0 0 2%;position:relative;}\r\n.content-container{background:#FFF;width:96%;margin-top:8px;padding:10px;position:relative;}\r\n-->\r\n</style>\r\n</head>\r\n<body>\r\n<div id="header"><h1>Server Error</h1></div>\r\n<div id="conten ...(1245 bytes total, truncated)
VERBOSE  time=2026-08-01 23:08:31, msg=    Received 404
VERBOSE  time=2026-08-01 23:08:31, msg=Testing management point endpoint: https://cas-pss.mayyhem.com/SMS_MP/.sms_aut?MPLIST1&PS1
DEBUG    time=2026-08-01 23:08:31, msg=HTTP GET https://cas-pss.mayyhem.com/SMS_MP/.sms_aut?MPLIST1&PS1 -> 404 (anonymous)
DEBUG    time=2026-08-01 23:08:31, msg=HTTP GET https://cas-pss.mayyhem.com/SMS_MP/.sms_aut?MPLIST1&PS1 content: b'<!DOCTYPE html PUBLIC "-//W3C//DTD XHTML 1.0 Strict//EN" "http://www.w3.org/TR/xhtml1/DTD/xhtml1-strict.dtd">\r\n<html xmlns="http://www.w3.org/1999/xhtml">\r\n<head>\r\n<meta http-equiv="Content-Type" content="text/html; charset=iso-8859-1"/>\r\n<title>404 - File or directory not found.</title>\r\n<style type="text/css">\r\n<!--\r\nbody{margin:0;font-size:.7em;font-family:Verdana, Arial, Helvetica, sans-serif;background:#EEEEEE;}\r\nfieldset{padding:0 15px 10px 15px;} \r\nh1{font-size:2.4em;margin:0;color:#FFF;}\r\nh2{font-size:1.7em;margin:0;color:#CC0000;} \r\nh3{font-size:1.2em;margin:10px 0 0 0;color:#000000;} \r\n#header{width:96%;margin:0 0 0 0;padding:6px 2% 6px 2%;font-family:"trebuchet MS", Verdana, sans-serif;color:#FFF;\r\nbackground-color:#555555;}\r\n#content{margin:0 0 0 2%;position:relative;}\r\n.content-container{background:#FFF;width:96%;margin-top:8px;padding:10px;position:relative;}\r\n-->\r\n</style>\r\n</head>\r\n<body>\r\n<div id="header"><h1>Server Error</h1></div>\r\n<div id="conten ...(1245 bytes total, truncated)
VERBOSE  time=2026-08-01 23:08:31, msg=    Received 404
VERBOSE  time=2026-08-01 23:08:31, msg=Testing distribution point endpoint: https://cas-pss.mayyhem.com/SMS_DP_SMSPKG$
DEBUG    time=2026-08-01 23:08:31, msg=HTTP GET https://cas-pss.mayyhem.com/SMS_DP_SMSPKG$ -> 404 (anonymous)
DEBUG    time=2026-08-01 23:08:31, msg=HTTP GET https://cas-pss.mayyhem.com/SMS_DP_SMSPKG$ content: b'<!DOCTYPE html PUBLIC "-//W3C//DTD XHTML 1.0 Strict//EN" "http://www.w3.org/TR/xhtml1/DTD/xhtml1-strict.dtd">\r\n<html xmlns="http://www.w3.org/1999/xhtml">\r\n<head>\r\n<meta http-equiv="Content-Type" content="text/html; charset=iso-8859-1"/>\r\n<title>404 - File or directory not found.</title>\r\n<style type="text/css">\r\n<!--\r\nbody{margin:0;font-size:.7em;font-family:Verdana, Arial, Helvetica, sans-serif;background:#EEEEEE;}\r\nfieldset{padding:0 15px 10px 15px;} \r\nh1{font-size:2.4em;margin:0;color:#FFF;}\r\nh2{font-size:1.7em;margin:0;color:#CC0000;} \r\nh3{font-size:1.2em;margin:10px 0 0 0;color:#000000;} \r\n#header{width:96%;margin:0 0 0 0;padding:6px 2% 6px 2%;font-family:"trebuchet MS", Verdana, sans-serif;color:#FFF;\r\nbackground-color:#555555;}\r\n#content{margin:0 0 0 2%;position:relative;}\r\n.content-container{background:#FFF;width:96%;margin-top:8px;padding:10px;position:relative;}\r\n-->\r\n</style>\r\n</head>\r\n<body>\r\n<div id="header"><h1>Server Error</h1></div>\r\n<div id="conten ...(1245 bytes total, truncated)
VERBOSE  time=2026-08-01 23:08:31, msg=    Received 404
VERBOSE  time=2026-08-01 23:08:31, msg=Testing SMS Provider endpoint: https://cas-pss.mayyhem.com/AdminService/wmi/SMS_Identification
DEBUG    time=2026-08-01 23:08:31, msg=HTTP GET https://cas-pss.mayyhem.com/AdminService/wmi/SMS_Identification -> 401 (anonymous)
DEBUG    time=2026-08-01 23:08:31, msg=HTTP GET https://cas-pss.mayyhem.com/AdminService/wmi/SMS_Identification content: b''
INFO     time=2026-08-01 23:08:31, msg=[cas-pss.mayyhem.com][HTTP] Found SMS Provider role on cas-pss.mayyhem.com
VERBOSE  time=2026-08-01 23:08:31, msg=Already registered target: cas-pss.mayyhem.com
INFO     time=2026-08-01 23:08:31, msg=[cas-pss.mayyhem.com][HTTP] HTTP collection completed for cas-pss.mayyhem.com
INFO     time=2026-08-01 23:08:31, msg=[cas-pss.mayyhem.com][SMB] Starting SMB collection on cas-pss.mayyhem.com
INFO     time=2026-08-01 23:08:31, msg=[cas-pss.mayyhem.com][SMB] Checking SMB signing requirement on cas-pss.mayyhem.com
INFO     time=2026-08-01 23:08:31, msg=[cas-pss.mayyhem.com][SMB] SMB signing NOT required on cas-pss.mayyhem.com (via SMB2 negotiate)
INFO     time=2026-08-01 23:08:31, msg=[cas-pss.mayyhem.com][SMB] Enumerating SMB shares on cas-pss.mayyhem.com
VERBOSE  time=2026-08-01 23:08:31, msg=SMB auth: explicit NTLM as MAYYHEM\lowpriv on cas-pss.mayyhem.com
VERBOSE  time=2026-08-01 23:08:31, msg=Enumerated 8 SMB shares on cas-pss.mayyhem.com:
VERBOSE  time=2026-08-01 23:08:31, msg=  ADMIN$ (Remote Admin)
VERBOSE  time=2026-08-01 23:08:31, msg=  C$ (Default share)
VERBOSE  time=2026-08-01 23:08:31, msg=  IPC$ (Remote IPC)
VERBOSE  time=2026-08-01 23:08:31, msg=  SCCMContentLib$ ('Configuration Manager' Content Library for site CAS (11/26/2025))
VERBOSE  time=2026-08-01 23:08:31, msg=  SMS_CAS (SMS Site CAS 11/26/25)
VERBOSE  time=2026-08-01 23:08:31, msg=  SMS_CPSC$ (SMS Compressed Package Storage)
VERBOSE  time=2026-08-01 23:08:31, msg=  SMS_DP$ (ConfigMgr Site Server DP share)
VERBOSE  time=2026-08-01 23:08:31, msg=  SMS_SITE (SMS Site CAS 11/26/25)
INFO     time=2026-08-01 23:08:31, msg=[cas-pss.mayyhem.com][SMB] Found site server for site: CAS
VERBOSE  time=2026-08-01 23:08:31, msg=Target hosts the content library (SCCMContentLib$)
INFO     time=2026-08-01 23:08:31, msg=[cas-pss.mayyhem.com][SMB] Found distribution point role for site: CAS
INFO     time=2026-08-01 23:08:31, msg=[cas-pss.mayyhem.com][SMB] SMB collection completed for cas-pss.mayyhem.com

========================================================================
# ps1-psv.mayyhem.com
========================================================================
INFO     time=2026-08-01 23:07:32, msg=[ps1-psv.mayyhem.com][RemoteRegistry] Starting Remote Registry collection on ps1-psv.mayyhem.com...
VERBOSE  time=2026-08-01 23:07:32, msg=Probing Remote Registry on ps1-psv.mayyhem.com (port 445)
VERBOSE  time=2026-08-01 23:07:32, msg=SMB auth: explicit NTLM as MAYYHEM\lowpriv on ps1-psv.mayyhem.com
VERBOSE  time=2026-08-01 23:07:32, msg=Remote Registry bind to ps1-psv.mayyhem.com succeeded on attempt 1
VERBOSE  time=2026-08-01 23:07:32, msg=Querying SOFTWARE\Microsoft\SMS\CurrentUser for logged-in user's domain SID
VERBOSE  time=2026-08-01 23:07:32, msg=Enumerating values under SOFTWARE\Microsoft\SMS\CurrentUser
VERBOSE  time=2026-08-01 23:07:33, msg=Found CurrentUser SID S-1-5-21-3242052782-1287495003-4091326449-1104; resolving principal
INFO     time=2026-08-01 23:07:33, msg=[ps1-psv.mayyhem.com][RemoteRegistry] Found current user: domainuser (S-1-5-21-3242052782-1287495003-4091326449-1104)
VERBOSE  time=2026-08-01 23:07:33, msg=Querying SYSTEM\CurrentControlSet\Services\LanManServer\Parameters for SMB signing requirements
VERBOSE  time=2026-08-01 23:07:33, msg=Reading DWORD value RequireSecuritySignature under SYSTEM\CurrentControlSet\Services\LanManServer\Parameters on ps1-psv.mayyhem.com
VERBOSE  time=2026-08-01 23:07:33, msg=Access denied reading DWORD value RequireSecuritySignature under SYSTEM\CurrentControlSet\Services\LanManServer\Parameters on ps1-psv.mayyhem.com
VERBOSE  time=2026-08-01 23:07:33, msg=SMB signing required (negotiate fallback): False
VERBOSE  time=2026-08-01 23:07:33, msg=Querying SYSTEM\CurrentControlSet\Control\Lsa\MSV1_0 for NTLM settings
VERBOSE  time=2026-08-01 23:07:33, msg=Reading DWORD value RestrictReceivingNTLMTraffic under SYSTEM\CurrentControlSet\Control\Lsa\MSV1_0 on ps1-psv.mayyhem.com
VERBOSE  time=2026-08-01 23:07:33, msg=Access denied reading DWORD value RestrictReceivingNTLMTraffic under SYSTEM\CurrentControlSet\Control\Lsa\MSV1_0 on ps1-psv.mayyhem.com
VERBOSE  time=2026-08-01 23:07:33, msg=Querying SYSTEM\CurrentControlSet\Control\Lsa for LSA settings
VERBOSE  time=2026-08-01 23:07:33, msg=Reading DWORD value DisableLoopbackCheck under SYSTEM\CurrentControlSet\Control\Lsa on ps1-psv.mayyhem.com
VERBOSE  time=2026-08-01 23:07:33, msg=Access denied reading DWORD value DisableLoopbackCheck under SYSTEM\CurrentControlSet\Control\Lsa on ps1-psv.mayyhem.com
VERBOSE  time=2026-08-01 23:07:33, msg=Enumerating values under SOFTWARE\Microsoft\Microsoft SQL Server\Instance Names\SQL
VERBOSE  time=2026-08-01 23:07:33, msg=Access denied reading values under registry key SOFTWARE\Microsoft\Microsoft SQL Server\Instance Names\SQL on ps1-psv.mayyhem.com
VERBOSE  time=2026-08-01 23:07:33, msg=No SQL Server instance inventory at SOFTWARE\Microsoft\Microsoft SQL Server\Instance Names\SQL on ps1-psv.mayyhem.com; trying the legacy path only
VERBOSE  time=2026-08-01 23:07:33, msg=Enumerating values under SOFTWARE\Microsoft\MSSQLServer\MSSQLServer\SuperSocketNetLib
VERBOSE  time=2026-08-01 23:07:33, msg=Access denied reading values under registry key SOFTWARE\Microsoft\MSSQLServer\MSSQLServer\SuperSocketNetLib on ps1-psv.mayyhem.com
VERBOSE  time=2026-08-01 23:07:33, msg=SQL Server network settings denied on ps1-psv.mayyhem.com; reported in the denial summary.
VERBOSE  time=2026-08-01 23:07:33, msg=Querying SOFTWARE\Microsoft\SMS\Triggers for SCCM site code
VERBOSE  time=2026-08-01 23:07:33, msg=Enumerating subkeys under SOFTWARE\Microsoft\SMS\Triggers
INFO     time=2026-08-01 23:07:34, msg=[ps1-psv.mayyhem.com][RemoteRegistry] Found SCCM site code: PS1
VERBOSE  time=2026-08-01 23:07:34, msg=Querying SOFTWARE\Microsoft\SMS\COMPONENTS\SMS_SITE_COMPONENT_MANAGER\Component Servers for SCCM component servers
VERBOSE  time=2026-08-01 23:07:34, msg=Enumerating subkeys under SOFTWARE\Microsoft\SMS\COMPONENTS\SMS_SITE_COMPONENT_MANAGER\Component Servers
INFO     time=2026-08-01 23:07:34, msg=[ps1-psv.mayyhem.com][RemoteRegistry] Found SOFTWARE\Microsoft\SMS\COMPONENTS\SMS_SITE_COMPONENT_MANAGER\Component Servers, this target is a site server
INFO     time=2026-08-01 23:07:34, msg=[ps1-psv.mayyhem.com][RemoteRegistry] Found component server #1: ps1-psv.mayyhem.com
VERBOSE  time=2026-08-01 23:07:34, msg=Already registered target: ps1-psv.mayyhem.com
VERBOSE  time=2026-08-01 23:07:34, msg=Querying SOFTWARE\Microsoft\SMS\COMPONENTS\SMS_SITE_COMPONENT_MANAGER\Multisite Component Servers for SCCM multisite component servers
VERBOSE  time=2026-08-01 23:07:34, msg=Enumerating subkeys under SOFTWARE\Microsoft\SMS\COMPONENTS\SMS_SITE_COMPONENT_MANAGER\Multisite Component Servers
INFO     time=2026-08-01 23:07:34, msg=[ps1-psv.mayyhem.com][RemoteRegistry] Multisite Component Servers is empty on ps1-psv.mayyhem.com: the site database is local to this site server, OR this is a passive site server whose database lives elsewhere. Emitting the SQL Server role as assumed pending corroboration in preprocess.
WARNING  time=2026-08-01 23:07:34, msg=[ps1-psv.mayyhem.com][RemoteRegistry] 5 registry read(s) denied on ps1-psv.mayyhem.com -- not collected: SMB signing requirement; NTLM restrictions and loopback-check setting; SQL Server encryption / Extended Protection settings. The host-hardening and SQL Server keys require local Administrators on the target; re-run with an administrative account to collect them. Per-read detail is in the full log.
VERBOSE  time=2026-08-01 23:07:34, msg=Disconnecting Remote Registry on ps1-psv.mayyhem.com
VERBOSE  time=2026-08-01 23:07:34, msg=Logging off SMB on ps1-psv.mayyhem.com
INFO     time=2026-08-01 23:07:34, msg=[ps1-psv.mayyhem.com][RemoteRegistry] Remote Registry collection completed for ps1-psv.mayyhem.com
INFO     time=2026-08-01 23:07:35, msg=[ps1-psv.mayyhem.com][MSSQL] Starting MSSQL collection on ps1-psv.mayyhem.com
INFO     time=2026-08-01 23:07:35, msg=[ps1-psv.mayyhem.com][MSSQL] Querying SPNs for ps1-psv.mayyhem.com
VERBOSE  time=2026-08-01 23:07:35, msg=LDAP search: base=DC=mayyhem,DC=com filter=(dNSHostName=ps1-psv.mayyhem.com)
VERBOSE  time=2026-08-01 23:07:35, msg=LDAP search complete: entries=1 pages=1
INFO     time=2026-08-01 23:07:35, msg=[ps1-psv.mayyhem.com][MSSQL] Searching AD for MSSQLSvc SPNs naming host ps1-psv.mayyhem.com
VERBOSE  time=2026-08-01 23:07:35, msg=LDAP search: base=DC=mayyhem,DC=com filter=(servicePrincipalName=MSSQLSvc/ps1-psv.mayyhem.com*)
VERBOSE  time=2026-08-01 23:07:35, msg=LDAP search complete: entries=0 pages=1
DEBUG    time=2026-08-01 23:07:35, msg=No MSSQLSvc SPN holder found for ps1-psv.mayyhem.com
DEBUG    time=2026-08-01 23:07:35, msg=No MSSQLSvc SPN anywhere in AD for ps1-psv.mayyhem.com
INFO     time=2026-08-01 23:07:35, msg=[ps1-psv.mayyhem.com][MSSQL] No MSSQLSvc SPN found for ps1-psv.mayyhem.com, defaulting to port 1433
DEBUG    time=2026-08-01 23:07:37, msg=ps1-psv.mayyhem.com:1433 unreachable: [WinError 10061] No connection could be made because the target machine actively refused it
INFO     time=2026-08-01 23:07:37, msg=[ps1-psv.mayyhem.com][MSSQL] MSSQL port 1433 closed on ps1-psv.mayyhem.com and no MSSQLSvc SPN; nothing to record
INFO     time=2026-08-01 23:07:37, msg=[ps1-psv.mayyhem.com][AdminService] Starting AdminService collection on ps1-psv.mayyhem.com...
DEBUG    time=2026-08-01 23:07:37, msg=auth ladder: explicit creds -> Kerberos, NTLM fallback for ps1-psv.mayyhem.com
VERBOSE  time=2026-08-01 23:07:37, msg=Kerberos: requesting TGT+TGS for HTTP/ps1-psv.mayyhem.com from KDC dc.mayyhem.com
DEBUG    time=2026-08-01 23:08:28, msg=HTTP Negotiate(kerberos) https://ps1-psv.mayyhem.com/AdminService/wmi/SMS_Identification?$select=ThisSiteCode,ThisSiteName -> 404
VERBOSE  time=2026-08-01 23:08:28, msg=HTTP authenticated to ps1-psv.mayyhem.com via kerberos
WARNING  time=2026-08-01 23:08:28, msg=[ps1-psv.mayyhem.com][AdminService] AdminService GET /AdminService/wmi/SMS_Identification?$select=ThisSiteCode,ThisSiteName returned HTTP 404
INFO     time=2026-08-01 23:08:28, msg=[ps1-psv.mayyhem.com][AdminService] ps1-psv.mayyhem.com is not a reachable AdminService provider; skipping
INFO     time=2026-08-01 23:08:28, msg=[ps1-psv.mayyhem.com][WMI] Starting WMI collection on ps1-psv.mayyhem.com...
VERBOSE  time=2026-08-01 23:08:28, msg=WMI query on ps1-psv.mayyhem.com (root\SMS): SELECT * FROM SMS_ProviderLocation
DEBUG    time=2026-08-01 23:08:28, msg=auth ladder: explicit creds -> Kerberos, NTLM fallback for ps1-psv.mayyhem.com
VERBOSE  time=2026-08-01 23:08:28, msg=WMI Kerberos rung on ps1-psv.mayyhem.com: no --ticket supplied and no Kerberos credential cache (KRB5CCNAME is unset), so a fresh TGT is requested with the supplied credentials. impacket's 'CCache file is not found' notice is expected here.
VERBOSE  time=2026-08-01 23:08:28, msg=WMI auth attempt on ps1-psv.mayyhem.com via kerberos
DEBUG    time=2026-08-01 23:08:28, msg=CCache file is not found. Skipping...
VERBOSE  time=2026-08-01 23:08:31, msg=WMI kerberos rung failed on ps1-psv.mayyhem.com: rpc_s_access_denied
VERBOSE  time=2026-08-01 23:08:31, msg=WMI auth attempt on ps1-psv.mayyhem.com via ntlm
VERBOSE  time=2026-08-01 23:08:31, msg=WMI ntlm rung failed on ps1-psv.mayyhem.com: rpc_s_access_denied
INFO     time=2026-08-01 23:08:31, msg=[ps1-psv.mayyhem.com][WMI] WMI auth ladder exhausted on ps1-psv.mayyhem.com (['kerberos', 'ntlm'])
INFO     time=2026-08-01 23:08:31, msg=[ps1-psv.mayyhem.com][WMI] WMI SMS_ProviderLocation returned nothing (rung exhausted or not a provider)
INFO     time=2026-08-01 23:08:31, msg=[ps1-psv.mayyhem.com][WMI] ps1-psv.mayyhem.com is not a reachable SMS Provider over WMI; skipping
INFO     time=2026-08-01 23:08:31, msg=[ps1-psv.mayyhem.com][HTTP] Attempting HTTP collection on: ps1-psv.mayyhem.com
VERBOSE  time=2026-08-01 23:08:31, msg=Probing MP site signing certificate issuer on: ps1-psv.mayyhem.com
DEBUG    time=2026-08-01 23:08:31, msg=HTTP GET http://ps1-psv.mayyhem.com/SMS_MP/.sms_aut?sitesigncert -> 404 (anonymous)
DEBUG    time=2026-08-01 23:08:31, msg=HTTP GET http://ps1-psv.mayyhem.com/SMS_MP/.sms_aut?sitesigncert content: b'<!DOCTYPE html PUBLIC "-//W3C//DTD XHTML 1.0 Strict//EN" "http://www.w3.org/TR/xhtml1/DTD/xhtml1-strict.dtd">\r\n<html xmlns="http://www.w3.org/1999/xhtml">\r\n<head>\r\n<meta http-equiv="Content-Type" content="text/html; charset=iso-8859-1"/>\r\n<title>404 - File or directory not found.</title>\r\n<style type="text/css">\r\n<!--\r\nbody{margin:0;font-size:.7em;font-family:Verdana, Arial, Helvetica, sans-serif;background:#EEEEEE;}\r\nfieldset{padding:0 15px 10px 15px;} \r\nh1{font-size:2.4em;margin:0;color:#FFF;}\r\nh2{font-size:1.7em;margin:0;color:#CC0000;} \r\nh3{font-size:1.2em;margin:10px 0 0 0;color:#000000;} \r\n#header{width:96%;margin:0 0 0 0;padding:6px 2% 6px 2%;font-family:"trebuchet MS", Verdana, sans-serif;color:#FFF;\r\nbackground-color:#555555;}\r\n#content{margin:0 0 0 2%;position:relative;}\r\n.content-container{background:#FFF;width:96%;margin-top:8px;padding:10px;position:relative;}\r\n-->\r\n</style>\r\n</head>\r\n<body>\r\n<div id="header"><h1>Server Error</h1></div>\r\n<div id="conten ...(1245 bytes total, truncated)
VERBOSE  time=2026-08-01 23:08:31, msg=sitesigncert not available via http on ps1-psv.mayyhem.com
DEBUG    time=2026-08-01 23:08:31, msg=HTTP GET https://ps1-psv.mayyhem.com/SMS_MP/.sms_aut?sitesigncert -> 404 (anonymous)
DEBUG    time=2026-08-01 23:08:31, msg=HTTP GET https://ps1-psv.mayyhem.com/SMS_MP/.sms_aut?sitesigncert content: b'<!DOCTYPE html PUBLIC "-//W3C//DTD XHTML 1.0 Strict//EN" "http://www.w3.org/TR/xhtml1/DTD/xhtml1-strict.dtd">\r\n<html xmlns="http://www.w3.org/1999/xhtml">\r\n<head>\r\n<meta http-equiv="Content-Type" content="text/html; charset=iso-8859-1"/>\r\n<title>404 - File or directory not found.</title>\r\n<style type="text/css">\r\n<!--\r\nbody{margin:0;font-size:.7em;font-family:Verdana, Arial, Helvetica, sans-serif;background:#EEEEEE;}\r\nfieldset{padding:0 15px 10px 15px;} \r\nh1{font-size:2.4em;margin:0;color:#FFF;}\r\nh2{font-size:1.7em;margin:0;color:#CC0000;} \r\nh3{font-size:1.2em;margin:10px 0 0 0;color:#000000;} \r\n#header{width:96%;margin:0 0 0 0;padding:6px 2% 6px 2%;font-family:"trebuchet MS", Verdana, sans-serif;color:#FFF;\r\nbackground-color:#555555;}\r\n#content{margin:0 0 0 2%;position:relative;}\r\n.content-container{background:#FFF;width:96%;margin-top:8px;padding:10px;position:relative;}\r\n-->\r\n</style>\r\n</head>\r\n<body>\r\n<div id="header"><h1>Server Error</h1></div>\r\n<div id="conten ...(1245 bytes total, truncated)
VERBOSE  time=2026-08-01 23:08:31, msg=sitesigncert not available via https on ps1-psv.mayyhem.com
VERBOSE  time=2026-08-01 23:08:31, msg=No Site Server issuer detected via sitesigncert on ps1-psv.mayyhem.com
VERBOSE  time=2026-08-01 23:08:31, msg=Trying connections via http
VERBOSE  time=2026-08-01 23:08:31, msg=Testing management point endpoint: http://ps1-psv.mayyhem.com/SMS_MP/.sms_aut?MPKEYINFORMATION
DEBUG    time=2026-08-01 23:08:31, msg=HTTP GET http://ps1-psv.mayyhem.com/SMS_MP/.sms_aut?MPKEYINFORMATION -> 404 (anonymous)
DEBUG    time=2026-08-01 23:08:31, msg=HTTP GET http://ps1-psv.mayyhem.com/SMS_MP/.sms_aut?MPKEYINFORMATION content: b'<!DOCTYPE html PUBLIC "-//W3C//DTD XHTML 1.0 Strict//EN" "http://www.w3.org/TR/xhtml1/DTD/xhtml1-strict.dtd">\r\n<html xmlns="http://www.w3.org/1999/xhtml">\r\n<head>\r\n<meta http-equiv="Content-Type" content="text/html; charset=iso-8859-1"/>\r\n<title>404 - File or directory not found.</title>\r\n<style type="text/css">\r\n<!--\r\nbody{margin:0;font-size:.7em;font-family:Verdana, Arial, Helvetica, sans-serif;background:#EEEEEE;}\r\nfieldset{padding:0 15px 10px 15px;} \r\nh1{font-size:2.4em;margin:0;color:#FFF;}\r\nh2{font-size:1.7em;margin:0;color:#CC0000;} \r\nh3{font-size:1.2em;margin:10px 0 0 0;color:#000000;} \r\n#header{width:96%;margin:0 0 0 0;padding:6px 2% 6px 2%;font-family:"trebuchet MS", Verdana, sans-serif;color:#FFF;\r\nbackground-color:#555555;}\r\n#content{margin:0 0 0 2%;position:relative;}\r\n.content-container{background:#FFF;width:96%;margin-top:8px;padding:10px;position:relative;}\r\n-->\r\n</style>\r\n</head>\r\n<body>\r\n<div id="header"><h1>Server Error</h1></div>\r\n<div id="conten ...(1245 bytes total, truncated)
VERBOSE  time=2026-08-01 23:08:31, msg=    Received 404
VERBOSE  time=2026-08-01 23:08:31, msg=Testing management point endpoint: http://ps1-psv.mayyhem.com/SMS_MP/.sms_aut?MPLIST
DEBUG    time=2026-08-01 23:08:31, msg=HTTP GET http://ps1-psv.mayyhem.com/SMS_MP/.sms_aut?MPLIST -> 404 (anonymous)
DEBUG    time=2026-08-01 23:08:31, msg=HTTP GET http://ps1-psv.mayyhem.com/SMS_MP/.sms_aut?MPLIST content: b'<!DOCTYPE html PUBLIC "-//W3C//DTD XHTML 1.0 Strict//EN" "http://www.w3.org/TR/xhtml1/DTD/xhtml1-strict.dtd">\r\n<html xmlns="http://www.w3.org/1999/xhtml">\r\n<head>\r\n<meta http-equiv="Content-Type" content="text/html; charset=iso-8859-1"/>\r\n<title>404 - File or directory not found.</title>\r\n<style type="text/css">\r\n<!--\r\nbody{margin:0;font-size:.7em;font-family:Verdana, Arial, Helvetica, sans-serif;background:#EEEEEE;}\r\nfieldset{padding:0 15px 10px 15px;} \r\nh1{font-size:2.4em;margin:0;color:#FFF;}\r\nh2{font-size:1.7em;margin:0;color:#CC0000;} \r\nh3{font-size:1.2em;margin:10px 0 0 0;color:#000000;} \r\n#header{width:96%;margin:0 0 0 0;padding:6px 2% 6px 2%;font-family:"trebuchet MS", Verdana, sans-serif;color:#FFF;\r\nbackground-color:#555555;}\r\n#content{margin:0 0 0 2%;position:relative;}\r\n.content-container{background:#FFF;width:96%;margin-top:8px;padding:10px;position:relative;}\r\n-->\r\n</style>\r\n</head>\r\n<body>\r\n<div id="header"><h1>Server Error</h1></div>\r\n<div id="conten ...(1245 bytes total, truncated)
VERBOSE  time=2026-08-01 23:08:31, msg=    Received 404
VERBOSE  time=2026-08-01 23:08:31, msg=Testing management point endpoint: http://ps1-psv.mayyhem.com/SMS_MP/.sms_aut?SMSTRC
DEBUG    time=2026-08-01 23:08:31, msg=HTTP GET http://ps1-psv.mayyhem.com/SMS_MP/.sms_aut?SMSTRC -> 404 (anonymous)
DEBUG    time=2026-08-01 23:08:31, msg=HTTP GET http://ps1-psv.mayyhem.com/SMS_MP/.sms_aut?SMSTRC content: b'<!DOCTYPE html PUBLIC "-//W3C//DTD XHTML 1.0 Strict//EN" "http://www.w3.org/TR/xhtml1/DTD/xhtml1-strict.dtd">\r\n<html xmlns="http://www.w3.org/1999/xhtml">\r\n<head>\r\n<meta http-equiv="Content-Type" content="text/html; charset=iso-8859-1"/>\r\n<title>404 - File or directory not found.</title>\r\n<style type="text/css">\r\n<!--\r\nbody{margin:0;font-size:.7em;font-family:Verdana, Arial, Helvetica, sans-serif;background:#EEEEEE;}\r\nfieldset{padding:0 15px 10px 15px;} \r\nh1{font-size:2.4em;margin:0;color:#FFF;}\r\nh2{font-size:1.7em;margin:0;color:#CC0000;} \r\nh3{font-size:1.2em;margin:10px 0 0 0;color:#000000;} \r\n#header{width:96%;margin:0 0 0 0;padding:6px 2% 6px 2%;font-family:"trebuchet MS", Verdana, sans-serif;color:#FFF;\r\nbackground-color:#555555;}\r\n#content{margin:0 0 0 2%;position:relative;}\r\n.content-container{background:#FFF;width:96%;margin-top:8px;padding:10px;position:relative;}\r\n-->\r\n</style>\r\n</head>\r\n<body>\r\n<div id="header"><h1>Server Error</h1></div>\r\n<div id="conten ...(1245 bytes total, truncated)
VERBOSE  time=2026-08-01 23:08:31, msg=    Received 404
VERBOSE  time=2026-08-01 23:08:31, msg=Testing management point endpoint: http://ps1-psv.mayyhem.com/SMS_MP/.sms_aut?MPLIST1&CAS
DEBUG    time=2026-08-01 23:08:31, msg=HTTP GET http://ps1-psv.mayyhem.com/SMS_MP/.sms_aut?MPLIST1&CAS -> 404 (anonymous)
DEBUG    time=2026-08-01 23:08:31, msg=HTTP GET http://ps1-psv.mayyhem.com/SMS_MP/.sms_aut?MPLIST1&CAS content: b'<!DOCTYPE html PUBLIC "-//W3C//DTD XHTML 1.0 Strict//EN" "http://www.w3.org/TR/xhtml1/DTD/xhtml1-strict.dtd">\r\n<html xmlns="http://www.w3.org/1999/xhtml">\r\n<head>\r\n<meta http-equiv="Content-Type" content="text/html; charset=iso-8859-1"/>\r\n<title>404 - File or directory not found.</title>\r\n<style type="text/css">\r\n<!--\r\nbody{margin:0;font-size:.7em;font-family:Verdana, Arial, Helvetica, sans-serif;background:#EEEEEE;}\r\nfieldset{padding:0 15px 10px 15px;} \r\nh1{font-size:2.4em;margin:0;color:#FFF;}\r\nh2{font-size:1.7em;margin:0;color:#CC0000;} \r\nh3{font-size:1.2em;margin:10px 0 0 0;color:#000000;} \r\n#header{width:96%;margin:0 0 0 0;padding:6px 2% 6px 2%;font-family:"trebuchet MS", Verdana, sans-serif;color:#FFF;\r\nbackground-color:#555555;}\r\n#content{margin:0 0 0 2%;position:relative;}\r\n.content-container{background:#FFF;width:96%;margin-top:8px;padding:10px;position:relative;}\r\n-->\r\n</style>\r\n</head>\r\n<body>\r\n<div id="header"><h1>Server Error</h1></div>\r\n<div id="conten ...(1245 bytes total, truncated)
VERBOSE  time=2026-08-01 23:08:31, msg=    Received 404
VERBOSE  time=2026-08-01 23:08:31, msg=Testing management point endpoint: http://ps1-psv.mayyhem.com/SMS_MP/.sms_aut?MPLIST1&PS1
DEBUG    time=2026-08-01 23:08:31, msg=HTTP GET http://ps1-psv.mayyhem.com/SMS_MP/.sms_aut?MPLIST1&PS1 -> 404 (anonymous)
DEBUG    time=2026-08-01 23:08:31, msg=HTTP GET http://ps1-psv.mayyhem.com/SMS_MP/.sms_aut?MPLIST1&PS1 content: b'<!DOCTYPE html PUBLIC "-//W3C//DTD XHTML 1.0 Strict//EN" "http://www.w3.org/TR/xhtml1/DTD/xhtml1-strict.dtd">\r\n<html xmlns="http://www.w3.org/1999/xhtml">\r\n<head>\r\n<meta http-equiv="Content-Type" content="text/html; charset=iso-8859-1"/>\r\n<title>404 - File or directory not found.</title>\r\n<style type="text/css">\r\n<!--\r\nbody{margin:0;font-size:.7em;font-family:Verdana, Arial, Helvetica, sans-serif;background:#EEEEEE;}\r\nfieldset{padding:0 15px 10px 15px;} \r\nh1{font-size:2.4em;margin:0;color:#FFF;}\r\nh2{font-size:1.7em;margin:0;color:#CC0000;} \r\nh3{font-size:1.2em;margin:10px 0 0 0;color:#000000;} \r\n#header{width:96%;margin:0 0 0 0;padding:6px 2% 6px 2%;font-family:"trebuchet MS", Verdana, sans-serif;color:#FFF;\r\nbackground-color:#555555;}\r\n#content{margin:0 0 0 2%;position:relative;}\r\n.content-container{background:#FFF;width:96%;margin-top:8px;padding:10px;position:relative;}\r\n-->\r\n</style>\r\n</head>\r\n<body>\r\n<div id="header"><h1>Server Error</h1></div>\r\n<div id="conten ...(1245 bytes total, truncated)
VERBOSE  time=2026-08-01 23:08:31, msg=    Received 404
VERBOSE  time=2026-08-01 23:08:31, msg=Testing distribution point endpoint: http://ps1-psv.mayyhem.com/SMS_DP_SMSPKG$
DEBUG    time=2026-08-01 23:08:31, msg=HTTP GET http://ps1-psv.mayyhem.com/SMS_DP_SMSPKG$ -> 404 (anonymous)
DEBUG    time=2026-08-01 23:08:31, msg=HTTP GET http://ps1-psv.mayyhem.com/SMS_DP_SMSPKG$ content: b'<!DOCTYPE html PUBLIC "-//W3C//DTD XHTML 1.0 Strict//EN" "http://www.w3.org/TR/xhtml1/DTD/xhtml1-strict.dtd">\r\n<html xmlns="http://www.w3.org/1999/xhtml">\r\n<head>\r\n<meta http-equiv="Content-Type" content="text/html; charset=iso-8859-1"/>\r\n<title>404 - File or directory not found.</title>\r\n<style type="text/css">\r\n<!--\r\nbody{margin:0;font-size:.7em;font-family:Verdana, Arial, Helvetica, sans-serif;background:#EEEEEE;}\r\nfieldset{padding:0 15px 10px 15px;} \r\nh1{font-size:2.4em;margin:0;color:#FFF;}\r\nh2{font-size:1.7em;margin:0;color:#CC0000;} \r\nh3{font-size:1.2em;margin:10px 0 0 0;color:#000000;} \r\n#header{width:96%;margin:0 0 0 0;padding:6px 2% 6px 2%;font-family:"trebuchet MS", Verdana, sans-serif;color:#FFF;\r\nbackground-color:#555555;}\r\n#content{margin:0 0 0 2%;position:relative;}\r\n.content-container{background:#FFF;width:96%;margin-top:8px;padding:10px;position:relative;}\r\n-->\r\n</style>\r\n</head>\r\n<body>\r\n<div id="header"><h1>Server Error</h1></div>\r\n<div id="conten ...(1245 bytes total, truncated)
VERBOSE  time=2026-08-01 23:08:31, msg=    Received 404
VERBOSE  time=2026-08-01 23:08:31, msg=Trying connections via https
VERBOSE  time=2026-08-01 23:08:31, msg=Testing management point endpoint: https://ps1-psv.mayyhem.com/SMS_MP/.sms_aut?MPKEYINFORMATION
DEBUG    time=2026-08-01 23:08:31, msg=HTTP GET https://ps1-psv.mayyhem.com/SMS_MP/.sms_aut?MPKEYINFORMATION -> 404 (anonymous)
DEBUG    time=2026-08-01 23:08:31, msg=HTTP GET https://ps1-psv.mayyhem.com/SMS_MP/.sms_aut?MPKEYINFORMATION content: b'<!DOCTYPE html PUBLIC "-//W3C//DTD XHTML 1.0 Strict//EN" "http://www.w3.org/TR/xhtml1/DTD/xhtml1-strict.dtd">\r\n<html xmlns="http://www.w3.org/1999/xhtml">\r\n<head>\r\n<meta http-equiv="Content-Type" content="text/html; charset=iso-8859-1"/>\r\n<title>404 - File or directory not found.</title>\r\n<style type="text/css">\r\n<!--\r\nbody{margin:0;font-size:.7em;font-family:Verdana, Arial, Helvetica, sans-serif;background:#EEEEEE;}\r\nfieldset{padding:0 15px 10px 15px;} \r\nh1{font-size:2.4em;margin:0;color:#FFF;}\r\nh2{font-size:1.7em;margin:0;color:#CC0000;} \r\nh3{font-size:1.2em;margin:10px 0 0 0;color:#000000;} \r\n#header{width:96%;margin:0 0 0 0;padding:6px 2% 6px 2%;font-family:"trebuchet MS", Verdana, sans-serif;color:#FFF;\r\nbackground-color:#555555;}\r\n#content{margin:0 0 0 2%;position:relative;}\r\n.content-container{background:#FFF;width:96%;margin-top:8px;padding:10px;position:relative;}\r\n-->\r\n</style>\r\n</head>\r\n<body>\r\n<div id="header"><h1>Server Error</h1></div>\r\n<div id="conten ...(1245 bytes total, truncated)
VERBOSE  time=2026-08-01 23:08:31, msg=    Received 404
VERBOSE  time=2026-08-01 23:08:31, msg=Testing management point endpoint: https://ps1-psv.mayyhem.com/SMS_MP/.sms_aut?MPLIST
DEBUG    time=2026-08-01 23:08:31, msg=HTTP GET https://ps1-psv.mayyhem.com/SMS_MP/.sms_aut?MPLIST -> 404 (anonymous)
DEBUG    time=2026-08-01 23:08:31, msg=HTTP GET https://ps1-psv.mayyhem.com/SMS_MP/.sms_aut?MPLIST content: b'<!DOCTYPE html PUBLIC "-//W3C//DTD XHTML 1.0 Strict//EN" "http://www.w3.org/TR/xhtml1/DTD/xhtml1-strict.dtd">\r\n<html xmlns="http://www.w3.org/1999/xhtml">\r\n<head>\r\n<meta http-equiv="Content-Type" content="text/html; charset=iso-8859-1"/>\r\n<title>404 - File or directory not found.</title>\r\n<style type="text/css">\r\n<!--\r\nbody{margin:0;font-size:.7em;font-family:Verdana, Arial, Helvetica, sans-serif;background:#EEEEEE;}\r\nfieldset{padding:0 15px 10px 15px;} \r\nh1{font-size:2.4em;margin:0;color:#FFF;}\r\nh2{font-size:1.7em;margin:0;color:#CC0000;} \r\nh3{font-size:1.2em;margin:10px 0 0 0;color:#000000;} \r\n#header{width:96%;margin:0 0 0 0;padding:6px 2% 6px 2%;font-family:"trebuchet MS", Verdana, sans-serif;color:#FFF;\r\nbackground-color:#555555;}\r\n#content{margin:0 0 0 2%;position:relative;}\r\n.content-container{background:#FFF;width:96%;margin-top:8px;padding:10px;position:relative;}\r\n-->\r\n</style>\r\n</head>\r\n<body>\r\n<div id="header"><h1>Server Error</h1></div>\r\n<div id="conten ...(1245 bytes total, truncated)
VERBOSE  time=2026-08-01 23:08:31, msg=    Received 404
VERBOSE  time=2026-08-01 23:08:31, msg=Testing management point endpoint: https://ps1-psv.mayyhem.com/SMS_MP/.sms_aut?SMSTRC
DEBUG    time=2026-08-01 23:08:31, msg=HTTP GET https://ps1-psv.mayyhem.com/SMS_MP/.sms_aut?SMSTRC -> 404 (anonymous)
DEBUG    time=2026-08-01 23:08:31, msg=HTTP GET https://ps1-psv.mayyhem.com/SMS_MP/.sms_aut?SMSTRC content: b'<!DOCTYPE html PUBLIC "-//W3C//DTD XHTML 1.0 Strict//EN" "http://www.w3.org/TR/xhtml1/DTD/xhtml1-strict.dtd">\r\n<html xmlns="http://www.w3.org/1999/xhtml">\r\n<head>\r\n<meta http-equiv="Content-Type" content="text/html; charset=iso-8859-1"/>\r\n<title>404 - File or directory not found.</title>\r\n<style type="text/css">\r\n<!--\r\nbody{margin:0;font-size:.7em;font-family:Verdana, Arial, Helvetica, sans-serif;background:#EEEEEE;}\r\nfieldset{padding:0 15px 10px 15px;} \r\nh1{font-size:2.4em;margin:0;color:#FFF;}\r\nh2{font-size:1.7em;margin:0;color:#CC0000;} \r\nh3{font-size:1.2em;margin:10px 0 0 0;color:#000000;} \r\n#header{width:96%;margin:0 0 0 0;padding:6px 2% 6px 2%;font-family:"trebuchet MS", Verdana, sans-serif;color:#FFF;\r\nbackground-color:#555555;}\r\n#content{margin:0 0 0 2%;position:relative;}\r\n.content-container{background:#FFF;width:96%;margin-top:8px;padding:10px;position:relative;}\r\n-->\r\n</style>\r\n</head>\r\n<body>\r\n<div id="header"><h1>Server Error</h1></div>\r\n<div id="conten ...(1245 bytes total, truncated)
VERBOSE  time=2026-08-01 23:08:31, msg=    Received 404
VERBOSE  time=2026-08-01 23:08:31, msg=Testing management point endpoint: https://ps1-psv.mayyhem.com/SMS_MP/.sms_aut?MPLIST1&CAS
DEBUG    time=2026-08-01 23:08:31, msg=HTTP GET https://ps1-psv.mayyhem.com/SMS_MP/.sms_aut?MPLIST1&CAS -> 404 (anonymous)
DEBUG    time=2026-08-01 23:08:31, msg=HTTP GET https://ps1-psv.mayyhem.com/SMS_MP/.sms_aut?MPLIST1&CAS content: b'<!DOCTYPE html PUBLIC "-//W3C//DTD XHTML 1.0 Strict//EN" "http://www.w3.org/TR/xhtml1/DTD/xhtml1-strict.dtd">\r\n<html xmlns="http://www.w3.org/1999/xhtml">\r\n<head>\r\n<meta http-equiv="Content-Type" content="text/html; charset=iso-8859-1"/>\r\n<title>404 - File or directory not found.</title>\r\n<style type="text/css">\r\n<!--\r\nbody{margin:0;font-size:.7em;font-family:Verdana, Arial, Helvetica, sans-serif;background:#EEEEEE;}\r\nfieldset{padding:0 15px 10px 15px;} \r\nh1{font-size:2.4em;margin:0;color:#FFF;}\r\nh2{font-size:1.7em;margin:0;color:#CC0000;} \r\nh3{font-size:1.2em;margin:10px 0 0 0;color:#000000;} \r\n#header{width:96%;margin:0 0 0 0;padding:6px 2% 6px 2%;font-family:"trebuchet MS", Verdana, sans-serif;color:#FFF;\r\nbackground-color:#555555;}\r\n#content{margin:0 0 0 2%;position:relative;}\r\n.content-container{background:#FFF;width:96%;margin-top:8px;padding:10px;position:relative;}\r\n-->\r\n</style>\r\n</head>\r\n<body>\r\n<div id="header"><h1>Server Error</h1></div>\r\n<div id="conten ...(1245 bytes total, truncated)
VERBOSE  time=2026-08-01 23:08:31, msg=    Received 404
VERBOSE  time=2026-08-01 23:08:31, msg=Testing management point endpoint: https://ps1-psv.mayyhem.com/SMS_MP/.sms_aut?MPLIST1&PS1
DEBUG    time=2026-08-01 23:08:31, msg=HTTP GET https://ps1-psv.mayyhem.com/SMS_MP/.sms_aut?MPLIST1&PS1 -> 404 (anonymous)
DEBUG    time=2026-08-01 23:08:31, msg=HTTP GET https://ps1-psv.mayyhem.com/SMS_MP/.sms_aut?MPLIST1&PS1 content: b'<!DOCTYPE html PUBLIC "-//W3C//DTD XHTML 1.0 Strict//EN" "http://www.w3.org/TR/xhtml1/DTD/xhtml1-strict.dtd">\r\n<html xmlns="http://www.w3.org/1999/xhtml">\r\n<head>\r\n<meta http-equiv="Content-Type" content="text/html; charset=iso-8859-1"/>\r\n<title>404 - File or directory not found.</title>\r\n<style type="text/css">\r\n<!--\r\nbody{margin:0;font-size:.7em;font-family:Verdana, Arial, Helvetica, sans-serif;background:#EEEEEE;}\r\nfieldset{padding:0 15px 10px 15px;} \r\nh1{font-size:2.4em;margin:0;color:#FFF;}\r\nh2{font-size:1.7em;margin:0;color:#CC0000;} \r\nh3{font-size:1.2em;margin:10px 0 0 0;color:#000000;} \r\n#header{width:96%;margin:0 0 0 0;padding:6px 2% 6px 2%;font-family:"trebuchet MS", Verdana, sans-serif;color:#FFF;\r\nbackground-color:#555555;}\r\n#content{margin:0 0 0 2%;position:relative;}\r\n.content-container{background:#FFF;width:96%;margin-top:8px;padding:10px;position:relative;}\r\n-->\r\n</style>\r\n</head>\r\n<body>\r\n<div id="header"><h1>Server Error</h1></div>\r\n<div id="conten ...(1245 bytes total, truncated)
VERBOSE  time=2026-08-01 23:08:31, msg=    Received 404
VERBOSE  time=2026-08-01 23:08:31, msg=Testing distribution point endpoint: https://ps1-psv.mayyhem.com/SMS_DP_SMSPKG$
DEBUG    time=2026-08-01 23:08:31, msg=HTTP GET https://ps1-psv.mayyhem.com/SMS_DP_SMSPKG$ -> 404 (anonymous)
DEBUG    time=2026-08-01 23:08:31, msg=HTTP GET https://ps1-psv.mayyhem.com/SMS_DP_SMSPKG$ content: b'<!DOCTYPE html PUBLIC "-//W3C//DTD XHTML 1.0 Strict//EN" "http://www.w3.org/TR/xhtml1/DTD/xhtml1-strict.dtd">\r\n<html xmlns="http://www.w3.org/1999/xhtml">\r\n<head>\r\n<meta http-equiv="Content-Type" content="text/html; charset=iso-8859-1"/>\r\n<title>404 - File or directory not found.</title>\r\n<style type="text/css">\r\n<!--\r\nbody{margin:0;font-size:.7em;font-family:Verdana, Arial, Helvetica, sans-serif;background:#EEEEEE;}\r\nfieldset{padding:0 15px 10px 15px;} \r\nh1{font-size:2.4em;margin:0;color:#FFF;}\r\nh2{font-size:1.7em;margin:0;color:#CC0000;} \r\nh3{font-size:1.2em;margin:10px 0 0 0;color:#000000;} \r\n#header{width:96%;margin:0 0 0 0;padding:6px 2% 6px 2%;font-family:"trebuchet MS", Verdana, sans-serif;color:#FFF;\r\nbackground-color:#555555;}\r\n#content{margin:0 0 0 2%;position:relative;}\r\n.content-container{background:#FFF;width:96%;margin-top:8px;padding:10px;position:relative;}\r\n-->\r\n</style>\r\n</head>\r\n<body>\r\n<div id="header"><h1>Server Error</h1></div>\r\n<div id="conten ...(1245 bytes total, truncated)
VERBOSE  time=2026-08-01 23:08:31, msg=    Received 404
VERBOSE  time=2026-08-01 23:08:31, msg=Testing SMS Provider endpoint: https://ps1-psv.mayyhem.com/AdminService/wmi/SMS_Identification
DEBUG    time=2026-08-01 23:08:31, msg=HTTP GET https://ps1-psv.mayyhem.com/AdminService/wmi/SMS_Identification -> 401 (anonymous)
DEBUG    time=2026-08-01 23:08:31, msg=HTTP GET https://ps1-psv.mayyhem.com/AdminService/wmi/SMS_Identification content: b''
INFO     time=2026-08-01 23:08:31, msg=[ps1-psv.mayyhem.com][HTTP] Found SMS Provider role on ps1-psv.mayyhem.com
VERBOSE  time=2026-08-01 23:08:31, msg=Already registered target: ps1-psv.mayyhem.com
INFO     time=2026-08-01 23:08:31, msg=[ps1-psv.mayyhem.com][HTTP] HTTP collection completed for ps1-psv.mayyhem.com
INFO     time=2026-08-01 23:08:31, msg=[ps1-psv.mayyhem.com][SMB] Starting SMB collection on ps1-psv.mayyhem.com
INFO     time=2026-08-01 23:08:31, msg=[ps1-psv.mayyhem.com][SMB] Checking SMB signing requirement on ps1-psv.mayyhem.com
INFO     time=2026-08-01 23:08:31, msg=[ps1-psv.mayyhem.com][SMB] SMB signing NOT required on ps1-psv.mayyhem.com (via SMB2 negotiate)
INFO     time=2026-08-01 23:08:31, msg=[ps1-psv.mayyhem.com][SMB] Enumerating SMB shares on ps1-psv.mayyhem.com
VERBOSE  time=2026-08-01 23:08:31, msg=SMB auth: explicit NTLM as MAYYHEM\lowpriv on ps1-psv.mayyhem.com
VERBOSE  time=2026-08-01 23:08:31, msg=Enumerated 6 SMB shares on ps1-psv.mayyhem.com:
VERBOSE  time=2026-08-01 23:08:31, msg=  ADMIN$ (Remote Admin)
VERBOSE  time=2026-08-01 23:08:31, msg=  C$ (Default share)
VERBOSE  time=2026-08-01 23:08:31, msg=  IPC$ (Remote IPC)
VERBOSE  time=2026-08-01 23:08:31, msg=  SMS_PS1 (SMS Site PS1 12/01/25)
VERBOSE  time=2026-08-01 23:08:31, msg=  SMS_SITE (SMS Site PS1 12/01/25)
VERBOSE  time=2026-08-01 23:08:31, msg=  SMS_SUIAgent (SMS Software Update Installation Agent -- 12/01/25)
INFO     time=2026-08-01 23:08:31, msg=[ps1-psv.mayyhem.com][SMB] Found site server for site: PS1
INFO     time=2026-08-01 23:08:31, msg=[ps1-psv.mayyhem.com][SMB] SMB collection completed for ps1-psv.mayyhem.com

========================================================================
# cas-db.mayyhem.com
========================================================================
INFO     time=2026-08-01 23:07:32, msg=[cas-db.mayyhem.com][RemoteRegistry] Starting Remote Registry collection on cas-db.mayyhem.com...
VERBOSE  time=2026-08-01 23:07:32, msg=Probing Remote Registry on cas-db.mayyhem.com (port 445)
VERBOSE  time=2026-08-01 23:07:32, msg=SMB auth: explicit NTLM as MAYYHEM\lowpriv on cas-db.mayyhem.com
VERBOSE  time=2026-08-01 23:07:32, msg=Remote Registry bind to cas-db.mayyhem.com succeeded on attempt 1
VERBOSE  time=2026-08-01 23:07:32, msg=Querying SOFTWARE\Microsoft\SMS\CurrentUser for logged-in user's domain SID
VERBOSE  time=2026-08-01 23:07:32, msg=Enumerating values under SOFTWARE\Microsoft\SMS\CurrentUser
VERBOSE  time=2026-08-01 23:07:32, msg=Access denied reading values under registry key SOFTWARE\Microsoft\SMS\CurrentUser on cas-db.mayyhem.com
VERBOSE  time=2026-08-01 23:07:32, msg=No values readable under SOFTWARE\Microsoft\SMS\CurrentUser on cas-db.mayyhem.com
VERBOSE  time=2026-08-01 23:07:32, msg=Querying SYSTEM\CurrentControlSet\Services\LanManServer\Parameters for SMB signing requirements
VERBOSE  time=2026-08-01 23:07:32, msg=Reading DWORD value RequireSecuritySignature under SYSTEM\CurrentControlSet\Services\LanManServer\Parameters on cas-db.mayyhem.com
VERBOSE  time=2026-08-01 23:07:32, msg=Access denied reading DWORD value RequireSecuritySignature under SYSTEM\CurrentControlSet\Services\LanManServer\Parameters on cas-db.mayyhem.com
VERBOSE  time=2026-08-01 23:07:32, msg=SMB signing required (negotiate fallback): False
VERBOSE  time=2026-08-01 23:07:32, msg=Querying SYSTEM\CurrentControlSet\Control\Lsa\MSV1_0 for NTLM settings
VERBOSE  time=2026-08-01 23:07:32, msg=Reading DWORD value RestrictReceivingNTLMTraffic under SYSTEM\CurrentControlSet\Control\Lsa\MSV1_0 on cas-db.mayyhem.com
VERBOSE  time=2026-08-01 23:07:33, msg=Access denied reading DWORD value RestrictReceivingNTLMTraffic under SYSTEM\CurrentControlSet\Control\Lsa\MSV1_0 on cas-db.mayyhem.com
VERBOSE  time=2026-08-01 23:07:33, msg=Querying SYSTEM\CurrentControlSet\Control\Lsa for LSA settings
VERBOSE  time=2026-08-01 23:07:33, msg=Reading DWORD value DisableLoopbackCheck under SYSTEM\CurrentControlSet\Control\Lsa on cas-db.mayyhem.com
VERBOSE  time=2026-08-01 23:07:33, msg=Access denied reading DWORD value DisableLoopbackCheck under SYSTEM\CurrentControlSet\Control\Lsa on cas-db.mayyhem.com
VERBOSE  time=2026-08-01 23:07:33, msg=Enumerating values under SOFTWARE\Microsoft\Microsoft SQL Server\Instance Names\SQL
VERBOSE  time=2026-08-01 23:07:33, msg=Access denied reading values under registry key SOFTWARE\Microsoft\Microsoft SQL Server\Instance Names\SQL on cas-db.mayyhem.com
VERBOSE  time=2026-08-01 23:07:33, msg=No SQL Server instance inventory at SOFTWARE\Microsoft\Microsoft SQL Server\Instance Names\SQL on cas-db.mayyhem.com; trying the legacy path only
VERBOSE  time=2026-08-01 23:07:33, msg=Enumerating values under SOFTWARE\Microsoft\MSSQLServer\MSSQLServer\SuperSocketNetLib
VERBOSE  time=2026-08-01 23:07:33, msg=Access denied reading values under registry key SOFTWARE\Microsoft\MSSQLServer\MSSQLServer\SuperSocketNetLib on cas-db.mayyhem.com
VERBOSE  time=2026-08-01 23:07:33, msg=SQL Server network settings denied on cas-db.mayyhem.com; reported in the denial summary.
VERBOSE  time=2026-08-01 23:07:33, msg=Querying SOFTWARE\Microsoft\SMS\Triggers for SCCM site code
VERBOSE  time=2026-08-01 23:07:33, msg=Enumerating subkeys under SOFTWARE\Microsoft\SMS\Triggers
VERBOSE  time=2026-08-01 23:07:33, msg=Access denied reading subkeys of registry key SOFTWARE\Microsoft\SMS\Triggers on cas-db.mayyhem.com
WARNING  time=2026-08-01 23:07:33, msg=[cas-db.mayyhem.com][RemoteRegistry] Access denied reading SOFTWARE\Microsoft\SMS\Triggers on cas-db.mayyhem.com, so the site code is unknown and the remaining Remote Registry checks are skipped. This host may still be a site system -- re-run with an account that can read the key to find out.
INFO     time=2026-08-01 23:07:33, msg=[cas-db.mayyhem.com][RemoteRegistry] Remote Registry collection completed for cas-db.mayyhem.com
WARNING  time=2026-08-01 23:07:33, msg=[cas-db.mayyhem.com][RemoteRegistry] 7 registry read(s) denied on cas-db.mayyhem.com -- not collected: SCCM site code, site-system roles and logged-on user; SMB signing requirement; NTLM restrictions and loopback-check setting; SQL Server encryption / Extended Protection settings. The host-hardening and SQL Server keys require local Administrators on the target; re-run with an administrative account to collect them. Per-read detail is in the full log.
VERBOSE  time=2026-08-01 23:07:33, msg=Disconnecting Remote Registry on cas-db.mayyhem.com
VERBOSE  time=2026-08-01 23:07:33, msg=Logging off SMB on cas-db.mayyhem.com
INFO     time=2026-08-01 23:07:33, msg=[cas-db.mayyhem.com][MSSQL] Starting MSSQL collection on cas-db.mayyhem.com
INFO     time=2026-08-01 23:07:33, msg=[cas-db.mayyhem.com][MSSQL] Querying SPNs for cas-db.mayyhem.com
VERBOSE  time=2026-08-01 23:07:33, msg=LDAP search: base=DC=mayyhem,DC=com filter=(dNSHostName=cas-db.mayyhem.com)
VERBOSE  time=2026-08-01 23:07:33, msg=LDAP search complete: entries=1 pages=1
INFO     time=2026-08-01 23:07:33, msg=[cas-db.mayyhem.com][MSSQL] Searching AD for MSSQLSvc SPNs naming host cas-db.mayyhem.com
VERBOSE  time=2026-08-01 23:07:33, msg=LDAP search: base=DC=mayyhem,DC=com filter=(servicePrincipalName=MSSQLSvc/cas-db.mayyhem.com*)
VERBOSE  time=2026-08-01 23:07:33, msg=LDAP search complete: entries=1 pages=1
INFO     time=2026-08-01 23:07:33, msg=[cas-db.mayyhem.com][MSSQL] MSSQLSvc SPN for cas-db.mayyhem.com is held by sqlsccmsvc (S-1-5-21-3242052782-1287495003-4091326449-1116)
INFO     time=2026-08-01 23:07:33, msg=[cas-db.mayyhem.com][MSSQL] MSSQLSvc SPN for cas-db.mayyhem.com is held by another principal (service account)
INFO     time=2026-08-01 23:07:33, msg=[cas-db.mayyhem.com][MSSQL] MSSQL port 1433 is open
INFO     time=2026-08-01 23:07:33, msg=[cas-db.mayyhem.com][MSSQL] EPA testing cas-db.mayyhem.com via explicit credentials for MAYYHEM\lowpriv
DEBUG    time=2026-08-01 23:07:33, msg=TDS 7.x: negotiating TLS-over-TDS (capped at TLS 1.2)
DEBUG    time=2026-08-01 23:07:33, msg=TDS 7.x TLS established (tls_unique=present)
DEBUG    time=2026-08-01 23:07:34, msg=NTLM type3 MIC computed (service=MSSQLSvc, cbt_len=0)
DEBUG    time=2026-08-01 23:07:34, msg=EPA probe normal on cas-db.mayyhem.com: (cas-db) Login failed for user 'MAYYHEM\lowpriv'.
VERBOSE  time=2026-08-01 23:07:34, msg=EPA: unencrypted connection to cas-db.mayyhem.com:1433; probing service binding
DEBUG    time=2026-08-01 23:07:34, msg=TDS 7.x: negotiating TLS-over-TDS (capped at TLS 1.2)
DEBUG    time=2026-08-01 23:07:34, msg=TDS 7.x TLS established (tls_unique=present)
DEBUG    time=2026-08-01 23:07:34, msg=NTLM type3 MIC computed (service=cifs, cbt_len=0)
DEBUG    time=2026-08-01 23:07:34, msg=EPA probe bogus_service on cas-db.mayyhem.com: (cas-db) Login failed for user 'MAYYHEM\lowpriv'.
INFO     time=2026-08-01 23:07:34, msg=[cas-db.mayyhem.com][MSSQL] EPA verdict for cas-db.mayyhem.com:1433: {'forceEncryption': False, 'extendedProtection': 'Off', 'strictEncryption': False, 'encryptionFlag': 0, 'unmodifiedSuccess': False}
INFO     time=2026-08-01 23:07:34, msg=[cas-db.mayyhem.com][MSSQL] MSSQL collection completed for cas-db.mayyhem.com:1433
INFO     time=2026-08-01 23:07:34, msg=[cas-db.mayyhem.com][AdminService] Starting AdminService collection on cas-db.mayyhem.com...
DEBUG    time=2026-08-01 23:07:34, msg=auth ladder: explicit creds -> Kerberos, NTLM fallback for cas-db.mayyhem.com
VERBOSE  time=2026-08-01 23:07:34, msg=Kerberos: requesting TGT+TGS for HTTP/cas-db.mayyhem.com from KDC dc.mayyhem.com
VERBOSE  time=2026-08-01 23:08:25, msg=HTTP Negotiate(kerberos) protocol failure on https://cas-db.mayyhem.com/AdminService/wmi/SMS_Identification?$select=ThisSiteCode,ThisSiteName: HTTPSConnectionPool(host='cas-db.mayyhem.com', port=443): Max retries exceeded with url: /AdminService/wmi/SMS_Identification?$select=ThisSiteCode,ThisSiteName (Caused by NewConnectionError("HTTPSConnection(host='cas-db.mayyhem.com', port=443): Failed to establish a new connection: [WinError 10061] No connection could be made because the target machine actively refused it"))
VERBOSE  time=2026-08-01 23:08:27, msg=HTTP Negotiate(ntlm) protocol failure on https://cas-db.mayyhem.com/AdminService/wmi/SMS_Identification?$select=ThisSiteCode,ThisSiteName: HTTPSConnectionPool(host='cas-db.mayyhem.com', port=443): Max retries exceeded with url: /AdminService/wmi/SMS_Identification?$select=ThisSiteCode,ThisSiteName (Caused by NewConnectionError("HTTPSConnection(host='cas-db.mayyhem.com', port=443): Failed to establish a new connection: [WinError 10061] No connection could be made because the target machine actively refused it"))
VERBOSE  time=2026-08-01 23:08:27, msg=HTTP Negotiate exhausted all rungs (['kerberos', 'ntlm']) on https://cas-db.mayyhem.com/AdminService/wmi/SMS_Identification?$select=ThisSiteCode,ThisSiteName
VERBOSE  time=2026-08-01 23:08:27, msg=AdminService GET /AdminService/wmi/SMS_Identification?$select=ThisSiteCode,ThisSiteName failed to connect
INFO     time=2026-08-01 23:08:27, msg=[cas-db.mayyhem.com][AdminService] cas-db.mayyhem.com is not a reachable AdminService provider; skipping
INFO     time=2026-08-01 23:08:27, msg=[cas-db.mayyhem.com][WMI] Starting WMI collection on cas-db.mayyhem.com...
VERBOSE  time=2026-08-01 23:08:27, msg=WMI query on cas-db.mayyhem.com (root\SMS): SELECT * FROM SMS_ProviderLocation
DEBUG    time=2026-08-01 23:08:27, msg=auth ladder: explicit creds -> Kerberos, NTLM fallback for cas-db.mayyhem.com
VERBOSE  time=2026-08-01 23:08:27, msg=WMI Kerberos rung on cas-db.mayyhem.com: no --ticket supplied and no Kerberos credential cache (KRB5CCNAME is unset), so a fresh TGT is requested with the supplied credentials. impacket's 'CCache file is not found' notice is expected here.
VERBOSE  time=2026-08-01 23:08:27, msg=WMI auth attempt on cas-db.mayyhem.com via kerberos
DEBUG    time=2026-08-01 23:08:27, msg=CCache file is not found. Skipping...
VERBOSE  time=2026-08-01 23:08:27, msg=WMI kerberos rung failed on cas-db.mayyhem.com: rpc_s_access_denied
VERBOSE  time=2026-08-01 23:08:27, msg=WMI auth attempt on cas-db.mayyhem.com via ntlm
VERBOSE  time=2026-08-01 23:08:27, msg=WMI ntlm rung failed on cas-db.mayyhem.com: rpc_s_access_denied
INFO     time=2026-08-01 23:08:27, msg=[cas-db.mayyhem.com][WMI] WMI auth ladder exhausted on cas-db.mayyhem.com (['kerberos', 'ntlm'])
INFO     time=2026-08-01 23:08:27, msg=[cas-db.mayyhem.com][WMI] WMI SMS_ProviderLocation returned nothing (rung exhausted or not a provider)
INFO     time=2026-08-01 23:08:27, msg=[cas-db.mayyhem.com][WMI] cas-db.mayyhem.com is not a reachable SMS Provider over WMI; skipping
INFO     time=2026-08-01 23:08:27, msg=[cas-db.mayyhem.com][HTTP] Attempting HTTP collection on: cas-db.mayyhem.com
VERBOSE  time=2026-08-01 23:08:27, msg=Probing MP site signing certificate issuer on: cas-db.mayyhem.com
DEBUG    time=2026-08-01 23:08:27, msg=HTTP GET http://cas-db.mayyhem.com/SMS_MP/.sms_aut?sitesigncert -> 404 (anonymous)
DEBUG    time=2026-08-01 23:08:27, msg=HTTP GET http://cas-db.mayyhem.com/SMS_MP/.sms_aut?sitesigncert content: b'<!DOCTYPE html PUBLIC "-//W3C//DTD XHTML 1.0 Strict//EN" "http://www.w3.org/TR/xhtml1/DTD/xhtml1-strict.dtd">\r\n<html xmlns="http://www.w3.org/1999/xhtml">\r\n<head>\r\n<meta http-equiv="Content-Type" content="text/html; charset=iso-8859-1"/>\r\n<title>404 - File or directory not found.</title>\r\n<style type="text/css">\r\n<!--\r\nbody{margin:0;font-size:.7em;font-family:Verdana, Arial, Helvetica, sans-serif;background:#EEEEEE;}\r\nfieldset{padding:0 15px 10px 15px;} \r\nh1{font-size:2.4em;margin:0;color:#FFF;}\r\nh2{font-size:1.7em;margin:0;color:#CC0000;} \r\nh3{font-size:1.2em;margin:10px 0 0 0;color:#000000;} \r\n#header{width:96%;margin:0 0 0 0;padding:6px 2% 6px 2%;font-family:"trebuchet MS", Verdana, sans-serif;color:#FFF;\r\nbackground-color:#555555;}\r\n#content{margin:0 0 0 2%;position:relative;}\r\n.content-container{background:#FFF;width:96%;margin-top:8px;padding:10px;position:relative;}\r\n-->\r\n</style>\r\n</head>\r\n<body>\r\n<div id="header"><h1>Server Error</h1></div>\r\n<div id="conten ...(1245 bytes total, truncated)
VERBOSE  time=2026-08-01 23:08:27, msg=sitesigncert not available via http on cas-db.mayyhem.com
VERBOSE  time=2026-08-01 23:08:29, msg=HTTP GET https://cas-db.mayyhem.com/SMS_MP/.sms_aut?sitesigncert failed (connect): HTTPSConnectionPool(host='cas-db.mayyhem.com', port=443): Max retries exceeded with url: /SMS_MP/.sms_aut?sitesigncert (Caused by NewConnectionError("HTTPSConnection(host='cas-db.mayyhem.com', port=443): Failed to establish a new connection: [WinError 10061] No connection could be made because the target machine actively refused it"))
VERBOSE  time=2026-08-01 23:08:29, msg=sitesigncert not available via https on cas-db.mayyhem.com
VERBOSE  time=2026-08-01 23:08:29, msg=No Site Server issuer detected via sitesigncert on cas-db.mayyhem.com
VERBOSE  time=2026-08-01 23:08:29, msg=Trying connections via http
VERBOSE  time=2026-08-01 23:08:29, msg=Testing management point endpoint: http://cas-db.mayyhem.com/SMS_MP/.sms_aut?MPKEYINFORMATION
DEBUG    time=2026-08-01 23:08:29, msg=HTTP GET http://cas-db.mayyhem.com/SMS_MP/.sms_aut?MPKEYINFORMATION -> 404 (anonymous)
DEBUG    time=2026-08-01 23:08:29, msg=HTTP GET http://cas-db.mayyhem.com/SMS_MP/.sms_aut?MPKEYINFORMATION content: b'<!DOCTYPE html PUBLIC "-//W3C//DTD XHTML 1.0 Strict//EN" "http://www.w3.org/TR/xhtml1/DTD/xhtml1-strict.dtd">\r\n<html xmlns="http://www.w3.org/1999/xhtml">\r\n<head>\r\n<meta http-equiv="Content-Type" content="text/html; charset=iso-8859-1"/>\r\n<title>404 - File or directory not found.</title>\r\n<style type="text/css">\r\n<!--\r\nbody{margin:0;font-size:.7em;font-family:Verdana, Arial, Helvetica, sans-serif;background:#EEEEEE;}\r\nfieldset{padding:0 15px 10px 15px;} \r\nh1{font-size:2.4em;margin:0;color:#FFF;}\r\nh2{font-size:1.7em;margin:0;color:#CC0000;} \r\nh3{font-size:1.2em;margin:10px 0 0 0;color:#000000;} \r\n#header{width:96%;margin:0 0 0 0;padding:6px 2% 6px 2%;font-family:"trebuchet MS", Verdana, sans-serif;color:#FFF;\r\nbackground-color:#555555;}\r\n#content{margin:0 0 0 2%;position:relative;}\r\n.content-container{background:#FFF;width:96%;margin-top:8px;padding:10px;position:relative;}\r\n-->\r\n</style>\r\n</head>\r\n<body>\r\n<div id="header"><h1>Server Error</h1></div>\r\n<div id="conten ...(1245 bytes total, truncated)
VERBOSE  time=2026-08-01 23:08:29, msg=    Received 404
VERBOSE  time=2026-08-01 23:08:29, msg=Testing management point endpoint: http://cas-db.mayyhem.com/SMS_MP/.sms_aut?MPLIST
DEBUG    time=2026-08-01 23:08:29, msg=HTTP GET http://cas-db.mayyhem.com/SMS_MP/.sms_aut?MPLIST -> 404 (anonymous)
DEBUG    time=2026-08-01 23:08:29, msg=HTTP GET http://cas-db.mayyhem.com/SMS_MP/.sms_aut?MPLIST content: b'<!DOCTYPE html PUBLIC "-//W3C//DTD XHTML 1.0 Strict//EN" "http://www.w3.org/TR/xhtml1/DTD/xhtml1-strict.dtd">\r\n<html xmlns="http://www.w3.org/1999/xhtml">\r\n<head>\r\n<meta http-equiv="Content-Type" content="text/html; charset=iso-8859-1"/>\r\n<title>404 - File or directory not found.</title>\r\n<style type="text/css">\r\n<!--\r\nbody{margin:0;font-size:.7em;font-family:Verdana, Arial, Helvetica, sans-serif;background:#EEEEEE;}\r\nfieldset{padding:0 15px 10px 15px;} \r\nh1{font-size:2.4em;margin:0;color:#FFF;}\r\nh2{font-size:1.7em;margin:0;color:#CC0000;} \r\nh3{font-size:1.2em;margin:10px 0 0 0;color:#000000;} \r\n#header{width:96%;margin:0 0 0 0;padding:6px 2% 6px 2%;font-family:"trebuchet MS", Verdana, sans-serif;color:#FFF;\r\nbackground-color:#555555;}\r\n#content{margin:0 0 0 2%;position:relative;}\r\n.content-container{background:#FFF;width:96%;margin-top:8px;padding:10px;position:relative;}\r\n-->\r\n</style>\r\n</head>\r\n<body>\r\n<div id="header"><h1>Server Error</h1></div>\r\n<div id="conten ...(1245 bytes total, truncated)
VERBOSE  time=2026-08-01 23:08:29, msg=    Received 404
VERBOSE  time=2026-08-01 23:08:29, msg=Testing management point endpoint: http://cas-db.mayyhem.com/SMS_MP/.sms_aut?SMSTRC
DEBUG    time=2026-08-01 23:08:29, msg=HTTP GET http://cas-db.mayyhem.com/SMS_MP/.sms_aut?SMSTRC -> 404 (anonymous)
DEBUG    time=2026-08-01 23:08:29, msg=HTTP GET http://cas-db.mayyhem.com/SMS_MP/.sms_aut?SMSTRC content: b'<!DOCTYPE html PUBLIC "-//W3C//DTD XHTML 1.0 Strict//EN" "http://www.w3.org/TR/xhtml1/DTD/xhtml1-strict.dtd">\r\n<html xmlns="http://www.w3.org/1999/xhtml">\r\n<head>\r\n<meta http-equiv="Content-Type" content="text/html; charset=iso-8859-1"/>\r\n<title>404 - File or directory not found.</title>\r\n<style type="text/css">\r\n<!--\r\nbody{margin:0;font-size:.7em;font-family:Verdana, Arial, Helvetica, sans-serif;background:#EEEEEE;}\r\nfieldset{padding:0 15px 10px 15px;} \r\nh1{font-size:2.4em;margin:0;color:#FFF;}\r\nh2{font-size:1.7em;margin:0;color:#CC0000;} \r\nh3{font-size:1.2em;margin:10px 0 0 0;color:#000000;} \r\n#header{width:96%;margin:0 0 0 0;padding:6px 2% 6px 2%;font-family:"trebuchet MS", Verdana, sans-serif;color:#FFF;\r\nbackground-color:#555555;}\r\n#content{margin:0 0 0 2%;position:relative;}\r\n.content-container{background:#FFF;width:96%;margin-top:8px;padding:10px;position:relative;}\r\n-->\r\n</style>\r\n</head>\r\n<body>\r\n<div id="header"><h1>Server Error</h1></div>\r\n<div id="conten ...(1245 bytes total, truncated)
VERBOSE  time=2026-08-01 23:08:29, msg=    Received 404
VERBOSE  time=2026-08-01 23:08:29, msg=Testing management point endpoint: http://cas-db.mayyhem.com/SMS_MP/.sms_aut?MPLIST1&CAS
DEBUG    time=2026-08-01 23:08:29, msg=HTTP GET http://cas-db.mayyhem.com/SMS_MP/.sms_aut?MPLIST1&CAS -> 404 (anonymous)
DEBUG    time=2026-08-01 23:08:29, msg=HTTP GET http://cas-db.mayyhem.com/SMS_MP/.sms_aut?MPLIST1&CAS content: b'<!DOCTYPE html PUBLIC "-//W3C//DTD XHTML 1.0 Strict//EN" "http://www.w3.org/TR/xhtml1/DTD/xhtml1-strict.dtd">\r\n<html xmlns="http://www.w3.org/1999/xhtml">\r\n<head>\r\n<meta http-equiv="Content-Type" content="text/html; charset=iso-8859-1"/>\r\n<title>404 - File or directory not found.</title>\r\n<style type="text/css">\r\n<!--\r\nbody{margin:0;font-size:.7em;font-family:Verdana, Arial, Helvetica, sans-serif;background:#EEEEEE;}\r\nfieldset{padding:0 15px 10px 15px;} \r\nh1{font-size:2.4em;margin:0;color:#FFF;}\r\nh2{font-size:1.7em;margin:0;color:#CC0000;} \r\nh3{font-size:1.2em;margin:10px 0 0 0;color:#000000;} \r\n#header{width:96%;margin:0 0 0 0;padding:6px 2% 6px 2%;font-family:"trebuchet MS", Verdana, sans-serif;color:#FFF;\r\nbackground-color:#555555;}\r\n#content{margin:0 0 0 2%;position:relative;}\r\n.content-container{background:#FFF;width:96%;margin-top:8px;padding:10px;position:relative;}\r\n-->\r\n</style>\r\n</head>\r\n<body>\r\n<div id="header"><h1>Server Error</h1></div>\r\n<div id="conten ...(1245 bytes total, truncated)
VERBOSE  time=2026-08-01 23:08:29, msg=    Received 404
VERBOSE  time=2026-08-01 23:08:29, msg=Testing management point endpoint: http://cas-db.mayyhem.com/SMS_MP/.sms_aut?MPLIST1&PS1
DEBUG    time=2026-08-01 23:08:29, msg=HTTP GET http://cas-db.mayyhem.com/SMS_MP/.sms_aut?MPLIST1&PS1 -> 404 (anonymous)
DEBUG    time=2026-08-01 23:08:29, msg=HTTP GET http://cas-db.mayyhem.com/SMS_MP/.sms_aut?MPLIST1&PS1 content: b'<!DOCTYPE html PUBLIC "-//W3C//DTD XHTML 1.0 Strict//EN" "http://www.w3.org/TR/xhtml1/DTD/xhtml1-strict.dtd">\r\n<html xmlns="http://www.w3.org/1999/xhtml">\r\n<head>\r\n<meta http-equiv="Content-Type" content="text/html; charset=iso-8859-1"/>\r\n<title>404 - File or directory not found.</title>\r\n<style type="text/css">\r\n<!--\r\nbody{margin:0;font-size:.7em;font-family:Verdana, Arial, Helvetica, sans-serif;background:#EEEEEE;}\r\nfieldset{padding:0 15px 10px 15px;} \r\nh1{font-size:2.4em;margin:0;color:#FFF;}\r\nh2{font-size:1.7em;margin:0;color:#CC0000;} \r\nh3{font-size:1.2em;margin:10px 0 0 0;color:#000000;} \r\n#header{width:96%;margin:0 0 0 0;padding:6px 2% 6px 2%;font-family:"trebuchet MS", Verdana, sans-serif;color:#FFF;\r\nbackground-color:#555555;}\r\n#content{margin:0 0 0 2%;position:relative;}\r\n.content-container{background:#FFF;width:96%;margin-top:8px;padding:10px;position:relative;}\r\n-->\r\n</style>\r\n</head>\r\n<body>\r\n<div id="header"><h1>Server Error</h1></div>\r\n<div id="conten ...(1245 bytes total, truncated)
VERBOSE  time=2026-08-01 23:08:29, msg=    Received 404
VERBOSE  time=2026-08-01 23:08:29, msg=Testing distribution point endpoint: http://cas-db.mayyhem.com/SMS_DP_SMSPKG$
DEBUG    time=2026-08-01 23:08:29, msg=HTTP GET http://cas-db.mayyhem.com/SMS_DP_SMSPKG$ -> 404 (anonymous)
DEBUG    time=2026-08-01 23:08:29, msg=HTTP GET http://cas-db.mayyhem.com/SMS_DP_SMSPKG$ content: b'<!DOCTYPE html PUBLIC "-//W3C//DTD XHTML 1.0 Strict//EN" "http://www.w3.org/TR/xhtml1/DTD/xhtml1-strict.dtd">\r\n<html xmlns="http://www.w3.org/1999/xhtml">\r\n<head>\r\n<meta http-equiv="Content-Type" content="text/html; charset=iso-8859-1"/>\r\n<title>404 - File or directory not found.</title>\r\n<style type="text/css">\r\n<!--\r\nbody{margin:0;font-size:.7em;font-family:Verdana, Arial, Helvetica, sans-serif;background:#EEEEEE;}\r\nfieldset{padding:0 15px 10px 15px;} \r\nh1{font-size:2.4em;margin:0;color:#FFF;}\r\nh2{font-size:1.7em;margin:0;color:#CC0000;} \r\nh3{font-size:1.2em;margin:10px 0 0 0;color:#000000;} \r\n#header{width:96%;margin:0 0 0 0;padding:6px 2% 6px 2%;font-family:"trebuchet MS", Verdana, sans-serif;color:#FFF;\r\nbackground-color:#555555;}\r\n#content{margin:0 0 0 2%;position:relative;}\r\n.content-container{background:#FFF;width:96%;margin-top:8px;padding:10px;position:relative;}\r\n-->\r\n</style>\r\n</head>\r\n<body>\r\n<div id="header"><h1>Server Error</h1></div>\r\n<div id="conten ...(1245 bytes total, truncated)
VERBOSE  time=2026-08-01 23:08:29, msg=    Received 404
VERBOSE  time=2026-08-01 23:08:29, msg=Trying connections via https
VERBOSE  time=2026-08-01 23:08:29, msg=Testing management point endpoint: https://cas-db.mayyhem.com/SMS_MP/.sms_aut?MPKEYINFORMATION
VERBOSE  time=2026-08-01 23:08:31, msg=HTTP GET https://cas-db.mayyhem.com/SMS_MP/.sms_aut?MPKEYINFORMATION failed (connect): HTTPSConnectionPool(host='cas-db.mayyhem.com', port=443): Max retries exceeded with url: /SMS_MP/.sms_aut?MPKEYINFORMATION (Caused by NewConnectionError("HTTPSConnection(host='cas-db.mayyhem.com', port=443): Failed to establish a new connection: [WinError 10061] No connection could be made because the target machine actively refused it"))
WARNING  time=2026-08-01 23:08:31, msg=[cas-db.mayyhem.com][HTTP] Unable to connect to https://cas-db.mayyhem.com/SMS_MP/.sms_aut?MPKEYINFORMATION (connect) - skipping remaining HTTP checks
VERBOSE  time=2026-08-01 23:08:31, msg=Testing SMS Provider endpoint: https://cas-db.mayyhem.com/AdminService/wmi/SMS_Identification
VERBOSE  time=2026-08-01 23:08:34, msg=HTTP GET https://cas-db.mayyhem.com/AdminService/wmi/SMS_Identification failed (connect): HTTPSConnectionPool(host='cas-db.mayyhem.com', port=443): Max retries exceeded with url: /AdminService/wmi/SMS_Identification (Caused by NewConnectionError("HTTPSConnection(host='cas-db.mayyhem.com', port=443): Failed to establish a new connection: [WinError 10061] No connection could be made because the target machine actively refused it"))
WARNING  time=2026-08-01 23:08:34, msg=[cas-db.mayyhem.com][HTTP] Unable to connect to https://cas-db.mayyhem.com/AdminService/wmi/SMS_Identification (connect) - skipping remaining HTTP checks
INFO     time=2026-08-01 23:08:34, msg=[cas-db.mayyhem.com][HTTP] HTTP collection completed for cas-db.mayyhem.com
INFO     time=2026-08-01 23:08:34, msg=[cas-db.mayyhem.com][SMB] Starting SMB collection on cas-db.mayyhem.com
INFO     time=2026-08-01 23:08:34, msg=[cas-db.mayyhem.com][SMB] Checking SMB signing requirement on cas-db.mayyhem.com
INFO     time=2026-08-01 23:08:34, msg=[cas-db.mayyhem.com][SMB] SMB signing NOT required on cas-db.mayyhem.com (via SMB2 negotiate)
INFO     time=2026-08-01 23:08:34, msg=[cas-db.mayyhem.com][SMB] Enumerating SMB shares on cas-db.mayyhem.com
VERBOSE  time=2026-08-01 23:08:34, msg=SMB auth: explicit NTLM as MAYYHEM\lowpriv on cas-db.mayyhem.com
VERBOSE  time=2026-08-01 23:08:34, msg=Enumerated 3 SMB shares on cas-db.mayyhem.com:
VERBOSE  time=2026-08-01 23:08:34, msg=  ADMIN$ (Remote Admin)
VERBOSE  time=2026-08-01 23:08:34, msg=  C$ (Default share)
VERBOSE  time=2026-08-01 23:08:34, msg=  IPC$ (Remote IPC)
INFO     time=2026-08-01 23:08:34, msg=[cas-db.mayyhem.com][SMB] No SCCM-specific shares found on cas-db.mayyhem.com
INFO     time=2026-08-01 23:08:34, msg=[cas-db.mayyhem.com][SMB] SMB collection completed for cas-db.mayyhem.com

========================================================================
# ps1-db.mayyhem.com
========================================================================
INFO     time=2026-08-01 23:08:24, msg=[ps1-db.mayyhem.com][RemoteRegistry] Starting Remote Registry collection on ps1-db.mayyhem.com...
VERBOSE  time=2026-08-01 23:08:24, msg=Probing Remote Registry on ps1-db.mayyhem.com (port 445)
VERBOSE  time=2026-08-01 23:08:24, msg=SMB auth: explicit NTLM as MAYYHEM\lowpriv on ps1-db.mayyhem.com
VERBOSE  time=2026-08-01 23:08:24, msg=Remote Registry bind to ps1-db.mayyhem.com succeeded on attempt 1
VERBOSE  time=2026-08-01 23:08:24, msg=Querying SOFTWARE\Microsoft\SMS\CurrentUser for logged-in user's domain SID
VERBOSE  time=2026-08-01 23:08:24, msg=Enumerating values under SOFTWARE\Microsoft\SMS\CurrentUser
VERBOSE  time=2026-08-01 23:08:24, msg=Access denied reading values under registry key SOFTWARE\Microsoft\SMS\CurrentUser on ps1-db.mayyhem.com
VERBOSE  time=2026-08-01 23:08:24, msg=No values readable under SOFTWARE\Microsoft\SMS\CurrentUser on ps1-db.mayyhem.com
VERBOSE  time=2026-08-01 23:08:24, msg=Querying SYSTEM\CurrentControlSet\Services\LanManServer\Parameters for SMB signing requirements
VERBOSE  time=2026-08-01 23:08:24, msg=Reading DWORD value RequireSecuritySignature under SYSTEM\CurrentControlSet\Services\LanManServer\Parameters on ps1-db.mayyhem.com
VERBOSE  time=2026-08-01 23:08:24, msg=Access denied reading DWORD value RequireSecuritySignature under SYSTEM\CurrentControlSet\Services\LanManServer\Parameters on ps1-db.mayyhem.com
VERBOSE  time=2026-08-01 23:08:24, msg=SMB signing required (negotiate fallback): False
VERBOSE  time=2026-08-01 23:08:24, msg=Querying SYSTEM\CurrentControlSet\Control\Lsa\MSV1_0 for NTLM settings
VERBOSE  time=2026-08-01 23:08:24, msg=Reading DWORD value RestrictReceivingNTLMTraffic under SYSTEM\CurrentControlSet\Control\Lsa\MSV1_0 on ps1-db.mayyhem.com
VERBOSE  time=2026-08-01 23:08:24, msg=Access denied reading DWORD value RestrictReceivingNTLMTraffic under SYSTEM\CurrentControlSet\Control\Lsa\MSV1_0 on ps1-db.mayyhem.com
VERBOSE  time=2026-08-01 23:08:24, msg=Querying SYSTEM\CurrentControlSet\Control\Lsa for LSA settings
VERBOSE  time=2026-08-01 23:08:24, msg=Reading DWORD value DisableLoopbackCheck under SYSTEM\CurrentControlSet\Control\Lsa on ps1-db.mayyhem.com
VERBOSE  time=2026-08-01 23:08:24, msg=Access denied reading DWORD value DisableLoopbackCheck under SYSTEM\CurrentControlSet\Control\Lsa on ps1-db.mayyhem.com
VERBOSE  time=2026-08-01 23:08:24, msg=Enumerating values under SOFTWARE\Microsoft\Microsoft SQL Server\Instance Names\SQL
VERBOSE  time=2026-08-01 23:08:24, msg=Access denied reading values under registry key SOFTWARE\Microsoft\Microsoft SQL Server\Instance Names\SQL on ps1-db.mayyhem.com
VERBOSE  time=2026-08-01 23:08:24, msg=No SQL Server instance inventory at SOFTWARE\Microsoft\Microsoft SQL Server\Instance Names\SQL on ps1-db.mayyhem.com; trying the legacy path only
VERBOSE  time=2026-08-01 23:08:24, msg=Enumerating values under SOFTWARE\Microsoft\MSSQLServer\MSSQLServer\SuperSocketNetLib
VERBOSE  time=2026-08-01 23:08:24, msg=Access denied reading values under registry key SOFTWARE\Microsoft\MSSQLServer\MSSQLServer\SuperSocketNetLib on ps1-db.mayyhem.com
VERBOSE  time=2026-08-01 23:08:24, msg=SQL Server network settings denied on ps1-db.mayyhem.com; reported in the denial summary.
VERBOSE  time=2026-08-01 23:08:24, msg=Querying SOFTWARE\Microsoft\SMS\Triggers for SCCM site code
VERBOSE  time=2026-08-01 23:08:24, msg=Enumerating subkeys under SOFTWARE\Microsoft\SMS\Triggers
VERBOSE  time=2026-08-01 23:08:24, msg=Access denied reading subkeys of registry key SOFTWARE\Microsoft\SMS\Triggers on ps1-db.mayyhem.com
WARNING  time=2026-08-01 23:08:24, msg=[ps1-db.mayyhem.com][RemoteRegistry] Access denied reading SOFTWARE\Microsoft\SMS\Triggers on ps1-db.mayyhem.com, so the site code is unknown and the remaining Remote Registry checks are skipped. This host may still be a site system -- re-run with an account that can read the key to find out.
INFO     time=2026-08-01 23:08:24, msg=[ps1-db.mayyhem.com][RemoteRegistry] Remote Registry collection completed for ps1-db.mayyhem.com
WARNING  time=2026-08-01 23:08:24, msg=[ps1-db.mayyhem.com][RemoteRegistry] 7 registry read(s) denied on ps1-db.mayyhem.com -- not collected: SCCM site code, site-system roles and logged-on user; SMB signing requirement; NTLM restrictions and loopback-check setting; SQL Server encryption / Extended Protection settings. The host-hardening and SQL Server keys require local Administrators on the target; re-run with an administrative account to collect them. Per-read detail is in the full log.
VERBOSE  time=2026-08-01 23:08:24, msg=Disconnecting Remote Registry on ps1-db.mayyhem.com
VERBOSE  time=2026-08-01 23:08:24, msg=Logging off SMB on ps1-db.mayyhem.com
INFO     time=2026-08-01 23:08:24, msg=[ps1-db.mayyhem.com][MSSQL] Starting MSSQL collection on ps1-db.mayyhem.com
INFO     time=2026-08-01 23:08:24, msg=[ps1-db.mayyhem.com][MSSQL] Querying SPNs for ps1-db.mayyhem.com
VERBOSE  time=2026-08-01 23:08:24, msg=LDAP search: base=DC=mayyhem,DC=com filter=(dNSHostName=ps1-db.mayyhem.com)
VERBOSE  time=2026-08-01 23:08:24, msg=LDAP search complete: entries=1 pages=1
INFO     time=2026-08-01 23:08:24, msg=[ps1-db.mayyhem.com][MSSQL] Searching AD for MSSQLSvc SPNs naming host ps1-db.mayyhem.com
VERBOSE  time=2026-08-01 23:08:24, msg=LDAP search: base=DC=mayyhem,DC=com filter=(servicePrincipalName=MSSQLSvc/ps1-db.mayyhem.com*)
VERBOSE  time=2026-08-01 23:08:24, msg=LDAP search complete: entries=1 pages=1
INFO     time=2026-08-01 23:08:24, msg=[ps1-db.mayyhem.com][MSSQL] MSSQLSvc SPN for ps1-db.mayyhem.com is held by sqlsccmsvc (S-1-5-21-3242052782-1287495003-4091326449-1116)
INFO     time=2026-08-01 23:08:24, msg=[ps1-db.mayyhem.com][MSSQL] MSSQLSvc SPN for ps1-db.mayyhem.com is held by another principal (service account)
INFO     time=2026-08-01 23:08:24, msg=[ps1-db.mayyhem.com][MSSQL] MSSQL port 1433 is open
INFO     time=2026-08-01 23:08:24, msg=[ps1-db.mayyhem.com][MSSQL] EPA testing ps1-db.mayyhem.com via explicit credentials for MAYYHEM\lowpriv
DEBUG    time=2026-08-01 23:08:24, msg=TDS 7.x: negotiating TLS-over-TDS (capped at TLS 1.2)
DEBUG    time=2026-08-01 23:08:24, msg=TDS 7.x TLS established (tls_unique=present)
DEBUG    time=2026-08-01 23:08:24, msg=NTLM type3 MIC computed (service=MSSQLSvc, cbt_len=16)
DEBUG    time=2026-08-01 23:08:24, msg=EPA probe normal on ps1-db.mayyhem.com: success
VERBOSE  time=2026-08-01 23:08:24, msg=EPA: encrypted connection to ps1-db.mayyhem.com:1433; probing channel binding
DEBUG    time=2026-08-01 23:08:24, msg=TDS 7.x: negotiating TLS-over-TDS (capped at TLS 1.2)
DEBUG    time=2026-08-01 23:08:24, msg=TDS 7.x TLS established (tls_unique=present)
DEBUG    time=2026-08-01 23:08:24, msg=NTLM type3 MIC computed (service=MSSQLSvc, cbt_len=16)
DEBUG    time=2026-08-01 23:08:24, msg=EPA probe bogus_cbt on ps1-db.mayyhem.com: success
INFO     time=2026-08-01 23:08:24, msg=[ps1-db.mayyhem.com][MSSQL] EPA verdict for ps1-db.mayyhem.com:1433: {'forceEncryption': True, 'extendedProtection': 'Off', 'strictEncryption': False, 'encryptionFlag': 3, 'unmodifiedSuccess': True}
INFO     time=2026-08-01 23:08:24, msg=[ps1-db.mayyhem.com][MSSQL] MSSQL collection completed for ps1-db.mayyhem.com:1433
INFO     time=2026-08-01 23:08:24, msg=[ps1-db.mayyhem.com][AdminService] Starting AdminService collection on ps1-db.mayyhem.com...
DEBUG    time=2026-08-01 23:08:24, msg=auth ladder: explicit creds -> Kerberos, NTLM fallback for ps1-db.mayyhem.com
VERBOSE  time=2026-08-01 23:08:24, msg=Kerberos: requesting TGT+TGS for HTTP/ps1-db.mayyhem.com from KDC dc.mayyhem.com
VERBOSE  time=2026-08-01 23:08:27, msg=HTTP Negotiate(kerberos) protocol failure on https://ps1-db.mayyhem.com/AdminService/wmi/SMS_Identification?$select=ThisSiteCode,ThisSiteName: HTTPSConnectionPool(host='ps1-db.mayyhem.com', port=443): Max retries exceeded with url: /AdminService/wmi/SMS_Identification?$select=ThisSiteCode,ThisSiteName (Caused by NewConnectionError("HTTPSConnection(host='ps1-db.mayyhem.com', port=443): Failed to establish a new connection: [WinError 10061] No connection could be made because the target machine actively refused it"))
VERBOSE  time=2026-08-01 23:08:29, msg=HTTP Negotiate(ntlm) protocol failure on https://ps1-db.mayyhem.com/AdminService/wmi/SMS_Identification?$select=ThisSiteCode,ThisSiteName: HTTPSConnectionPool(host='ps1-db.mayyhem.com', port=443): Max retries exceeded with url: /AdminService/wmi/SMS_Identification?$select=ThisSiteCode,ThisSiteName (Caused by NewConnectionError("HTTPSConnection(host='ps1-db.mayyhem.com', port=443): Failed to establish a new connection: [WinError 10061] No connection could be made because the target machine actively refused it"))
VERBOSE  time=2026-08-01 23:08:29, msg=HTTP Negotiate exhausted all rungs (['kerberos', 'ntlm']) on https://ps1-db.mayyhem.com/AdminService/wmi/SMS_Identification?$select=ThisSiteCode,ThisSiteName
VERBOSE  time=2026-08-01 23:08:29, msg=AdminService GET /AdminService/wmi/SMS_Identification?$select=ThisSiteCode,ThisSiteName failed to connect
INFO     time=2026-08-01 23:08:29, msg=[ps1-db.mayyhem.com][AdminService] ps1-db.mayyhem.com is not a reachable AdminService provider; skipping
INFO     time=2026-08-01 23:08:29, msg=[ps1-db.mayyhem.com][WMI] Starting WMI collection on ps1-db.mayyhem.com...
VERBOSE  time=2026-08-01 23:08:29, msg=WMI query on ps1-db.mayyhem.com (root\SMS): SELECT * FROM SMS_ProviderLocation
DEBUG    time=2026-08-01 23:08:29, msg=auth ladder: explicit creds -> Kerberos, NTLM fallback for ps1-db.mayyhem.com
VERBOSE  time=2026-08-01 23:08:29, msg=WMI Kerberos rung on ps1-db.mayyhem.com: no --ticket supplied and no Kerberos credential cache (KRB5CCNAME is unset), so a fresh TGT is requested with the supplied credentials. impacket's 'CCache file is not found' notice is expected here.
VERBOSE  time=2026-08-01 23:08:29, msg=WMI auth attempt on ps1-db.mayyhem.com via kerberos
DEBUG    time=2026-08-01 23:08:29, msg=CCache file is not found. Skipping...
VERBOSE  time=2026-08-01 23:08:31, msg=WMI kerberos rung failed on ps1-db.mayyhem.com: rpc_s_access_denied
VERBOSE  time=2026-08-01 23:08:31, msg=WMI auth attempt on ps1-db.mayyhem.com via ntlm
VERBOSE  time=2026-08-01 23:08:31, msg=WMI ntlm rung failed on ps1-db.mayyhem.com: rpc_s_access_denied
INFO     time=2026-08-01 23:08:31, msg=[ps1-db.mayyhem.com][WMI] WMI auth ladder exhausted on ps1-db.mayyhem.com (['kerberos', 'ntlm'])
INFO     time=2026-08-01 23:08:31, msg=[ps1-db.mayyhem.com][WMI] WMI SMS_ProviderLocation returned nothing (rung exhausted or not a provider)
INFO     time=2026-08-01 23:08:31, msg=[ps1-db.mayyhem.com][WMI] ps1-db.mayyhem.com is not a reachable SMS Provider over WMI; skipping
INFO     time=2026-08-01 23:08:31, msg=[ps1-db.mayyhem.com][HTTP] Attempting HTTP collection on: ps1-db.mayyhem.com
VERBOSE  time=2026-08-01 23:08:31, msg=Probing MP site signing certificate issuer on: ps1-db.mayyhem.com
DEBUG    time=2026-08-01 23:08:31, msg=HTTP GET http://ps1-db.mayyhem.com/SMS_MP/.sms_aut?sitesigncert -> 404 (anonymous)
DEBUG    time=2026-08-01 23:08:31, msg=HTTP GET http://ps1-db.mayyhem.com/SMS_MP/.sms_aut?sitesigncert content: b'<!DOCTYPE html PUBLIC "-//W3C//DTD XHTML 1.0 Strict//EN" "http://www.w3.org/TR/xhtml1/DTD/xhtml1-strict.dtd">\r\n<html xmlns="http://www.w3.org/1999/xhtml">\r\n<head>\r\n<meta http-equiv="Content-Type" content="text/html; charset=iso-8859-1"/>\r\n<title>404 - File or directory not found.</title>\r\n<style type="text/css">\r\n<!--\r\nbody{margin:0;font-size:.7em;font-family:Verdana, Arial, Helvetica, sans-serif;background:#EEEEEE;}\r\nfieldset{padding:0 15px 10px 15px;} \r\nh1{font-size:2.4em;margin:0;color:#FFF;}\r\nh2{font-size:1.7em;margin:0;color:#CC0000;} \r\nh3{font-size:1.2em;margin:10px 0 0 0;color:#000000;} \r\n#header{width:96%;margin:0 0 0 0;padding:6px 2% 6px 2%;font-family:"trebuchet MS", Verdana, sans-serif;color:#FFF;\r\nbackground-color:#555555;}\r\n#content{margin:0 0 0 2%;position:relative;}\r\n.content-container{background:#FFF;width:96%;margin-top:8px;padding:10px;position:relative;}\r\n-->\r\n</style>\r\n</head>\r\n<body>\r\n<div id="header"><h1>Server Error</h1></div>\r\n<div id="conten ...(1245 bytes total, truncated)
VERBOSE  time=2026-08-01 23:08:31, msg=sitesigncert not available via http on ps1-db.mayyhem.com
VERBOSE  time=2026-08-01 23:08:33, msg=HTTP GET https://ps1-db.mayyhem.com/SMS_MP/.sms_aut?sitesigncert failed (connect): HTTPSConnectionPool(host='ps1-db.mayyhem.com', port=443): Max retries exceeded with url: /SMS_MP/.sms_aut?sitesigncert (Caused by NewConnectionError("HTTPSConnection(host='ps1-db.mayyhem.com', port=443): Failed to establish a new connection: [WinError 10061] No connection could be made because the target machine actively refused it"))
VERBOSE  time=2026-08-01 23:08:33, msg=sitesigncert not available via https on ps1-db.mayyhem.com
VERBOSE  time=2026-08-01 23:08:33, msg=No Site Server issuer detected via sitesigncert on ps1-db.mayyhem.com
VERBOSE  time=2026-08-01 23:08:33, msg=Trying connections via http
VERBOSE  time=2026-08-01 23:08:33, msg=Testing management point endpoint: http://ps1-db.mayyhem.com/SMS_MP/.sms_aut?MPKEYINFORMATION
DEBUG    time=2026-08-01 23:08:33, msg=HTTP GET http://ps1-db.mayyhem.com/SMS_MP/.sms_aut?MPKEYINFORMATION -> 404 (anonymous)
DEBUG    time=2026-08-01 23:08:33, msg=HTTP GET http://ps1-db.mayyhem.com/SMS_MP/.sms_aut?MPKEYINFORMATION content: b'<!DOCTYPE html PUBLIC "-//W3C//DTD XHTML 1.0 Strict//EN" "http://www.w3.org/TR/xhtml1/DTD/xhtml1-strict.dtd">\r\n<html xmlns="http://www.w3.org/1999/xhtml">\r\n<head>\r\n<meta http-equiv="Content-Type" content="text/html; charset=iso-8859-1"/>\r\n<title>404 - File or directory not found.</title>\r\n<style type="text/css">\r\n<!--\r\nbody{margin:0;font-size:.7em;font-family:Verdana, Arial, Helvetica, sans-serif;background:#EEEEEE;}\r\nfieldset{padding:0 15px 10px 15px;} \r\nh1{font-size:2.4em;margin:0;color:#FFF;}\r\nh2{font-size:1.7em;margin:0;color:#CC0000;} \r\nh3{font-size:1.2em;margin:10px 0 0 0;color:#000000;} \r\n#header{width:96%;margin:0 0 0 0;padding:6px 2% 6px 2%;font-family:"trebuchet MS", Verdana, sans-serif;color:#FFF;\r\nbackground-color:#555555;}\r\n#content{margin:0 0 0 2%;position:relative;}\r\n.content-container{background:#FFF;width:96%;margin-top:8px;padding:10px;position:relative;}\r\n-->\r\n</style>\r\n</head>\r\n<body>\r\n<div id="header"><h1>Server Error</h1></div>\r\n<div id="conten ...(1245 bytes total, truncated)
VERBOSE  time=2026-08-01 23:08:33, msg=    Received 404
VERBOSE  time=2026-08-01 23:08:33, msg=Testing management point endpoint: http://ps1-db.mayyhem.com/SMS_MP/.sms_aut?MPLIST
DEBUG    time=2026-08-01 23:08:33, msg=HTTP GET http://ps1-db.mayyhem.com/SMS_MP/.sms_aut?MPLIST -> 404 (anonymous)
DEBUG    time=2026-08-01 23:08:33, msg=HTTP GET http://ps1-db.mayyhem.com/SMS_MP/.sms_aut?MPLIST content: b'<!DOCTYPE html PUBLIC "-//W3C//DTD XHTML 1.0 Strict//EN" "http://www.w3.org/TR/xhtml1/DTD/xhtml1-strict.dtd">\r\n<html xmlns="http://www.w3.org/1999/xhtml">\r\n<head>\r\n<meta http-equiv="Content-Type" content="text/html; charset=iso-8859-1"/>\r\n<title>404 - File or directory not found.</title>\r\n<style type="text/css">\r\n<!--\r\nbody{margin:0;font-size:.7em;font-family:Verdana, Arial, Helvetica, sans-serif;background:#EEEEEE;}\r\nfieldset{padding:0 15px 10px 15px;} \r\nh1{font-size:2.4em;margin:0;color:#FFF;}\r\nh2{font-size:1.7em;margin:0;color:#CC0000;} \r\nh3{font-size:1.2em;margin:10px 0 0 0;color:#000000;} \r\n#header{width:96%;margin:0 0 0 0;padding:6px 2% 6px 2%;font-family:"trebuchet MS", Verdana, sans-serif;color:#FFF;\r\nbackground-color:#555555;}\r\n#content{margin:0 0 0 2%;position:relative;}\r\n.content-container{background:#FFF;width:96%;margin-top:8px;padding:10px;position:relative;}\r\n-->\r\n</style>\r\n</head>\r\n<body>\r\n<div id="header"><h1>Server Error</h1></div>\r\n<div id="conten ...(1245 bytes total, truncated)
VERBOSE  time=2026-08-01 23:08:33, msg=    Received 404
VERBOSE  time=2026-08-01 23:08:33, msg=Testing management point endpoint: http://ps1-db.mayyhem.com/SMS_MP/.sms_aut?SMSTRC
DEBUG    time=2026-08-01 23:08:33, msg=HTTP GET http://ps1-db.mayyhem.com/SMS_MP/.sms_aut?SMSTRC -> 404 (anonymous)
DEBUG    time=2026-08-01 23:08:33, msg=HTTP GET http://ps1-db.mayyhem.com/SMS_MP/.sms_aut?SMSTRC content: b'<!DOCTYPE html PUBLIC "-//W3C//DTD XHTML 1.0 Strict//EN" "http://www.w3.org/TR/xhtml1/DTD/xhtml1-strict.dtd">\r\n<html xmlns="http://www.w3.org/1999/xhtml">\r\n<head>\r\n<meta http-equiv="Content-Type" content="text/html; charset=iso-8859-1"/>\r\n<title>404 - File or directory not found.</title>\r\n<style type="text/css">\r\n<!--\r\nbody{margin:0;font-size:.7em;font-family:Verdana, Arial, Helvetica, sans-serif;background:#EEEEEE;}\r\nfieldset{padding:0 15px 10px 15px;} \r\nh1{font-size:2.4em;margin:0;color:#FFF;}\r\nh2{font-size:1.7em;margin:0;color:#CC0000;} \r\nh3{font-size:1.2em;margin:10px 0 0 0;color:#000000;} \r\n#header{width:96%;margin:0 0 0 0;padding:6px 2% 6px 2%;font-family:"trebuchet MS", Verdana, sans-serif;color:#FFF;\r\nbackground-color:#555555;}\r\n#content{margin:0 0 0 2%;position:relative;}\r\n.content-container{background:#FFF;width:96%;margin-top:8px;padding:10px;position:relative;}\r\n-->\r\n</style>\r\n</head>\r\n<body>\r\n<div id="header"><h1>Server Error</h1></div>\r\n<div id="conten ...(1245 bytes total, truncated)
VERBOSE  time=2026-08-01 23:08:33, msg=    Received 404
VERBOSE  time=2026-08-01 23:08:33, msg=Testing management point endpoint: http://ps1-db.mayyhem.com/SMS_MP/.sms_aut?MPLIST1&CAS
DEBUG    time=2026-08-01 23:08:33, msg=HTTP GET http://ps1-db.mayyhem.com/SMS_MP/.sms_aut?MPLIST1&CAS -> 404 (anonymous)
DEBUG    time=2026-08-01 23:08:33, msg=HTTP GET http://ps1-db.mayyhem.com/SMS_MP/.sms_aut?MPLIST1&CAS content: b'<!DOCTYPE html PUBLIC "-//W3C//DTD XHTML 1.0 Strict//EN" "http://www.w3.org/TR/xhtml1/DTD/xhtml1-strict.dtd">\r\n<html xmlns="http://www.w3.org/1999/xhtml">\r\n<head>\r\n<meta http-equiv="Content-Type" content="text/html; charset=iso-8859-1"/>\r\n<title>404 - File or directory not found.</title>\r\n<style type="text/css">\r\n<!--\r\nbody{margin:0;font-size:.7em;font-family:Verdana, Arial, Helvetica, sans-serif;background:#EEEEEE;}\r\nfieldset{padding:0 15px 10px 15px;} \r\nh1{font-size:2.4em;margin:0;color:#FFF;}\r\nh2{font-size:1.7em;margin:0;color:#CC0000;} \r\nh3{font-size:1.2em;margin:10px 0 0 0;color:#000000;} \r\n#header{width:96%;margin:0 0 0 0;padding:6px 2% 6px 2%;font-family:"trebuchet MS", Verdana, sans-serif;color:#FFF;\r\nbackground-color:#555555;}\r\n#content{margin:0 0 0 2%;position:relative;}\r\n.content-container{background:#FFF;width:96%;margin-top:8px;padding:10px;position:relative;}\r\n-->\r\n</style>\r\n</head>\r\n<body>\r\n<div id="header"><h1>Server Error</h1></div>\r\n<div id="conten ...(1245 bytes total, truncated)
VERBOSE  time=2026-08-01 23:08:33, msg=    Received 404
VERBOSE  time=2026-08-01 23:08:33, msg=Testing management point endpoint: http://ps1-db.mayyhem.com/SMS_MP/.sms_aut?MPLIST1&PS1
DEBUG    time=2026-08-01 23:08:33, msg=HTTP GET http://ps1-db.mayyhem.com/SMS_MP/.sms_aut?MPLIST1&PS1 -> 404 (anonymous)
DEBUG    time=2026-08-01 23:08:33, msg=HTTP GET http://ps1-db.mayyhem.com/SMS_MP/.sms_aut?MPLIST1&PS1 content: b'<!DOCTYPE html PUBLIC "-//W3C//DTD XHTML 1.0 Strict//EN" "http://www.w3.org/TR/xhtml1/DTD/xhtml1-strict.dtd">\r\n<html xmlns="http://www.w3.org/1999/xhtml">\r\n<head>\r\n<meta http-equiv="Content-Type" content="text/html; charset=iso-8859-1"/>\r\n<title>404 - File or directory not found.</title>\r\n<style type="text/css">\r\n<!--\r\nbody{margin:0;font-size:.7em;font-family:Verdana, Arial, Helvetica, sans-serif;background:#EEEEEE;}\r\nfieldset{padding:0 15px 10px 15px;} \r\nh1{font-size:2.4em;margin:0;color:#FFF;}\r\nh2{font-size:1.7em;margin:0;color:#CC0000;} \r\nh3{font-size:1.2em;margin:10px 0 0 0;color:#000000;} \r\n#header{width:96%;margin:0 0 0 0;padding:6px 2% 6px 2%;font-family:"trebuchet MS", Verdana, sans-serif;color:#FFF;\r\nbackground-color:#555555;}\r\n#content{margin:0 0 0 2%;position:relative;}\r\n.content-container{background:#FFF;width:96%;margin-top:8px;padding:10px;position:relative;}\r\n-->\r\n</style>\r\n</head>\r\n<body>\r\n<div id="header"><h1>Server Error</h1></div>\r\n<div id="conten ...(1245 bytes total, truncated)
VERBOSE  time=2026-08-01 23:08:33, msg=    Received 404
VERBOSE  time=2026-08-01 23:08:33, msg=Testing distribution point endpoint: http://ps1-db.mayyhem.com/SMS_DP_SMSPKG$
DEBUG    time=2026-08-01 23:08:33, msg=HTTP GET http://ps1-db.mayyhem.com/SMS_DP_SMSPKG$ -> 404 (anonymous)
DEBUG    time=2026-08-01 23:08:33, msg=HTTP GET http://ps1-db.mayyhem.com/SMS_DP_SMSPKG$ content: b'<!DOCTYPE html PUBLIC "-//W3C//DTD XHTML 1.0 Strict//EN" "http://www.w3.org/TR/xhtml1/DTD/xhtml1-strict.dtd">\r\n<html xmlns="http://www.w3.org/1999/xhtml">\r\n<head>\r\n<meta http-equiv="Content-Type" content="text/html; charset=iso-8859-1"/>\r\n<title>404 - File or directory not found.</title>\r\n<style type="text/css">\r\n<!--\r\nbody{margin:0;font-size:.7em;font-family:Verdana, Arial, Helvetica, sans-serif;background:#EEEEEE;}\r\nfieldset{padding:0 15px 10px 15px;} \r\nh1{font-size:2.4em;margin:0;color:#FFF;}\r\nh2{font-size:1.7em;margin:0;color:#CC0000;} \r\nh3{font-size:1.2em;margin:10px 0 0 0;color:#000000;} \r\n#header{width:96%;margin:0 0 0 0;padding:6px 2% 6px 2%;font-family:"trebuchet MS", Verdana, sans-serif;color:#FFF;\r\nbackground-color:#555555;}\r\n#content{margin:0 0 0 2%;position:relative;}\r\n.content-container{background:#FFF;width:96%;margin-top:8px;padding:10px;position:relative;}\r\n-->\r\n</style>\r\n</head>\r\n<body>\r\n<div id="header"><h1>Server Error</h1></div>\r\n<div id="conten ...(1245 bytes total, truncated)
VERBOSE  time=2026-08-01 23:08:33, msg=    Received 404
VERBOSE  time=2026-08-01 23:08:33, msg=Trying connections via https
VERBOSE  time=2026-08-01 23:08:33, msg=Testing management point endpoint: https://ps1-db.mayyhem.com/SMS_MP/.sms_aut?MPKEYINFORMATION
VERBOSE  time=2026-08-01 23:08:35, msg=HTTP GET https://ps1-db.mayyhem.com/SMS_MP/.sms_aut?MPKEYINFORMATION failed (connect): HTTPSConnectionPool(host='ps1-db.mayyhem.com', port=443): Max retries exceeded with url: /SMS_MP/.sms_aut?MPKEYINFORMATION (Caused by NewConnectionError("HTTPSConnection(host='ps1-db.mayyhem.com', port=443): Failed to establish a new connection: [WinError 10061] No connection could be made because the target machine actively refused it"))
WARNING  time=2026-08-01 23:08:35, msg=[ps1-db.mayyhem.com][HTTP] Unable to connect to https://ps1-db.mayyhem.com/SMS_MP/.sms_aut?MPKEYINFORMATION (connect) - skipping remaining HTTP checks
VERBOSE  time=2026-08-01 23:08:35, msg=Testing SMS Provider endpoint: https://ps1-db.mayyhem.com/AdminService/wmi/SMS_Identification
VERBOSE  time=2026-08-01 23:08:37, msg=HTTP GET https://ps1-db.mayyhem.com/AdminService/wmi/SMS_Identification failed (connect): HTTPSConnectionPool(host='ps1-db.mayyhem.com', port=443): Max retries exceeded with url: /AdminService/wmi/SMS_Identification (Caused by NewConnectionError("HTTPSConnection(host='ps1-db.mayyhem.com', port=443): Failed to establish a new connection: [WinError 10061] No connection could be made because the target machine actively refused it"))
WARNING  time=2026-08-01 23:08:37, msg=[ps1-db.mayyhem.com][HTTP] Unable to connect to https://ps1-db.mayyhem.com/AdminService/wmi/SMS_Identification (connect) - skipping remaining HTTP checks
INFO     time=2026-08-01 23:08:37, msg=[ps1-db.mayyhem.com][HTTP] HTTP collection completed for ps1-db.mayyhem.com
INFO     time=2026-08-01 23:08:37, msg=[ps1-db.mayyhem.com][SMB] Starting SMB collection on ps1-db.mayyhem.com
INFO     time=2026-08-01 23:08:37, msg=[ps1-db.mayyhem.com][SMB] Checking SMB signing requirement on ps1-db.mayyhem.com
INFO     time=2026-08-01 23:08:37, msg=[ps1-db.mayyhem.com][SMB] SMB signing NOT required on ps1-db.mayyhem.com (via SMB2 negotiate)
INFO     time=2026-08-01 23:08:37, msg=[ps1-db.mayyhem.com][SMB] Enumerating SMB shares on ps1-db.mayyhem.com
VERBOSE  time=2026-08-01 23:08:37, msg=SMB auth: explicit NTLM as MAYYHEM\lowpriv on ps1-db.mayyhem.com
VERBOSE  time=2026-08-01 23:08:37, msg=Enumerated 3 SMB shares on ps1-db.mayyhem.com:
VERBOSE  time=2026-08-01 23:08:37, msg=  ADMIN$ (Remote Admin)
VERBOSE  time=2026-08-01 23:08:37, msg=  C$ (Default share)
VERBOSE  time=2026-08-01 23:08:37, msg=  IPC$ (Remote IPC)
INFO     time=2026-08-01 23:08:37, msg=[ps1-db.mayyhem.com][SMB] No SCCM-specific shares found on ps1-db.mayyhem.com
INFO     time=2026-08-01 23:08:37, msg=[ps1-db.mayyhem.com][SMB] SMB collection completed for ps1-db.mayyhem.com

========================================================================
# ps1-dev.mayyhem.com
========================================================================
INFO     time=2026-08-01 23:07:28, msg=[ps1-dev.mayyhem.com][RemoteRegistry] Starting Remote Registry collection on ps1-dev.mayyhem.com...
VERBOSE  time=2026-08-01 23:07:28, msg=Probing Remote Registry on ps1-dev.mayyhem.com (port 445)
VERBOSE  time=2026-08-01 23:07:31, msg=SMB/445 not reachable on ps1-dev.mayyhem.com: timed out
INFO     time=2026-08-01 23:07:31, msg=[ps1-dev.mayyhem.com][RemoteRegistry] Could not connect to ps1-dev.mayyhem.com for registry queries
DEBUG    time=2026-08-01 23:07:31, msg=No registry reads were denied on ps1-dev.mayyhem.com.
INFO     time=2026-08-01 23:07:31, msg=[ps1-dev.mayyhem.com][RemoteRegistry] Remote Registry collection completed for ps1-dev.mayyhem.com
INFO     time=2026-08-01 23:07:31, msg=[ps1-dev.mayyhem.com][MSSQL] Starting MSSQL collection on ps1-dev.mayyhem.com
INFO     time=2026-08-01 23:07:31, msg=[ps1-dev.mayyhem.com][MSSQL] Querying SPNs for ps1-dev.mayyhem.com
VERBOSE  time=2026-08-01 23:07:31, msg=LDAP search: base=DC=mayyhem,DC=com filter=(dNSHostName=ps1-dev.mayyhem.com)
VERBOSE  time=2026-08-01 23:07:31, msg=LDAP search complete: entries=1 pages=1
INFO     time=2026-08-01 23:07:31, msg=[ps1-dev.mayyhem.com][MSSQL] Searching AD for MSSQLSvc SPNs naming host ps1-dev.mayyhem.com
VERBOSE  time=2026-08-01 23:07:31, msg=LDAP search: base=DC=mayyhem,DC=com filter=(servicePrincipalName=MSSQLSvc/ps1-dev.mayyhem.com*)
VERBOSE  time=2026-08-01 23:07:31, msg=LDAP search complete: entries=0 pages=1
DEBUG    time=2026-08-01 23:07:31, msg=No MSSQLSvc SPN holder found for ps1-dev.mayyhem.com
DEBUG    time=2026-08-01 23:07:31, msg=No MSSQLSvc SPN anywhere in AD for ps1-dev.mayyhem.com
INFO     time=2026-08-01 23:07:31, msg=[ps1-dev.mayyhem.com][MSSQL] No MSSQLSvc SPN found for ps1-dev.mayyhem.com, defaulting to port 1433
DEBUG    time=2026-08-01 23:07:34, msg=ps1-dev.mayyhem.com:1433 unreachable: timed out
INFO     time=2026-08-01 23:07:34, msg=[ps1-dev.mayyhem.com][MSSQL] MSSQL port 1433 closed on ps1-dev.mayyhem.com and no MSSQLSvc SPN; nothing to record
INFO     time=2026-08-01 23:07:34, msg=[ps1-dev.mayyhem.com][AdminService] Starting AdminService collection on ps1-dev.mayyhem.com...
DEBUG    time=2026-08-01 23:07:34, msg=auth ladder: explicit creds -> Kerberos, NTLM fallback for ps1-dev.mayyhem.com
VERBOSE  time=2026-08-01 23:07:34, msg=Kerberos: requesting TGT+TGS for HTTP/ps1-dev.mayyhem.com from KDC dc.mayyhem.com
VERBOSE  time=2026-08-01 23:08:33, msg=HTTP Negotiate(kerberos) protocol failure on https://ps1-dev.mayyhem.com/AdminService/wmi/SMS_Identification?$select=ThisSiteCode,ThisSiteName: HTTPSConnectionPool(host='ps1-dev.mayyhem.com', port=443): Max retries exceeded with url: /AdminService/wmi/SMS_Identification?$select=ThisSiteCode,ThisSiteName (Caused by ConnectTimeoutError(<HTTPSConnection(host='ps1-dev.mayyhem.com', port=443) at 0x1f60c81d1d0>, 'Connection to ps1-dev.mayyhem.com timed out. (connect timeout=10)'))
VERBOSE  time=2026-08-01 23:08:43, msg=HTTP Negotiate(ntlm) protocol failure on https://ps1-dev.mayyhem.com/AdminService/wmi/SMS_Identification?$select=ThisSiteCode,ThisSiteName: HTTPSConnectionPool(host='ps1-dev.mayyhem.com', port=443): Max retries exceeded with url: /AdminService/wmi/SMS_Identification?$select=ThisSiteCode,ThisSiteName (Caused by ConnectTimeoutError(<HTTPSConnection(host='ps1-dev.mayyhem.com', port=443) at 0x1f60c81d310>, 'Connection to ps1-dev.mayyhem.com timed out. (connect timeout=10)'))
VERBOSE  time=2026-08-01 23:08:43, msg=HTTP Negotiate exhausted all rungs (['kerberos', 'ntlm']) on https://ps1-dev.mayyhem.com/AdminService/wmi/SMS_Identification?$select=ThisSiteCode,ThisSiteName
VERBOSE  time=2026-08-01 23:08:43, msg=AdminService GET /AdminService/wmi/SMS_Identification?$select=ThisSiteCode,ThisSiteName failed to connect
INFO     time=2026-08-01 23:08:43, msg=[ps1-dev.mayyhem.com][AdminService] ps1-dev.mayyhem.com is not a reachable AdminService provider; skipping
INFO     time=2026-08-01 23:08:43, msg=[ps1-dev.mayyhem.com][WMI] Starting WMI collection on ps1-dev.mayyhem.com...
VERBOSE  time=2026-08-01 23:08:43, msg=WMI query on ps1-dev.mayyhem.com (root\SMS): SELECT * FROM SMS_ProviderLocation
DEBUG    time=2026-08-01 23:08:43, msg=auth ladder: explicit creds -> Kerberos, NTLM fallback for ps1-dev.mayyhem.com
VERBOSE  time=2026-08-01 23:08:43, msg=WMI Kerberos rung on ps1-dev.mayyhem.com: no --ticket supplied and no Kerberos credential cache (KRB5CCNAME is unset), so a fresh TGT is requested with the supplied credentials. impacket's 'CCache file is not found' notice is expected here.
VERBOSE  time=2026-08-01 23:08:43, msg=WMI auth attempt on ps1-dev.mayyhem.com via kerberos
VERBOSE  time=2026-08-01 23:09:04, msg=WMI kerberos rung failed on ps1-dev.mayyhem.com: Could not connect: [WinError 10060] A connection attempt failed because the connected party did not properly respond after a period of time, or established connection failed because connected host has failed to respond
VERBOSE  time=2026-08-01 23:09:04, msg=WMI auth attempt on ps1-dev.mayyhem.com via ntlm
VERBOSE  time=2026-08-01 23:09:25, msg=WMI ntlm rung failed on ps1-dev.mayyhem.com: Could not connect: [WinError 10060] A connection attempt failed because the connected party did not properly respond after a period of time, or established connection failed because connected host has failed to respond
INFO     time=2026-08-01 23:09:25, msg=[ps1-dev.mayyhem.com][WMI] WMI auth ladder exhausted on ps1-dev.mayyhem.com (['kerberos', 'ntlm'])
INFO     time=2026-08-01 23:09:25, msg=[ps1-dev.mayyhem.com][WMI] WMI SMS_ProviderLocation returned nothing (rung exhausted or not a provider)
INFO     time=2026-08-01 23:09:25, msg=[ps1-dev.mayyhem.com][WMI] ps1-dev.mayyhem.com is not a reachable SMS Provider over WMI; skipping
INFO     time=2026-08-01 23:09:25, msg=[ps1-dev.mayyhem.com][HTTP] Attempting HTTP collection on: ps1-dev.mayyhem.com
VERBOSE  time=2026-08-01 23:09:25, msg=Probing MP site signing certificate issuer on: ps1-dev.mayyhem.com
VERBOSE  time=2026-08-01 23:09:35, msg=HTTP GET http://ps1-dev.mayyhem.com/SMS_MP/.sms_aut?sitesigncert failed (connect): HTTPConnectionPool(host='ps1-dev.mayyhem.com', port=80): Max retries exceeded with url: /SMS_MP/.sms_aut?sitesigncert (Caused by ConnectTimeoutError(<HTTPConnection(host='ps1-dev.mayyhem.com', port=80) at 0x1f60c3ec270>, 'Connection to ps1-dev.mayyhem.com timed out. (connect timeout=10)'))
VERBOSE  time=2026-08-01 23:09:35, msg=sitesigncert not available via http on ps1-dev.mayyhem.com
VERBOSE  time=2026-08-01 23:09:45, msg=HTTP GET https://ps1-dev.mayyhem.com/SMS_MP/.sms_aut?sitesigncert failed (connect): HTTPSConnectionPool(host='ps1-dev.mayyhem.com', port=443): Max retries exceeded with url: /SMS_MP/.sms_aut?sitesigncert (Caused by ConnectTimeoutError(<HTTPSConnection(host='ps1-dev.mayyhem.com', port=443) at 0x1f6083374d0>, 'Connection to ps1-dev.mayyhem.com timed out. (connect timeout=10)'))
VERBOSE  time=2026-08-01 23:09:45, msg=sitesigncert not available via https on ps1-dev.mayyhem.com
VERBOSE  time=2026-08-01 23:09:45, msg=No Site Server issuer detected via sitesigncert on ps1-dev.mayyhem.com
VERBOSE  time=2026-08-01 23:09:45, msg=Trying connections via http
VERBOSE  time=2026-08-01 23:09:45, msg=Testing management point endpoint: http://ps1-dev.mayyhem.com/SMS_MP/.sms_aut?MPKEYINFORMATION
VERBOSE  time=2026-08-01 23:09:55, msg=HTTP GET http://ps1-dev.mayyhem.com/SMS_MP/.sms_aut?MPKEYINFORMATION failed (connect): HTTPConnectionPool(host='ps1-dev.mayyhem.com', port=80): Max retries exceeded with url: /SMS_MP/.sms_aut?MPKEYINFORMATION (Caused by ConnectTimeoutError(<HTTPConnection(host='ps1-dev.mayyhem.com', port=80) at 0x1f60c394050>, 'Connection to ps1-dev.mayyhem.com timed out. (connect timeout=10)'))
WARNING  time=2026-08-01 23:09:55, msg=[ps1-dev.mayyhem.com][HTTP] Unable to connect to http://ps1-dev.mayyhem.com/SMS_MP/.sms_aut?MPKEYINFORMATION (connect) - skipping remaining HTTP checks
VERBOSE  time=2026-08-01 23:09:55, msg=Testing SMS Provider endpoint: https://ps1-dev.mayyhem.com/AdminService/wmi/SMS_Identification
VERBOSE  time=2026-08-01 23:10:05, msg=HTTP GET https://ps1-dev.mayyhem.com/AdminService/wmi/SMS_Identification failed (connect): HTTPSConnectionPool(host='ps1-dev.mayyhem.com', port=443): Max retries exceeded with url: /AdminService/wmi/SMS_Identification (Caused by ConnectTimeoutError(<HTTPSConnection(host='ps1-dev.mayyhem.com', port=443) at 0x1f60c81da90>, 'Connection to ps1-dev.mayyhem.com timed out. (connect timeout=10)'))
WARNING  time=2026-08-01 23:10:05, msg=[ps1-dev.mayyhem.com][HTTP] Unable to connect to https://ps1-dev.mayyhem.com/AdminService/wmi/SMS_Identification (connect) - skipping remaining HTTP checks
INFO     time=2026-08-01 23:10:05, msg=[ps1-dev.mayyhem.com][HTTP] HTTP collection completed for ps1-dev.mayyhem.com
INFO     time=2026-08-01 23:10:05, msg=[ps1-dev.mayyhem.com][SMB] Starting SMB collection on ps1-dev.mayyhem.com
INFO     time=2026-08-01 23:10:05, msg=[ps1-dev.mayyhem.com][SMB] Checking SMB signing requirement on ps1-dev.mayyhem.com
VERBOSE  time=2026-08-01 23:10:07, msg=SMB2 negotiate for signing check failed on ps1-dev.mayyhem.com: timed out
INFO     time=2026-08-01 23:10:07, msg=[ps1-dev.mayyhem.com][SMB] Could not determine SMB signing requirement on ps1-dev.mayyhem.com; skipping share enumeration
INFO     time=2026-08-01 23:10:07, msg=[ps1-dev.mayyhem.com][SMB] SMB collection completed for ps1-dev.mayyhem.com

========================================================================
# ps2-pss.mayyhem.com
========================================================================
INFO     time=2026-08-01 23:07:28, msg=[ps2-pss.mayyhem.com][RemoteRegistry] Starting Remote Registry collection on ps2-pss.mayyhem.com...
VERBOSE  time=2026-08-01 23:07:28, msg=Probing Remote Registry on ps2-pss.mayyhem.com (port 445)
VERBOSE  time=2026-08-01 23:07:31, msg=SMB/445 not reachable on ps2-pss.mayyhem.com: timed out
INFO     time=2026-08-01 23:07:31, msg=[ps2-pss.mayyhem.com][RemoteRegistry] Could not connect to ps2-pss.mayyhem.com for registry queries
DEBUG    time=2026-08-01 23:07:31, msg=No registry reads were denied on ps2-pss.mayyhem.com.
INFO     time=2026-08-01 23:07:31, msg=[ps2-pss.mayyhem.com][RemoteRegistry] Remote Registry collection completed for ps2-pss.mayyhem.com
INFO     time=2026-08-01 23:07:31, msg=[ps2-pss.mayyhem.com][MSSQL] Starting MSSQL collection on ps2-pss.mayyhem.com
INFO     time=2026-08-01 23:07:31, msg=[ps2-pss.mayyhem.com][MSSQL] Querying SPNs for ps2-pss.mayyhem.com
VERBOSE  time=2026-08-01 23:07:31, msg=LDAP search: base=DC=mayyhem,DC=com filter=(dNSHostName=ps2-pss.mayyhem.com)
VERBOSE  time=2026-08-01 23:07:31, msg=LDAP search complete: entries=1 pages=1
INFO     time=2026-08-01 23:07:31, msg=[ps2-pss.mayyhem.com][MSSQL] Searching AD for MSSQLSvc SPNs naming host ps2-pss.mayyhem.com
VERBOSE  time=2026-08-01 23:07:31, msg=LDAP search: base=DC=mayyhem,DC=com filter=(servicePrincipalName=MSSQLSvc/ps2-pss.mayyhem.com*)
VERBOSE  time=2026-08-01 23:07:31, msg=LDAP search complete: entries=0 pages=1
DEBUG    time=2026-08-01 23:07:31, msg=No MSSQLSvc SPN holder found for ps2-pss.mayyhem.com
DEBUG    time=2026-08-01 23:07:31, msg=No MSSQLSvc SPN anywhere in AD for ps2-pss.mayyhem.com
INFO     time=2026-08-01 23:07:31, msg=[ps2-pss.mayyhem.com][MSSQL] No MSSQLSvc SPN found for ps2-pss.mayyhem.com, defaulting to port 1433
DEBUG    time=2026-08-01 23:07:34, msg=ps2-pss.mayyhem.com:1433 unreachable: timed out
INFO     time=2026-08-01 23:07:34, msg=[ps2-pss.mayyhem.com][MSSQL] MSSQL port 1433 closed on ps2-pss.mayyhem.com and no MSSQLSvc SPN; nothing to record
INFO     time=2026-08-01 23:07:34, msg=[ps2-pss.mayyhem.com][AdminService] Starting AdminService collection on ps2-pss.mayyhem.com...
DEBUG    time=2026-08-01 23:07:34, msg=auth ladder: explicit creds -> Kerberos, NTLM fallback for ps2-pss.mayyhem.com
VERBOSE  time=2026-08-01 23:07:34, msg=Kerberos: requesting TGT+TGS for HTTP/ps2-pss.mayyhem.com from KDC dc.mayyhem.com
VERBOSE  time=2026-08-01 23:08:33, msg=HTTP Negotiate(kerberos) protocol failure on https://ps2-pss.mayyhem.com/AdminService/wmi/SMS_Identification?$select=ThisSiteCode,ThisSiteName: HTTPSConnectionPool(host='ps2-pss.mayyhem.com', port=443): Max retries exceeded with url: /AdminService/wmi/SMS_Identification?$select=ThisSiteCode,ThisSiteName (Caused by ConnectTimeoutError(<HTTPSConnection(host='ps2-pss.mayyhem.com', port=443) at 0x1f60c81cf50>, 'Connection to ps2-pss.mayyhem.com timed out. (connect timeout=10)'))
VERBOSE  time=2026-08-01 23:08:43, msg=HTTP Negotiate(ntlm) protocol failure on https://ps2-pss.mayyhem.com/AdminService/wmi/SMS_Identification?$select=ThisSiteCode,ThisSiteName: HTTPSConnectionPool(host='ps2-pss.mayyhem.com', port=443): Max retries exceeded with url: /AdminService/wmi/SMS_Identification?$select=ThisSiteCode,ThisSiteName (Caused by ConnectTimeoutError(<HTTPSConnection(host='ps2-pss.mayyhem.com', port=443) at 0x1f608336210>, 'Connection to ps2-pss.mayyhem.com timed out. (connect timeout=10)'))
VERBOSE  time=2026-08-01 23:08:43, msg=HTTP Negotiate exhausted all rungs (['kerberos', 'ntlm']) on https://ps2-pss.mayyhem.com/AdminService/wmi/SMS_Identification?$select=ThisSiteCode,ThisSiteName
VERBOSE  time=2026-08-01 23:08:43, msg=AdminService GET /AdminService/wmi/SMS_Identification?$select=ThisSiteCode,ThisSiteName failed to connect
INFO     time=2026-08-01 23:08:43, msg=[ps2-pss.mayyhem.com][AdminService] ps2-pss.mayyhem.com is not a reachable AdminService provider; skipping
INFO     time=2026-08-01 23:08:43, msg=[ps2-pss.mayyhem.com][WMI] Starting WMI collection on ps2-pss.mayyhem.com...
VERBOSE  time=2026-08-01 23:08:43, msg=WMI query on ps2-pss.mayyhem.com (root\SMS): SELECT * FROM SMS_ProviderLocation
DEBUG    time=2026-08-01 23:08:43, msg=auth ladder: explicit creds -> Kerberos, NTLM fallback for ps2-pss.mayyhem.com
VERBOSE  time=2026-08-01 23:08:43, msg=WMI Kerberos rung on ps2-pss.mayyhem.com: no --ticket supplied and no Kerberos credential cache (KRB5CCNAME is unset), so a fresh TGT is requested with the supplied credentials. impacket's 'CCache file is not found' notice is expected here.
VERBOSE  time=2026-08-01 23:08:43, msg=WMI auth attempt on ps2-pss.mayyhem.com via kerberos
VERBOSE  time=2026-08-01 23:09:04, msg=WMI kerberos rung failed on ps2-pss.mayyhem.com: Could not connect: [WinError 10060] A connection attempt failed because the connected party did not properly respond after a period of time, or established connection failed because connected host has failed to respond
VERBOSE  time=2026-08-01 23:09:04, msg=WMI auth attempt on ps2-pss.mayyhem.com via ntlm
VERBOSE  time=2026-08-01 23:09:25, msg=WMI ntlm rung failed on ps2-pss.mayyhem.com: Could not connect: [WinError 10060] A connection attempt failed because the connected party did not properly respond after a period of time, or established connection failed because connected host has failed to respond
INFO     time=2026-08-01 23:09:25, msg=[ps2-pss.mayyhem.com][WMI] WMI auth ladder exhausted on ps2-pss.mayyhem.com (['kerberos', 'ntlm'])
INFO     time=2026-08-01 23:09:25, msg=[ps2-pss.mayyhem.com][WMI] WMI SMS_ProviderLocation returned nothing (rung exhausted or not a provider)
INFO     time=2026-08-01 23:09:25, msg=[ps2-pss.mayyhem.com][WMI] ps2-pss.mayyhem.com is not a reachable SMS Provider over WMI; skipping
INFO     time=2026-08-01 23:09:25, msg=[ps2-pss.mayyhem.com][HTTP] Attempting HTTP collection on: ps2-pss.mayyhem.com
VERBOSE  time=2026-08-01 23:09:25, msg=Probing MP site signing certificate issuer on: ps2-pss.mayyhem.com
VERBOSE  time=2026-08-01 23:09:35, msg=HTTP GET http://ps2-pss.mayyhem.com/SMS_MP/.sms_aut?sitesigncert failed (connect): HTTPConnectionPool(host='ps2-pss.mayyhem.com', port=80): Max retries exceeded with url: /SMS_MP/.sms_aut?sitesigncert (Caused by ConnectTimeoutError(<HTTPConnection(host='ps2-pss.mayyhem.com', port=80) at 0x1f60c4bf130>, 'Connection to ps2-pss.mayyhem.com timed out. (connect timeout=10)'))
VERBOSE  time=2026-08-01 23:09:35, msg=sitesigncert not available via http on ps2-pss.mayyhem.com
VERBOSE  time=2026-08-01 23:09:45, msg=HTTP GET https://ps2-pss.mayyhem.com/SMS_MP/.sms_aut?sitesigncert failed (connect): HTTPSConnectionPool(host='ps2-pss.mayyhem.com', port=443): Max retries exceeded with url: /SMS_MP/.sms_aut?sitesigncert (Caused by ConnectTimeoutError(<HTTPSConnection(host='ps2-pss.mayyhem.com', port=443) at 0x1f608337390>, 'Connection to ps2-pss.mayyhem.com timed out. (connect timeout=10)'))
VERBOSE  time=2026-08-01 23:09:45, msg=sitesigncert not available via https on ps2-pss.mayyhem.com
VERBOSE  time=2026-08-01 23:09:45, msg=No Site Server issuer detected via sitesigncert on ps2-pss.mayyhem.com
VERBOSE  time=2026-08-01 23:09:45, msg=Trying connections via http
VERBOSE  time=2026-08-01 23:09:45, msg=Testing management point endpoint: http://ps2-pss.mayyhem.com/SMS_MP/.sms_aut?MPKEYINFORMATION
VERBOSE  time=2026-08-01 23:09:55, msg=HTTP GET http://ps2-pss.mayyhem.com/SMS_MP/.sms_aut?MPKEYINFORMATION failed (connect): HTTPConnectionPool(host='ps2-pss.mayyhem.com', port=80): Max retries exceeded with url: /SMS_MP/.sms_aut?MPKEYINFORMATION (Caused by ConnectTimeoutError(<HTTPConnection(host='ps2-pss.mayyhem.com', port=80) at 0x1f60c3967a0>, 'Connection to ps2-pss.mayyhem.com timed out. (connect timeout=10)'))
WARNING  time=2026-08-01 23:09:55, msg=[ps2-pss.mayyhem.com][HTTP] Unable to connect to http://ps2-pss.mayyhem.com/SMS_MP/.sms_aut?MPKEYINFORMATION (connect) - skipping remaining HTTP checks
VERBOSE  time=2026-08-01 23:09:55, msg=Testing SMS Provider endpoint: https://ps2-pss.mayyhem.com/AdminService/wmi/SMS_Identification
VERBOSE  time=2026-08-01 23:10:05, msg=HTTP GET https://ps2-pss.mayyhem.com/AdminService/wmi/SMS_Identification failed (connect): HTTPSConnectionPool(host='ps2-pss.mayyhem.com', port=443): Max retries exceeded with url: /AdminService/wmi/SMS_Identification (Caused by ConnectTimeoutError(<HTTPSConnection(host='ps2-pss.mayyhem.com', port=443) at 0x1f60c81d1d0>, 'Connection to ps2-pss.mayyhem.com timed out. (connect timeout=10)'))
WARNING  time=2026-08-01 23:10:05, msg=[ps2-pss.mayyhem.com][HTTP] Unable to connect to https://ps2-pss.mayyhem.com/AdminService/wmi/SMS_Identification (connect) - skipping remaining HTTP checks
INFO     time=2026-08-01 23:10:05, msg=[ps2-pss.mayyhem.com][HTTP] HTTP collection completed for ps2-pss.mayyhem.com
INFO     time=2026-08-01 23:10:05, msg=[ps2-pss.mayyhem.com][SMB] Starting SMB collection on ps2-pss.mayyhem.com
INFO     time=2026-08-01 23:10:05, msg=[ps2-pss.mayyhem.com][SMB] Checking SMB signing requirement on ps2-pss.mayyhem.com
VERBOSE  time=2026-08-01 23:10:07, msg=SMB2 negotiate for signing check failed on ps2-pss.mayyhem.com: timed out
INFO     time=2026-08-01 23:10:07, msg=[ps2-pss.mayyhem.com][SMB] Could not determine SMB signing requirement on ps2-pss.mayyhem.com; skipping share enumeration
INFO     time=2026-08-01 23:10:07, msg=[ps2-pss.mayyhem.com][SMB] SMB collection completed for ps2-pss.mayyhem.com

========================================================================
# cas-scp.mayyhem.com
========================================================================
INFO     time=2026-08-01 23:07:31, msg=[cas-scp.mayyhem.com][RemoteRegistry] Starting Remote Registry collection on cas-scp.mayyhem.com...
VERBOSE  time=2026-08-01 23:07:31, msg=Probing Remote Registry on cas-scp.mayyhem.com (port 445)
VERBOSE  time=2026-08-01 23:07:34, msg=SMB/445 not reachable on cas-scp.mayyhem.com: timed out
INFO     time=2026-08-01 23:07:34, msg=[cas-scp.mayyhem.com][RemoteRegistry] Could not connect to cas-scp.mayyhem.com for registry queries
DEBUG    time=2026-08-01 23:07:34, msg=No registry reads were denied on cas-scp.mayyhem.com.
INFO     time=2026-08-01 23:07:34, msg=[cas-scp.mayyhem.com][RemoteRegistry] Remote Registry collection completed for cas-scp.mayyhem.com
INFO     time=2026-08-01 23:07:34, msg=[cas-scp.mayyhem.com][MSSQL] Starting MSSQL collection on cas-scp.mayyhem.com
INFO     time=2026-08-01 23:07:35, msg=[cas-scp.mayyhem.com][MSSQL] Querying SPNs for cas-scp.mayyhem.com
VERBOSE  time=2026-08-01 23:07:35, msg=LDAP search: base=DC=mayyhem,DC=com filter=(dNSHostName=cas-scp.mayyhem.com)
VERBOSE  time=2026-08-01 23:07:35, msg=LDAP search complete: entries=1 pages=1
INFO     time=2026-08-01 23:07:35, msg=[cas-scp.mayyhem.com][MSSQL] Searching AD for MSSQLSvc SPNs naming host cas-scp.mayyhem.com
VERBOSE  time=2026-08-01 23:07:35, msg=LDAP search: base=DC=mayyhem,DC=com filter=(servicePrincipalName=MSSQLSvc/cas-scp.mayyhem.com*)
VERBOSE  time=2026-08-01 23:07:35, msg=LDAP search complete: entries=0 pages=1
DEBUG    time=2026-08-01 23:07:35, msg=No MSSQLSvc SPN holder found for cas-scp.mayyhem.com
DEBUG    time=2026-08-01 23:07:35, msg=No MSSQLSvc SPN anywhere in AD for cas-scp.mayyhem.com
INFO     time=2026-08-01 23:07:35, msg=[cas-scp.mayyhem.com][MSSQL] No MSSQLSvc SPN found for cas-scp.mayyhem.com, defaulting to port 1433
DEBUG    time=2026-08-01 23:07:38, msg=cas-scp.mayyhem.com:1433 unreachable: timed out
INFO     time=2026-08-01 23:07:38, msg=[cas-scp.mayyhem.com][MSSQL] MSSQL port 1433 closed on cas-scp.mayyhem.com and no MSSQLSvc SPN; nothing to record
INFO     time=2026-08-01 23:07:38, msg=[cas-scp.mayyhem.com][AdminService] Starting AdminService collection on cas-scp.mayyhem.com...
DEBUG    time=2026-08-01 23:07:38, msg=auth ladder: explicit creds -> Kerberos, NTLM fallback for cas-scp.mayyhem.com
VERBOSE  time=2026-08-01 23:07:38, msg=Kerberos: requesting TGT+TGS for HTTP/cas-scp.mayyhem.com from KDC dc.mayyhem.com
VERBOSE  time=2026-08-01 23:08:33, msg=HTTP Negotiate(kerberos) protocol failure on https://cas-scp.mayyhem.com/AdminService/wmi/SMS_Identification?$select=ThisSiteCode,ThisSiteName: HTTPSConnectionPool(host='cas-scp.mayyhem.com', port=443): Max retries exceeded with url: /AdminService/wmi/SMS_Identification?$select=ThisSiteCode,ThisSiteName (Caused by ConnectTimeoutError(<HTTPSConnection(host='cas-scp.mayyhem.com', port=443) at 0x1f60c81d090>, 'Connection to cas-scp.mayyhem.com timed out. (connect timeout=10)'))
VERBOSE  time=2026-08-01 23:08:43, msg=HTTP Negotiate(ntlm) protocol failure on https://cas-scp.mayyhem.com/AdminService/wmi/SMS_Identification?$select=ThisSiteCode,ThisSiteName: HTTPSConnectionPool(host='cas-scp.mayyhem.com', port=443): Max retries exceeded with url: /AdminService/wmi/SMS_Identification?$select=ThisSiteCode,ThisSiteName (Caused by ConnectTimeoutError(<HTTPSConnection(host='cas-scp.mayyhem.com', port=443) at 0x1f60c81f250>, 'Connection to cas-scp.mayyhem.com timed out. (connect timeout=10)'))
VERBOSE  time=2026-08-01 23:08:43, msg=HTTP Negotiate exhausted all rungs (['kerberos', 'ntlm']) on https://cas-scp.mayyhem.com/AdminService/wmi/SMS_Identification?$select=ThisSiteCode,ThisSiteName
VERBOSE  time=2026-08-01 23:08:43, msg=AdminService GET /AdminService/wmi/SMS_Identification?$select=ThisSiteCode,ThisSiteName failed to connect
INFO     time=2026-08-01 23:08:43, msg=[cas-scp.mayyhem.com][AdminService] cas-scp.mayyhem.com is not a reachable AdminService provider; skipping
INFO     time=2026-08-01 23:08:43, msg=[cas-scp.mayyhem.com][WMI] Starting WMI collection on cas-scp.mayyhem.com...
VERBOSE  time=2026-08-01 23:08:43, msg=WMI query on cas-scp.mayyhem.com (root\SMS): SELECT * FROM SMS_ProviderLocation
DEBUG    time=2026-08-01 23:08:43, msg=auth ladder: explicit creds -> Kerberos, NTLM fallback for cas-scp.mayyhem.com
VERBOSE  time=2026-08-01 23:08:43, msg=WMI Kerberos rung on cas-scp.mayyhem.com: no --ticket supplied and no Kerberos credential cache (KRB5CCNAME is unset), so a fresh TGT is requested with the supplied credentials. impacket's 'CCache file is not found' notice is expected here.
VERBOSE  time=2026-08-01 23:08:43, msg=WMI auth attempt on cas-scp.mayyhem.com via kerberos
VERBOSE  time=2026-08-01 23:09:04, msg=WMI kerberos rung failed on cas-scp.mayyhem.com: Could not connect: [WinError 10060] A connection attempt failed because the connected party did not properly respond after a period of time, or established connection failed because connected host has failed to respond
VERBOSE  time=2026-08-01 23:09:04, msg=WMI auth attempt on cas-scp.mayyhem.com via ntlm
VERBOSE  time=2026-08-01 23:09:25, msg=WMI ntlm rung failed on cas-scp.mayyhem.com: Could not connect: [WinError 10060] A connection attempt failed because the connected party did not properly respond after a period of time, or established connection failed because connected host has failed to respond
INFO     time=2026-08-01 23:09:25, msg=[cas-scp.mayyhem.com][WMI] WMI auth ladder exhausted on cas-scp.mayyhem.com (['kerberos', 'ntlm'])
INFO     time=2026-08-01 23:09:25, msg=[cas-scp.mayyhem.com][WMI] WMI SMS_ProviderLocation returned nothing (rung exhausted or not a provider)
INFO     time=2026-08-01 23:09:25, msg=[cas-scp.mayyhem.com][WMI] cas-scp.mayyhem.com is not a reachable SMS Provider over WMI; skipping
INFO     time=2026-08-01 23:09:25, msg=[cas-scp.mayyhem.com][HTTP] Attempting HTTP collection on: cas-scp.mayyhem.com
VERBOSE  time=2026-08-01 23:09:25, msg=Probing MP site signing certificate issuer on: cas-scp.mayyhem.com
VERBOSE  time=2026-08-01 23:09:35, msg=HTTP GET http://cas-scp.mayyhem.com/SMS_MP/.sms_aut?sitesigncert failed (connect): HTTPConnectionPool(host='cas-scp.mayyhem.com', port=80): Max retries exceeded with url: /SMS_MP/.sms_aut?sitesigncert (Caused by ConnectTimeoutError(<HTTPConnection(host='cas-scp.mayyhem.com', port=80) at 0x1f60c4be9c0>, 'Connection to cas-scp.mayyhem.com timed out. (connect timeout=10)'))
VERBOSE  time=2026-08-01 23:09:35, msg=sitesigncert not available via http on cas-scp.mayyhem.com
VERBOSE  time=2026-08-01 23:09:45, msg=HTTP GET https://cas-scp.mayyhem.com/SMS_MP/.sms_aut?sitesigncert failed (connect): HTTPSConnectionPool(host='cas-scp.mayyhem.com', port=443): Max retries exceeded with url: /SMS_MP/.sms_aut?sitesigncert (Caused by ConnectTimeoutError(<HTTPSConnection(host='cas-scp.mayyhem.com', port=443) at 0x1f608337110>, 'Connection to cas-scp.mayyhem.com timed out. (connect timeout=10)'))
VERBOSE  time=2026-08-01 23:09:45, msg=sitesigncert not available via https on cas-scp.mayyhem.com
VERBOSE  time=2026-08-01 23:09:45, msg=No Site Server issuer detected via sitesigncert on cas-scp.mayyhem.com
VERBOSE  time=2026-08-01 23:09:45, msg=Trying connections via http
VERBOSE  time=2026-08-01 23:09:45, msg=Testing management point endpoint: http://cas-scp.mayyhem.com/SMS_MP/.sms_aut?MPKEYINFORMATION
VERBOSE  time=2026-08-01 23:09:55, msg=HTTP GET http://cas-scp.mayyhem.com/SMS_MP/.sms_aut?MPKEYINFORMATION failed (connect): HTTPConnectionPool(host='cas-scp.mayyhem.com', port=80): Max retries exceeded with url: /SMS_MP/.sms_aut?MPKEYINFORMATION (Caused by ConnectTimeoutError(<HTTPConnection(host='cas-scp.mayyhem.com', port=80) at 0x1f60c396f10>, 'Connection to cas-scp.mayyhem.com timed out. (connect timeout=10)'))
WARNING  time=2026-08-01 23:09:55, msg=[cas-scp.mayyhem.com][HTTP] Unable to connect to http://cas-scp.mayyhem.com/SMS_MP/.sms_aut?MPKEYINFORMATION (connect) - skipping remaining HTTP checks
VERBOSE  time=2026-08-01 23:09:55, msg=Testing SMS Provider endpoint: https://cas-scp.mayyhem.com/AdminService/wmi/SMS_Identification
VERBOSE  time=2026-08-01 23:10:05, msg=HTTP GET https://cas-scp.mayyhem.com/AdminService/wmi/SMS_Identification failed (connect): HTTPSConnectionPool(host='cas-scp.mayyhem.com', port=443): Max retries exceeded with url: /AdminService/wmi/SMS_Identification (Caused by ConnectTimeoutError(<HTTPSConnection(host='cas-scp.mayyhem.com', port=443) at 0x1f60c81d090>, 'Connection to cas-scp.mayyhem.com timed out. (connect timeout=10)'))
WARNING  time=2026-08-01 23:10:05, msg=[cas-scp.mayyhem.com][HTTP] Unable to connect to https://cas-scp.mayyhem.com/AdminService/wmi/SMS_Identification (connect) - skipping remaining HTTP checks
INFO     time=2026-08-01 23:10:05, msg=[cas-scp.mayyhem.com][HTTP] HTTP collection completed for cas-scp.mayyhem.com
INFO     time=2026-08-01 23:10:05, msg=[cas-scp.mayyhem.com][SMB] Starting SMB collection on cas-scp.mayyhem.com
INFO     time=2026-08-01 23:10:05, msg=[cas-scp.mayyhem.com][SMB] Checking SMB signing requirement on cas-scp.mayyhem.com
VERBOSE  time=2026-08-01 23:10:07, msg=SMB2 negotiate for signing check failed on cas-scp.mayyhem.com: timed out
INFO     time=2026-08-01 23:10:07, msg=[cas-scp.mayyhem.com][SMB] Could not determine SMB signing requirement on cas-scp.mayyhem.com; skipping share enumeration
INFO     time=2026-08-01 23:10:07, msg=[cas-scp.mayyhem.com][SMB] SMB collection completed for cas-scp.mayyhem.com

========================================================================
# __root__
========================================================================
INFO     time=2026-08-01 23:07:14, msg=--clean: C:\Users\domainadmin\Desktop\ConfigManBearPig\out\ab-lowpriv-pe-off holds no previous collection artifacts; nothing to remove
DEBUG    time=2026-08-01 23:07:14, msg=socks_proxy_installed: no proxy; running direct
DEBUG    time=2026-08-01 23:07:16, msg=Progress output disabled (--progress off); using dlt NULL_COLLECTOR
INFO     time=2026-08-01 23:07:17, msg=Starting collector 'sccm'
DEBUG    time=2026-08-01 23:07:27, msg=StreamBridge created with 38 table queue(s) (maxsize=1000)
DEBUG    time=2026-08-01 23:07:27, msg=Raised EXTRACT workers to 40 for 38 table(s)
DEBUG    time=2026-08-01 23:10:07, msg=Stream 'remoteregistry_sites' received DONE; closing emit resource
DEBUG    time=2026-08-01 23:10:07, msg=Stream 'remoteregistry_computers' received DONE; closing emit resource
DEBUG    time=2026-08-01 23:10:07, msg=Stream 'remoteregistry_users' received DONE; closing emit resource
DEBUG    time=2026-08-01 23:10:07, msg=Stream 'mssql_server_instances' received DONE; closing emit resource
DEBUG    time=2026-08-01 23:10:07, msg=Stream 'remoteregistry_mssql_servers' received DONE; closing emit resource
DEBUG    time=2026-08-01 23:10:07, msg=Stream 'adminservice_sites' received DONE; closing emit resource
DEBUG    time=2026-08-01 23:10:07, msg=Stream 'adminservice_site_definitions' received DONE; closing emit resource
DEBUG    time=2026-08-01 23:10:07, msg=Stream 'adminservice_site_definitions_computers' received DONE; closing emit resource
DEBUG    time=2026-08-01 23:10:07, msg=Stream 'adminservice_client_devices' received DONE; closing emit resource
DEBUG    time=2026-08-01 23:10:07, msg=Stream 'adminservice_r_user' received DONE; closing emit resource
DEBUG    time=2026-08-01 23:10:07, msg=Stream 'adminservice_reserved_accounts' received DONE; closing emit resource
DEBUG    time=2026-08-01 23:10:07, msg=Stream 'adminservice_r_system' received DONE; closing emit resource
DEBUG    time=2026-08-01 23:10:07, msg=Stream 'adminservice_user_group' received DONE; closing emit resource
DEBUG    time=2026-08-01 23:10:07, msg=Stream 'adminservice_collections' received DONE; closing emit resource
DEBUG    time=2026-08-01 23:10:07, msg=Stream 'adminservice_security_roles' received DONE; closing emit resource
DEBUG    time=2026-08-01 23:10:07, msg=Stream 'adminservice_collection_members' received DONE; closing emit resource
DEBUG    time=2026-08-01 23:10:07, msg=Stream 'adminservice_site_systems' received DONE; closing emit resource
DEBUG    time=2026-08-01 23:10:07, msg=Stream 'wmi_sites' received DONE; closing emit resource
DEBUG    time=2026-08-01 23:10:07, msg=Stream 'adminservice_admins' received DONE; closing emit resource
DEBUG    time=2026-08-01 23:10:07, msg=Stream 'wmi_site_definitions' received DONE; closing emit resource
DEBUG    time=2026-08-01 23:10:07, msg=Stream 'wmi_site_definitions_computers' received DONE; closing emit resource
DEBUG    time=2026-08-01 23:10:07, msg=Stream 'wmi_reserved_accounts' received DONE; closing emit resource
DEBUG    time=2026-08-01 23:10:07, msg=Stream 'wmi_client_devices' received DONE; closing emit resource
DEBUG    time=2026-08-01 23:10:07, msg=Stream 'wmi_r_system' received DONE; closing emit resource
DEBUG    time=2026-08-01 23:10:07, msg=Stream 'wmi_r_user' received DONE; closing emit resource
DEBUG    time=2026-08-01 23:10:07, msg=Stream 'wmi_user_group' received DONE; closing emit resource
DEBUG    time=2026-08-01 23:10:07, msg=Stream 'wmi_collections' received DONE; closing emit resource
DEBUG    time=2026-08-01 23:10:07, msg=Stream 'wmi_collection_members' received DONE; closing emit resource
DEBUG    time=2026-08-01 23:10:07, msg=Stream 'wmi_security_roles' received DONE; closing emit resource
DEBUG    time=2026-08-01 23:10:07, msg=Stream 'wmi_admins' received DONE; closing emit resource
DEBUG    time=2026-08-01 23:10:07, msg=Stream 'wmi_site_systems' received DONE; closing emit resource
DEBUG    time=2026-08-01 23:10:07, msg=Stream 'http_distribution_points' received DONE; closing emit resource
DEBUG    time=2026-08-01 23:10:07, msg=Stream 'http_management_points' received DONE; closing emit resource
DEBUG    time=2026-08-01 23:10:07, msg=Stream 'http_smsproviders' received DONE; closing emit resource
DEBUG    time=2026-08-01 23:10:07, msg=Stream 'http_site_servers' received DONE; closing emit resource
DEBUG    time=2026-08-01 23:10:07, msg=Stream 'http_site_versions' received DONE; closing emit resource
DEBUG    time=2026-08-01 23:10:07, msg=Stream 'smb_computers' received DONE; closing emit resource
DEBUG    time=2026-08-01 23:10:07, msg=Stream 'smb_sites' received DONE; closing emit resource
DEBUG    time=2026-08-01 23:10:08, msg=Restored EXTRACT worker environment after run
INFO     time=2026-08-01 23:10:08, msg=Collection complete.
INFO     time=2026-08-01 23:10:08, msg=Raw output directory: C:\Users\domainadmin\Desktop\ConfigManBearPig\out\ab-lowpriv-pe-off
INFO     time=2026-08-01 23:10:08, msg=Extracted 107 rows across 24 resources:
INFO     time=2026-08-01 23:10:08, msg=    remoteregistry_computers                 22
INFO     time=2026-08-01 23:10:08, msg=    ldap_cmrc_devices                        14
INFO     time=2026-08-01 23:10:08, msg=    smb_computers                            14
INFO     time=2026-08-01 23:10:08, msg=    ldap_smc_group_members                   9
INFO     time=2026-08-01 23:10:08, msg=    http_management_points                   5
INFO     time=2026-08-01 23:10:08, msg=    ldap_system_management_dacl              5
INFO     time=2026-08-01 23:10:08, msg=    smb_sites                                5
INFO     time=2026-08-01 23:10:08, msg=    http_smsproviders                        4
INFO     time=2026-08-01 23:10:08, msg=    remoteregistry_sites                     4
INFO     time=2026-08-01 23:10:08, msg=    remoteregistry_users                     4
INFO     time=2026-08-01 23:10:08, msg=    mssql_server_instances                   3
INFO     time=2026-08-01 23:10:08, msg=    http_distribution_points                 2
INFO     time=2026-08-01 23:10:08, msg=    http_site_servers                        2
INFO     time=2026-08-01 23:10:08, msg=    http_site_versions                       2
INFO     time=2026-08-01 23:10:08, msg=    ldap_sites                               2
INFO     time=2026-08-01 23:10:08, msg=    local_client_logs_targets                2
INFO     time=2026-08-01 23:10:08, msg=    collection_settings                      1
INFO     time=2026-08-01 23:10:08, msg=    dns_management_points                    1
INFO     time=2026-08-01 23:10:08, msg=    ldap_management_points_raw               1
INFO     time=2026-08-01 23:10:08, msg=    ldap_network_boot_servers                1
INFO     time=2026-08-01 23:10:08, msg=    ldap_pattern_matches                     1
INFO     time=2026-08-01 23:10:08, msg=    local_wmi_ccm_client                     1
INFO     time=2026-08-01 23:10:08, msg=    local_wmi_sms_authority                  1
INFO     time=2026-08-01 23:10:08, msg=    local_wmi_sms_lookupmp                   1
DEBUG    time=2026-08-01 23:10:08, msg=No orphan table folders under C:\Users\domainadmin\Desktop\ConfigManBearPig\out\ab-lowpriv-pe-off\sccm
INFO     time=2026-08-01 23:10:08, msg=--run-all set: preprocess and convert will run automatically next.
